{
  "type": "FeatureCollection",
  "features": [
    {
      "type": "Feature",
      "properties": {
        "ward_no": 37,
        "ward_name": "Ward 37",
        "zone": "A",
        "area_sq_km": 0.776,
        "centroid": [
          75.877099,
          30.857388
        ]
      },
      "geometry": {
        "type": "Polygon",
        "coordinates": [
          [
            [
              75.878924,
              30.860762
            ],
            [
              75.878982,
              30.860668
            ],
            [
              75.879084,
              30.860534
            ],
            [
              75.879318,
              30.860238
            ],
            [
              75.87959,
              30.859863
            ],
            [
              75.879816,
              30.859574
            ],
            [
              75.879997,
              30.859306
            ],
            [
              75.880161,
              30.859057
            ],
            [
              75.880516,
              30.859059
            ],
            [
              75.881003,
              30.859064
            ],
            [
              75.881498,
              30.859064
            ],
            [
              75.881872,
              30.859047
            ],
            [
              75.881975,
              30.859062
            ],
            [
              75.882527,
              30.859066
            ],
            [
              75.882838,
              30.859078
            ],
            [
              75.883104,
              30.859063
            ],
            [
              75.883105,
              30.858874
            ],
            [
              75.883111,
              30.858548
            ],
            [
              75.883117,
              30.858203
            ],
            [
              75.882406,
              30.858195
            ],
            [
              75.881751,
              30.858194
            ],
            [
              75.881104,
              30.8582
            ],
            [
              75.881113,
              30.8578
            ],
            [
              75.881098,
              30.857277
            ],
            [
              75.881082,
              30.856434
            ],
            [
              75.881054,
              30.856214
            ],
            [
              75.881036,
              30.855475
            ],
            [
              75.880364,
              30.855474
            ],
            [
              75.879619,
              30.855453
            ],
            [
              75.878552,
              30.855469
            ],
            [
              75.878551,
              30.854656
            ],
            [
              75.878542,
              30.854586
            ],
            [
              75.878554,
              30.853843
            ],
            [
              75.878563,
              30.853226
            ],
            [
              75.878579,
              30.852569
            ],
            [
              75.878546,
              30.852097
            ],
            [
              75.878582,
              30.851473
            ],
            [
              75.878599,
              30.850918
            ],
            [
              75.8781,
              30.850949
            ],
            [
              75.877598,
              30.850914
            ],
            [
              75.877188,
              30.850916
            ],
            [
              75.876355,
              30.850903
            ],
            [
              75.875654,
              30.850905
            ],
            [
              75.875257,
              30.851263
            ],
            [
              75.874606,
              30.851834
            ],
            [
              75.873889,
              30.852471
            ],
            [
              75.873069,
              30.853178
            ],
            [
              75.872278,
              30.853865
            ],
            [
              75.871411,
              30.854643
            ],
            [
              75.870866,
              30.855134
            ],
            [
              75.87027,
              30.855646
            ],
            [
              75.869667,
              30.856175
            ],
            [
              75.869259,
              30.856534
            ],
            [
              75.869209,
              30.856577
            ],
            [
              75.870185,
              30.856508
            ],
            [
              75.871479,
              30.856502
            ],
            [
              75.872075,
              30.856489
            ],
            [
              75.872459,
              30.856462
            ],
            [
              75.872477,
              30.856941
            ],
            [
              75.872501,
              30.85782
            ],
            [
              75.872522,
              30.858553
            ],
            [
              75.872556,
              30.859428
            ],
            [
              75.872687,
              30.85942
            ],
            [
              75.872686,
              30.86012
            ],
            [
              75.872685,
              30.86061
            ],
            [
              75.872676,
              30.861042
            ],
            [
              75.873473,
              30.860989
            ],
            [
              75.873891,
              30.860988
            ],
            [
              75.874381,
              30.860967
            ],
            [
              75.874684,
              30.860953
            ],
            [
              75.87489,
              30.860963
            ],
            [
              75.875328,
              30.860962
            ],
            [
              75.875823,
              30.860935
            ],
            [
              75.876307,
              30.860921
            ],
            [
              75.876669,
              30.860906
            ],
            [
              75.877014,
              30.860911
            ],
            [
              75.877215,
              30.860897
            ],
            [
              75.877473,
              30.860915
            ],
            [
              75.877824,
              30.860912
            ],
            [
              75.878097,
              30.860918
            ],
            [
              75.878526,
              30.860919
            ],
            [
              75.878832,
              30.860913
            ],
            [
              75.878924,
              30.860762
            ]
          ]
        ]
      }
    },
    {
      "type": "Feature",
      "properties": {
        "ward_no": 36,
        "ward_name": "Ward 36",
        "zone": "A",
        "area_sq_km": 1.219,
        "centroid": [
          75.88563,
          30.856539
        ]
      },
      "geometry": {
        "type": "Polygon",
        "coordinates": [
          [
            [
              75.8855,
              30.861589
            ],
            [
              75.885487,
              30.861381
            ],
            [
              75.885459,
              30.861116
            ],
            [
              75.885432,
              30.860739
            ],
            [
              75.8854,
              30.860338
            ],
            [
              75.885369,
              30.859927
            ],
            [
              75.88534,
              30.85958
            ],
            [
              75.885329,
              30.859198
            ],
            [
              75.885307,
              30.858728
            ],
            [
              75.886021,
              30.85863
            ],
            [
              75.886756,
              30.858501
            ],
            [
              75.886731,
              30.858014
            ],
            [
              75.886719,
              30.857649
            ],
            [
              75.886704,
              30.85716
            ],
            [
              75.886704,
              30.856644
            ],
            [
              75.88671,
              30.856167
            ],
            [
              75.886687,
              30.855504
            ],
            [
              75.887118,
              30.855503
            ],
            [
              75.887462,
              30.855507
            ],
            [
              75.887736,
              30.855504
            ],
            [
              75.888096,
              30.855484
            ],
            [
              75.888544,
              30.855491
            ],
            [
              75.889364,
              30.855488
            ],
            [
              75.889844,
              30.855482
            ],
            [
              75.890323,
              30.855482
            ],
            [
              75.890327,
              30.855943
            ],
            [
              75.89035,
              30.856237
            ],
            [
              75.890357,
              30.85643
            ],
            [
              75.89072,
              30.85643
            ],
            [
              75.891125,
              30.856403
            ],
            [
              75.891546,
              30.856415
            ],
            [
              75.891765,
              30.856424
            ],
            [
              75.891838,
              30.8564
            ],
            [
              75.892388,
              30.856384
            ],
            [
              75.892449,
              30.856381
            ],
            [
              75.892449,
              30.856537
            ],
            [
              75.89292,
              30.856531
            ],
            [
              75.893457,
              30.856535
            ],
            [
              75.893898,
              30.856545
            ],
            [
              75.894736,
              30.856558
            ],
            [
              75.895081,
              30.856579
            ],
            [
              75.895109,
              30.856374
            ],
            [
              75.895588,
              30.856353
            ],
            [
              75.89558,
              30.85583
            ],
            [
              75.895588,
              30.855223
            ],
            [
              75.895603,
              30.854342
            ],
            [
              75.895591,
              30.853598
            ],
            [
              75.8956,
              30.853052
            ],
            [
              75.895603,
              30.852064
            ],
            [
              75.895597,
              30.851482
            ],
            [
              75.895601,
              30.850912
            ],
            [
              75.894918,
              30.850891
            ],
            [
              75.89454,
              30.850878
            ],
            [
              75.893688,
              30.850879
            ],
            [
              75.892675,
              30.850882
            ],
            [
              75.891577,
              30.850868
            ],
            [
              75.890444,
              30.850902
            ],
            [
              75.889407,
              30.8509
            ],
            [
              75.888188,
              30.850902
            ],
            [
              75.886896,
              30.850897
            ],
            [
              75.885977,
              30.850879
            ],
            [
              75.884713,
              30.850906
            ],
            [
              75.883744,
              30.8509
            ],
            [
              75.882692,
              30.850904
            ],
            [
              75.881776,
              30.850894
            ],
            [
              75.880907,
              30.850895
            ],
            [
              75.880047,
              30.850913
            ],
            [
              75.879265,
              30.850913
            ],
            [
              75.878736,
              30.85091
            ],
            [
              75.878599,
              30.850918
            ],
            [
              75.878582,
              30.851473
            ],
            [
              75.878546,
              30.852097
            ],
            [
              75.878579,
              30.852569
            ],
            [
              75.878563,
              30.853226
            ],
            [
              75.878554,
              30.853843
            ],
            [
              75.878542,
              30.854586
            ],
            [
              75.878551,
              30.854656
            ],
            [
              75.878552,
              30.855469
            ],
            [
              75.879619,
              30.855453
            ],
            [
              75.880364,
              30.855474
            ],
            [
              75.881036,
              30.855475
            ],
            [
              75.881054,
              30.856214
            ],
            [
              75.881082,
              30.856434
            ],
            [
              75.881098,
              30.857277
            ],
            [
              75.881113,
              30.8578
            ],
            [
              75.881104,
              30.8582
            ],
            [
              75.881751,
              30.858194
            ],
            [
              75.882406,
              30.858195
            ],
            [
              75.883117,
              30.858203
            ],
            [
              75.883111,
              30.858548
            ],
            [
              75.883105,
              30.858874
            ],
            [
              75.883104,
              30.859063
            ],
            [
              75.882838,
              30.859078
            ],
            [
              75.882527,
              30.859066
            ],
            [
              75.881975,
              30.859062
            ],
            [
              75.881872,
              30.859047
            ],
            [
              75.881498,
              30.859064
            ],
            [
              75.881003,
              30.859064
            ],
            [
              75.880516,
              30.859059
            ],
            [
              75.880161,
              30.859057
            ],
            [
              75.879997,
              30.859306
            ],
            [
              75.879816,
              30.859574
            ],
            [
              75.87959,
              30.859863
            ],
            [
              75.879318,
              30.860238
            ],
            [
              75.879084,
              30.860534
            ],
            [
              75.878982,
              30.860668
            ],
            [
              75.878924,
              30.860762
            ],
            [
              75.879366,
              30.860744
            ],
            [
              75.879595,
              30.860745
            ],
            [
              75.879915,
              30.86075
            ],
            [
              75.880276,
              30.86074
            ],
            [
              75.880491,
              30.860747
            ],
            [
              75.880481,
              30.861284
            ],
            [
              75.880483,
              30.861573
            ],
            [
              75.880984,
              30.861571
            ],
            [
              75.881766,
              30.861565
            ],
            [
              75.882401,
              30.861543
            ],
            [
              75.883204,
              30.861567
            ],
            [
              75.883587,
              30.86157
            ],
            [
              75.884177,
              30.861564
            ],
            [
              75.885233,
              30.8616
            ],
            [
              75.8855,
              30.861589
            ]
          ]
        ]
      }
    },
    {
      "type": "Feature",
      "properties": {
        "ward_no": 38,
        "ward_name": "Ward 38",
        "zone": "A",
        "area_sq_km": 1.996,
        "centroid": [
          75.8753,
          30.852879
        ]
      },
      "geometry": {
        "type": "Polygon",
        "coordinates": [
          [
            [
              75.866525,
              30.858946
            ],
            [
              75.866693,
              30.858796
            ],
            [
              75.867295,
              30.858257
            ],
            [
              75.867886,
              30.85774
            ],
            [
              75.868545,
              30.857156
            ],
            [
              75.869209,
              30.856577
            ],
            [
              75.869259,
              30.856534
            ],
            [
              75.869667,
              30.856175
            ],
            [
              75.87027,
              30.855646
            ],
            [
              75.870866,
              30.855134
            ],
            [
              75.871411,
              30.854643
            ],
            [
              75.872278,
              30.853865
            ],
            [
              75.873069,
              30.853178
            ],
            [
              75.873889,
              30.852471
            ],
            [
              75.874606,
              30.851834
            ],
            [
              75.875257,
              30.851263
            ],
            [
              75.875654,
              30.850905
            ],
            [
              75.876355,
              30.850903
            ],
            [
              75.877188,
              30.850916
            ],
            [
              75.877598,
              30.850914
            ],
            [
              75.8781,
              30.850949
            ],
            [
              75.878599,
              30.850918
            ],
            [
              75.878736,
              30.85091
            ],
            [
              75.879265,
              30.850913
            ],
            [
              75.880047,
              30.850913
            ],
            [
              75.880907,
              30.850895
            ],
            [
              75.881776,
              30.850894
            ],
            [
              75.882692,
              30.850904
            ],
            [
              75.883744,
              30.8509
            ],
            [
              75.884713,
              30.850906
            ],
            [
              75.885977,
              30.850879
            ],
            [
              75.886896,
              30.850897
            ],
            [
              75.888188,
              30.850902
            ],
            [
              75.889407,
              30.8509
            ],
            [
              75.890444,
              30.850902
            ],
            [
              75.891577,
              30.850868
            ],
            [
              75.892675,
              30.850882
            ],
            [
              75.893688,
              30.850879
            ],
            [
              75.89454,
              30.850878
            ],
            [
              75.894532,
              30.850319
            ],
            [
              75.894535,
              30.849975
            ],
            [
              75.894526,
              30.849425
            ],
            [
              75.894529,
              30.848679
            ],
            [
              75.894507,
              30.848189
            ],
            [
              75.893434,
              30.848178
            ],
            [
              75.8928,
              30.848165
            ],
            [
              75.891973,
              30.848183
            ],
            [
              75.891397,
              30.848175
            ],
            [
              75.890637,
              30.848167
            ],
            [
              75.890025,
              30.848175
            ],
            [
              75.889291,
              30.84818
            ],
            [
              75.88929,
              30.848399
            ],
            [
              75.888756,
              30.848398
            ],
            [
              75.88822,
              30.848396
            ],
            [
              75.88779,
              30.848191
            ],
            [
              75.887154,
              30.847858
            ],
            [
              75.886797,
              30.847642
            ],
            [
              75.886353,
              30.847416
            ],
            [
              75.885887,
              30.847197
            ],
            [
              75.885485,
              30.847759
            ],
            [
              75.885177,
              30.848201
            ],
            [
              75.885029,
              30.848184
            ],
            [
              75.884726,
              30.848168
            ],
            [
              75.88424,
              30.848164
            ],
            [
              75.883342,
              30.84818
            ],
            [
              75.882516,
              30.848187
            ],
            [
              75.881509,
              30.848176
            ],
            [
              75.88094,
              30.848176
            ],
            [
              75.880393,
              30.848174
            ],
            [
              75.879799,
              30.848165
            ],
            [
              75.879671,
              30.848114
            ],
            [
              75.879321,
              30.847701
            ],
            [
              75.879301,
              30.847677
            ],
            [
              75.87929,
              30.847665
            ],
            [
              75.879218,
              30.84758
            ],
            [
              75.878415,
              30.847226
            ],
            [
              75.877172,
              30.846494
            ],
            [
              75.875425,
              30.84566
            ],
            [
              75.872923,
              30.844361
            ],
            [
              75.872032,
              30.843504
            ],
            [
              75.872018,
              30.843491
            ],
            [
              75.872005,
              30.843486
            ],
            [
              75.871983,
              30.843477
            ],
            [
              75.871896,
              30.843444
            ],
            [
              75.871045,
              30.845182
            ],
            [
              75.869976,
              30.84738
            ],
            [
              75.869158,
              30.848708
            ],
            [
              75.868814,
              30.849092
            ],
            [
              75.868674,
              30.849222
            ],
            [
              75.868417,
              30.84946
            ],
            [
              75.868102,
              30.849737
            ],
            [
              75.862751,
              30.854556
            ],
            [
              75.859551,
              30.857291
            ],
            [
              75.85954,
              30.857435
            ],
            [
              75.859535,
              30.857722
            ],
            [
              75.859534,
              30.857765
            ],
            [
              75.859519,
              30.858155
            ],
            [
              75.859487,
              30.858871
            ],
            [
              75.859499,
              30.85931
            ],
            [
              75.859459,
              30.859853
            ],
            [
              75.859441,
              30.860443
            ],
            [
              75.859432,
              30.860992
            ],
            [
              75.859408,
              30.861568
            ],
            [
              75.859375,
              30.862502
            ],
            [
              75.859353,
              30.862888
            ],
            [
              75.859323,
              30.863673
            ],
            [
              75.859307,
              30.864204
            ],
            [
              75.859283,
              30.864841
            ],
            [
              75.85925,
              30.865358
            ],
            [
              75.859533,
              30.865113
            ],
            [
              75.860115,
              30.864607
            ],
            [
              75.860997,
              30.863823
            ],
            [
              75.861684,
              30.863227
            ],
            [
              75.861916,
              30.863023
            ],
            [
              75.862234,
              30.862735
            ],
            [
              75.862634,
              30.862377
            ],
            [
              75.863269,
              30.861805
            ],
            [
              75.863703,
              30.861423
            ],
            [
              75.86412,
              30.861065
            ],
            [
              75.864505,
              30.860737
            ],
            [
              75.864863,
              30.860435
            ],
            [
              75.865338,
              30.860019
            ],
            [
              75.865767,
              30.859622
            ],
            [
              75.866347,
              30.859105
            ],
            [
              75.866525,
              30.858946
            ]
          ]
        ]
      }
    },
    {
      "type": "Feature",
      "properties": {
        "ward_no": 39,
        "ward_name": "Ward 39",
        "zone": "A",
        "area_sq_km": 0.938,
        "centroid": [
          75.874232,
          30.86227
        ]
      },
      "geometry": {
        "type": "Polygon",
        "coordinates": [
          [
            [
              75.880483,
              30.861573
            ],
            [
              75.880481,
              30.861284
            ],
            [
              75.880491,
              30.860747
            ],
            [
              75.880276,
              30.86074
            ],
            [
              75.879915,
              30.86075
            ],
            [
              75.879595,
              30.860745
            ],
            [
              75.879366,
              30.860744
            ],
            [
              75.878924,
              30.860762
            ],
            [
              75.878832,
              30.860913
            ],
            [
              75.878526,
              30.860919
            ],
            [
              75.878097,
              30.860918
            ],
            [
              75.877824,
              30.860912
            ],
            [
              75.877473,
              30.860915
            ],
            [
              75.877215,
              30.860897
            ],
            [
              75.877014,
              30.860911
            ],
            [
              75.876669,
              30.860906
            ],
            [
              75.876307,
              30.860921
            ],
            [
              75.875823,
              30.860935
            ],
            [
              75.875328,
              30.860962
            ],
            [
              75.87489,
              30.860963
            ],
            [
              75.874684,
              30.860953
            ],
            [
              75.874381,
              30.860967
            ],
            [
              75.873891,
              30.860988
            ],
            [
              75.873473,
              30.860989
            ],
            [
              75.872676,
              30.861042
            ],
            [
              75.872685,
              30.86061
            ],
            [
              75.872686,
              30.86012
            ],
            [
              75.872687,
              30.85942
            ],
            [
              75.872556,
              30.859428
            ],
            [
              75.872522,
              30.858553
            ],
            [
              75.872501,
              30.85782
            ],
            [
              75.872477,
              30.856941
            ],
            [
              75.872459,
              30.856462
            ],
            [
              75.872075,
              30.856489
            ],
            [
              75.871479,
              30.856502
            ],
            [
              75.870185,
              30.856508
            ],
            [
              75.869209,
              30.856577
            ],
            [
              75.868545,
              30.857156
            ],
            [
              75.867886,
              30.85774
            ],
            [
              75.867295,
              30.858257
            ],
            [
              75.866693,
              30.858796
            ],
            [
              75.866525,
              30.858946
            ],
            [
              75.866542,
              30.859501
            ],
            [
              75.866561,
              30.860067
            ],
            [
              75.866587,
              30.860867
            ],
            [
              75.866624,
              30.86163
            ],
            [
              75.866688,
              30.862461
            ],
            [
              75.866705,
              30.862981
            ],
            [
              75.866679,
              30.863454
            ],
            [
              75.866691,
              30.863979
            ],
            [
              75.866691,
              30.864429
            ],
            [
              75.8667,
              30.864861
            ],
            [
              75.866721,
              30.865373
            ],
            [
              75.866738,
              30.865681
            ],
            [
              75.867291,
              30.865676
            ],
            [
              75.867877,
              30.865666
            ],
            [
              75.868522,
              30.865665
            ],
            [
              75.869172,
              30.865649
            ],
            [
              75.869873,
              30.865631
            ],
            [
              75.870449,
              30.865612
            ],
            [
              75.871219,
              30.865593
            ],
            [
              75.871862,
              30.865578
            ],
            [
              75.872648,
              30.865562
            ],
            [
              75.873273,
              30.865548
            ],
            [
              75.873784,
              30.865534
            ],
            [
              75.874509,
              30.865507
            ],
            [
              75.875128,
              30.865505
            ],
            [
              75.875311,
              30.865507
            ],
            [
              75.875722,
              30.865518
            ],
            [
              75.876149,
              30.865521
            ],
            [
              75.87646,
              30.865524
            ],
            [
              75.876442,
              30.865786
            ],
            [
              75.876904,
              30.865792
            ],
            [
              75.877598,
              30.865811
            ],
            [
              75.878342,
              30.865841
            ],
            [
              75.878851,
              30.865855
            ],
            [
              75.87927,
              30.865852
            ],
            [
              75.879884,
              30.86588
            ],
            [
              75.880351,
              30.865901
            ],
            [
              75.880362,
              30.865572
            ],
            [
              75.880387,
              30.865038
            ],
            [
              75.880396,
              30.86467
            ],
            [
              75.880423,
              30.864252
            ],
            [
              75.880437,
              30.86394
            ],
            [
              75.880453,
              30.863605
            ],
            [
              75.880435,
              30.863252
            ],
            [
              75.880434,
              30.862668
            ],
            [
              75.880458,
              30.862045
            ],
            [
              75.880477,
              30.861834
            ],
            [
              75.880484,
              30.8616
            ],
            [
              75.880483,
              30.861573
            ]
          ]
        ]
      }
    },
    {
      "type": "Feature",
      "properties": {
        "ward_no": 33,
        "ward_name": "Ward 33",
        "zone": "A",
        "area_sq_km": 6.672,
        "centroid": [
          75.900958,
          30.854472
        ]
      },
      "geometry": {
        "type": "Polygon",
        "coordinates": [
          [
            [
              75.92779,
              30.851529
            ],
            [
              75.924575,
              30.847571
            ],
            [
              75.92293,
              30.848605
            ],
            [
              75.921708,
              30.84717
            ],
            [
              75.918056,
              30.846076
            ],
            [
              75.917896,
              30.846066
            ],
            [
              75.911838,
              30.846147
            ],
            [
              75.90723,
              30.841683
            ],
            [
              75.907191,
              30.84162
            ],
            [
              75.907069,
              30.84163
            ],
            [
              75.904189,
              30.841657
            ],
            [
              75.904125,
              30.841633
            ],
            [
              75.900622,
              30.839022
            ],
            [
              75.900034,
              30.838527
            ],
            [
              75.899992,
              30.838246
            ],
            [
              75.898054,
              30.836579
            ],
            [
              75.896403,
              30.835121
            ],
            [
              75.895408,
              30.834266
            ],
            [
              75.891276,
              30.83798
            ],
            [
              75.88808,
              30.840726
            ],
            [
              75.883967,
              30.844382
            ],
            [
              75.882366,
              30.845802
            ],
            [
              75.881629,
              30.846433
            ],
            [
              75.880566,
              30.847336
            ],
            [
              75.879774,
              30.848009
            ],
            [
              75.879683,
              30.848101
            ],
            [
              75.879671,
              30.848114
            ],
            [
              75.879799,
              30.848165
            ],
            [
              75.880393,
              30.848174
            ],
            [
              75.88094,
              30.848176
            ],
            [
              75.881509,
              30.848176
            ],
            [
              75.882516,
              30.848187
            ],
            [
              75.883342,
              30.84818
            ],
            [
              75.88424,
              30.848164
            ],
            [
              75.884726,
              30.848168
            ],
            [
              75.885029,
              30.848184
            ],
            [
              75.885177,
              30.848201
            ],
            [
              75.885485,
              30.847759
            ],
            [
              75.885887,
              30.847197
            ],
            [
              75.886353,
              30.847416
            ],
            [
              75.886797,
              30.847642
            ],
            [
              75.887154,
              30.847858
            ],
            [
              75.88779,
              30.848191
            ],
            [
              75.88822,
              30.848396
            ],
            [
              75.888756,
              30.848398
            ],
            [
              75.88929,
              30.848399
            ],
            [
              75.889291,
              30.84818
            ],
            [
              75.890025,
              30.848175
            ],
            [
              75.890637,
              30.848167
            ],
            [
              75.891397,
              30.848175
            ],
            [
              75.891973,
              30.848183
            ],
            [
              75.8928,
              30.848165
            ],
            [
              75.893434,
              30.848178
            ],
            [
              75.894507,
              30.848189
            ],
            [
              75.894529,
              30.848679
            ],
            [
              75.894526,
              30.849425
            ],
            [
              75.894535,
              30.849975
            ],
            [
              75.894532,
              30.850319
            ],
            [
              75.89454,
              30.850878
            ],
            [
              75.894918,
              30.850891
            ],
            [
              75.895601,
              30.850912
            ],
            [
              75.895597,
              30.851482
            ],
            [
              75.895603,
              30.852064
            ],
            [
              75.8956,
              30.853052
            ],
            [
              75.895591,
              30.853598
            ],
            [
              75.895603,
              30.854342
            ],
            [
              75.895588,
              30.855223
            ],
            [
              75.89558,
              30.85583
            ],
            [
              75.895588,
              30.856353
            ],
            [
              75.895109,
              30.856374
            ],
            [
              75.895081,
              30.856579
            ],
            [
              75.895061,
              30.856729
            ],
            [
              75.895001,
              30.856991
            ],
            [
              75.894953,
              30.857215
            ],
            [
              75.894905,
              30.857493
            ],
            [
              75.894886,
              30.85769
            ],
            [
              75.894935,
              30.858329
            ],
            [
              75.894974,
              30.858973
            ],
            [
              75.895038,
              30.859821
            ],
            [
              75.895077,
              30.860349
            ],
            [
              75.895155,
              30.861083
            ],
            [
              75.89523,
              30.861601
            ],
            [
              75.89528,
              30.862003
            ],
            [
              75.896075,
              30.861983
            ],
            [
              75.897213,
              30.861949
            ],
            [
              75.897226,
              30.862313
            ],
            [
              75.897643,
              30.862313
            ],
            [
              75.898222,
              30.862272
            ],
            [
              75.898497,
              30.862224
            ],
            [
              75.898819,
              30.862195
            ],
            [
              75.900411,
              30.862178
            ],
            [
              75.900407,
              30.862743
            ],
            [
              75.900466,
              30.862744
            ],
            [
              75.900479,
              30.864044
            ],
            [
              75.900124,
              30.864039
            ],
            [
              75.900131,
              30.865427
            ],
            [
              75.900156,
              30.865429
            ],
            [
              75.900169,
              30.866313
            ],
            [
              75.900216,
              30.867435
            ],
            [
              75.900237,
              30.868115
            ],
            [
              75.900254,
              30.868579
            ],
            [
              75.900732,
              30.868572
            ],
            [
              75.901437,
              30.868533
            ],
            [
              75.90208,
              30.868512
            ],
            [
              75.903149,
              30.868494
            ],
            [
              75.903914,
              30.868464
            ],
            [
              75.904188,
              30.868088
            ],
            [
              75.904581,
              30.867548
            ],
            [
              75.905027,
              30.866902
            ],
            [
              75.905419,
              30.866298
            ],
            [
              75.905842,
              30.865694
            ],
            [
              75.906384,
              30.864923
            ],
            [
              75.906695,
              30.864456
            ],
            [
              75.907076,
              30.863896
            ],
            [
              75.907423,
              30.86337
            ],
            [
              75.907794,
              30.862838
            ],
            [
              75.90811,
              30.862378
            ],
            [
              75.908471,
              30.861841
            ],
            [
              75.908719,
              30.861482
            ],
            [
              75.908869,
              30.861278
            ],
            [
              75.909178,
              30.86092
            ],
            [
              75.90944,
              30.860607
            ],
            [
              75.909643,
              30.860445
            ],
            [
              75.909803,
              30.860317
            ],
            [
              75.910018,
              30.860184
            ],
            [
              75.91057,
              30.859905
            ],
            [
              75.911074,
              30.859659
            ],
            [
              75.911654,
              30.859375
            ],
            [
              75.912583,
              30.858921
            ],
            [
              75.912921,
              30.858756
            ],
            [
              75.913672,
              30.858389
            ],
            [
              75.914494,
              30.857977
            ],
            [
              75.915183,
              30.85765
            ],
            [
              75.915801,
              30.857335
            ],
            [
              75.916404,
              30.857042
            ],
            [
              75.916956,
              30.856763
            ],
            [
              75.917426,
              30.856541
            ],
            [
              75.918069,
              30.85622
            ],
            [
              75.918513,
              30.855988
            ],
            [
              75.919228,
              30.855658
            ],
            [
              75.919821,
              30.855371
            ],
            [
              75.920594,
              30.855004
            ],
            [
              75.921229,
              30.854684
            ],
            [
              75.922139,
              30.854225
            ],
            [
              75.922887,
              30.853872
            ],
            [
              75.923459,
              30.85359
            ],
            [
              75.92433,
              30.853165
            ],
            [
              75.925051,
              30.852826
            ],
            [
              75.926175,
              30.852268
            ],
            [
              75.927707,
              30.851569
            ],
            [
              75.92779,
              30.851529
            ]
          ]
        ]
      }
    },
    {
      "type": "Feature",
      "properties": {
        "ward_no": 40,
        "ward_name": "Ward 40",
        "zone": "A",
        "area_sq_km": 0.852,
        "centroid": [
          75.869327,
          30.866111
        ]
      },
      "geometry": {
        "type": "Polygon",
        "coordinates": [
          [
            [
              75.8721,
              30.869083
            ],
            [
              75.872088,
              30.868698
            ],
            [
              75.872061,
              30.868107
            ],
            [
              75.872047,
              30.867399
            ],
            [
              75.873034,
              30.86737
            ],
            [
              75.873549,
              30.86735
            ],
            [
              75.873956,
              30.867335
            ],
            [
              75.874444,
              30.867342
            ],
            [
              75.875026,
              30.867316
            ],
            [
              75.87549,
              30.867295
            ],
            [
              75.875878,
              30.867262
            ],
            [
              75.876133,
              30.867255
            ],
            [
              75.87666,
              30.867225
            ],
            [
              75.87698,
              30.867202
            ],
            [
              75.877458,
              30.867187
            ],
            [
              75.877823,
              30.867179
            ],
            [
              75.8781,
              30.867174
            ],
            [
              75.878405,
              30.86716
            ],
            [
              75.878912,
              30.867149
            ],
            [
              75.879291,
              30.867131
            ],
            [
              75.879919,
              30.8671
            ],
            [
              75.880309,
              30.867083
            ],
            [
              75.880311,
              30.866993
            ],
            [
              75.880323,
              30.866676
            ],
            [
              75.88033,
              30.866297
            ],
            [
              75.880347,
              30.866024
            ],
            [
              75.880351,
              30.865901
            ],
            [
              75.879884,
              30.86588
            ],
            [
              75.87927,
              30.865852
            ],
            [
              75.878851,
              30.865855
            ],
            [
              75.878342,
              30.865841
            ],
            [
              75.877598,
              30.865811
            ],
            [
              75.876904,
              30.865792
            ],
            [
              75.876442,
              30.865786
            ],
            [
              75.87646,
              30.865524
            ],
            [
              75.876149,
              30.865521
            ],
            [
              75.875722,
              30.865518
            ],
            [
              75.875311,
              30.865507
            ],
            [
              75.875128,
              30.865505
            ],
            [
              75.874509,
              30.865507
            ],
            [
              75.873784,
              30.865534
            ],
            [
              75.873273,
              30.865548
            ],
            [
              75.872648,
              30.865562
            ],
            [
              75.871862,
              30.865578
            ],
            [
              75.871219,
              30.865593
            ],
            [
              75.870449,
              30.865612
            ],
            [
              75.869873,
              30.865631
            ],
            [
              75.869172,
              30.865649
            ],
            [
              75.868522,
              30.865665
            ],
            [
              75.867877,
              30.865666
            ],
            [
              75.867291,
              30.865676
            ],
            [
              75.866738,
              30.865681
            ],
            [
              75.866721,
              30.865373
            ],
            [
              75.8667,
              30.864861
            ],
            [
              75.866691,
              30.864429
            ],
            [
              75.866691,
              30.863979
            ],
            [
              75.866679,
              30.863454
            ],
            [
              75.866705,
              30.862981
            ],
            [
              75.866688,
              30.862461
            ],
            [
              75.866624,
              30.86163
            ],
            [
              75.866587,
              30.860867
            ],
            [
              75.866561,
              30.860067
            ],
            [
              75.866542,
              30.859501
            ],
            [
              75.866525,
              30.858946
            ],
            [
              75.866347,
              30.859105
            ],
            [
              75.865767,
              30.859622
            ],
            [
              75.865338,
              30.860019
            ],
            [
              75.864863,
              30.860435
            ],
            [
              75.864505,
              30.860737
            ],
            [
              75.86412,
              30.861065
            ],
            [
              75.863703,
              30.861423
            ],
            [
              75.863269,
              30.861805
            ],
            [
              75.862634,
              30.862377
            ],
            [
              75.862234,
              30.862735
            ],
            [
              75.861916,
              30.863023
            ],
            [
              75.861684,
              30.863227
            ],
            [
              75.860997,
              30.863823
            ],
            [
              75.860115,
              30.864607
            ],
            [
              75.859533,
              30.865113
            ],
            [
              75.85925,
              30.865358
            ],
            [
              75.859167,
              30.865429
            ],
            [
              75.859163,
              30.865797
            ],
            [
              75.859201,
              30.866671
            ],
            [
              75.859214,
              30.867156
            ],
            [
              75.85918,
              30.868147
            ],
            [
              75.859164,
              30.86865
            ],
            [
              75.859778,
              30.86862
            ],
            [
              75.860087,
              30.868608
            ],
            [
              75.86058,
              30.868592
            ],
            [
              75.861017,
              30.868575
            ],
            [
              75.861338,
              30.868555
            ],
            [
              75.862096,
              30.868547
            ],
            [
              75.862129,
              30.868547
            ],
            [
              75.862519,
              30.868539
            ],
            [
              75.862909,
              30.868524
            ],
            [
              75.86337,
              30.868498
            ],
            [
              75.86354,
              30.868496
            ],
            [
              75.863588,
              30.868543
            ],
            [
              75.864037,
              30.868542
            ],
            [
              75.864552,
              30.868535
            ],
            [
              75.864576,
              30.868819
            ],
            [
              75.865174,
              30.868808
            ],
            [
              75.865736,
              30.868791
            ],
            [
              75.866247,
              30.868803
            ],
            [
              75.866838,
              30.868796
            ],
            [
              75.866853,
              30.8692
            ],
            [
              75.867414,
              30.869206
            ],
            [
              75.867942,
              30.869196
            ],
            [
              75.868739,
              30.869191
            ],
            [
              75.869141,
              30.869189
            ],
            [
              75.86929,
              30.869161
            ],
            [
              75.86965,
              30.869138
            ],
            [
              75.870248,
              30.869132
            ],
            [
              75.870833,
              30.869125
            ],
            [
              75.871375,
              30.869102
            ],
            [
              75.871904,
              30.86909
            ],
            [
              75.8721,
              30.869083
            ]
          ]
        ]
      }
    },
    {
      "type": "Feature",
      "properties": {
        "ward_no": 34,
        "ward_name": "Ward 34",
        "zone": "A",
        "area_sq_km": 1.316,
        "centroid": [
          75.892445,
          30.862958
        ]
      },
      "geometry": {
        "type": "Polygon",
        "coordinates": [
          [
            [
              75.895506,
              30.870331
            ],
            [
              75.895169,
              30.870064
            ],
            [
              75.894631,
              30.869682
            ],
            [
              75.894607,
              30.869253
            ],
            [
              75.894633,
              30.869067
            ],
            [
              75.894635,
              30.868634
            ],
            [
              75.894631,
              30.867867
            ],
            [
              75.894656,
              30.867255
            ],
            [
              75.895328,
              30.867257
            ],
            [
              75.895713,
              30.867257
            ],
            [
              75.895781,
              30.867872
            ],
            [
              75.895824,
              30.868496
            ],
            [
              75.895872,
              30.869101
            ],
            [
              75.896171,
              30.868993
            ],
            [
              75.896797,
              30.868739
            ],
            [
              75.897348,
              30.868529
            ],
            [
              75.897862,
              30.868335
            ],
            [
              75.898467,
              30.868125
            ],
            [
              75.898565,
              30.868641
            ],
            [
              75.898835,
              30.868617
            ],
            [
              75.899457,
              30.868598
            ],
            [
              75.900072,
              30.868582
            ],
            [
              75.900254,
              30.868579
            ],
            [
              75.900237,
              30.868115
            ],
            [
              75.900216,
              30.867435
            ],
            [
              75.900169,
              30.866313
            ],
            [
              75.900156,
              30.865429
            ],
            [
              75.900131,
              30.865427
            ],
            [
              75.900124,
              30.864039
            ],
            [
              75.900479,
              30.864044
            ],
            [
              75.900466,
              30.862744
            ],
            [
              75.900407,
              30.862743
            ],
            [
              75.900411,
              30.862178
            ],
            [
              75.898819,
              30.862195
            ],
            [
              75.898497,
              30.862224
            ],
            [
              75.898222,
              30.862272
            ],
            [
              75.897643,
              30.862313
            ],
            [
              75.897226,
              30.862313
            ],
            [
              75.897213,
              30.861949
            ],
            [
              75.896075,
              30.861983
            ],
            [
              75.89528,
              30.862003
            ],
            [
              75.89523,
              30.861601
            ],
            [
              75.895155,
              30.861083
            ],
            [
              75.895077,
              30.860349
            ],
            [
              75.895038,
              30.859821
            ],
            [
              75.894974,
              30.858973
            ],
            [
              75.894935,
              30.858329
            ],
            [
              75.894886,
              30.85769
            ],
            [
              75.894905,
              30.857493
            ],
            [
              75.894953,
              30.857215
            ],
            [
              75.895001,
              30.856991
            ],
            [
              75.895061,
              30.856729
            ],
            [
              75.895081,
              30.856579
            ],
            [
              75.894736,
              30.856558
            ],
            [
              75.893898,
              30.856545
            ],
            [
              75.893457,
              30.856535
            ],
            [
              75.89292,
              30.856531
            ],
            [
              75.892449,
              30.856537
            ],
            [
              75.892449,
              30.856381
            ],
            [
              75.892388,
              30.856384
            ],
            [
              75.891838,
              30.8564
            ],
            [
              75.891765,
              30.856424
            ],
            [
              75.891546,
              30.856415
            ],
            [
              75.891125,
              30.856403
            ],
            [
              75.89072,
              30.85643
            ],
            [
              75.890357,
              30.85643
            ],
            [
              75.89035,
              30.856237
            ],
            [
              75.890327,
              30.855943
            ],
            [
              75.890323,
              30.855482
            ],
            [
              75.889844,
              30.855482
            ],
            [
              75.889364,
              30.855488
            ],
            [
              75.888544,
              30.855491
            ],
            [
              75.888096,
              30.855484
            ],
            [
              75.887736,
              30.855504
            ],
            [
              75.887462,
              30.855507
            ],
            [
              75.887118,
              30.855503
            ],
            [
              75.886687,
              30.855504
            ],
            [
              75.88671,
              30.856167
            ],
            [
              75.886704,
              30.856644
            ],
            [
              75.886704,
              30.85716
            ],
            [
              75.886719,
              30.857649
            ],
            [
              75.886731,
              30.858014
            ],
            [
              75.886756,
              30.858501
            ],
            [
              75.886021,
              30.85863
            ],
            [
              75.885307,
              30.858728
            ],
            [
              75.885329,
              30.859198
            ],
            [
              75.88534,
              30.85958
            ],
            [
              75.885369,
              30.859927
            ],
            [
              75.8854,
              30.860338
            ],
            [
              75.885432,
              30.860739
            ],
            [
              75.885459,
              30.861116
            ],
            [
              75.885487,
              30.861381
            ],
            [
              75.8855,
              30.861589
            ],
            [
              75.885502,
              30.861613
            ],
            [
              75.885515,
              30.861807
            ],
            [
              75.885535,
              30.862134
            ],
            [
              75.885559,
              30.862464
            ],
            [
              75.885585,
              30.86272
            ],
            [
              75.885979,
              30.862598
            ],
            [
              75.886494,
              30.862469
            ],
            [
              75.886967,
              30.862356
            ],
            [
              75.887622,
              30.862196
            ],
            [
              75.888153,
              30.862062
            ],
            [
              75.888707,
              30.861923
            ],
            [
              75.889253,
              30.861821
            ],
            [
              75.889264,
              30.862104
            ],
            [
              75.889282,
              30.862609
            ],
            [
              75.889271,
              30.863113
            ],
            [
              75.889268,
              30.863603
            ],
            [
              75.889276,
              30.864236
            ],
            [
              75.889275,
              30.864791
            ],
            [
              75.889263,
              30.86508
            ],
            [
              75.88922,
              30.865938
            ],
            [
              75.88948,
              30.865937
            ],
            [
              75.890336,
              30.865925
            ],
            [
              75.89126,
              30.865928
            ],
            [
              75.891244,
              30.86679
            ],
            [
              75.891304,
              30.86679
            ],
            [
              75.891306,
              30.866995
            ],
            [
              75.89124,
              30.867008
            ],
            [
              75.891237,
              30.867531
            ],
            [
              75.892025,
              30.86754
            ],
            [
              75.892046,
              30.867953
            ],
            [
              75.892091,
              30.86837
            ],
            [
              75.892375,
              30.868366
            ],
            [
              75.892353,
              30.868999
            ],
            [
              75.892387,
              30.86991
            ],
            [
              75.892518,
              30.869911
            ],
            [
              75.892524,
              30.870509
            ],
            [
              75.892501,
              30.870893
            ],
            [
              75.892795,
              30.870883
            ],
            [
              75.893241,
              30.870865
            ],
            [
              75.893608,
              30.870842
            ],
            [
              75.894006,
              30.870729
            ],
            [
              75.894387,
              30.870621
            ],
            [
              75.894821,
              30.870522
            ],
            [
              75.895506,
              30.870331
            ]
          ]
        ]
      }
    },
    {
      "type": "Feature",
      "properties": {
        "ward_no": 41,
        "ward_name": "Ward 41",
        "zone": "A",
        "area_sq_km": 0.426,
        "centroid": [
          75.876915,
          30.869944
        ]
      },
      "geometry": {
        "type": "Polygon",
        "coordinates": [
          [
            [
              75.88054,
              30.871624
            ],
            [
              75.880578,
              30.871609
            ],
            [
              75.880857,
              30.871512
            ],
            [
              75.880756,
              30.871293
            ],
            [
              75.880568,
              30.87094
            ],
            [
              75.88042,
              30.870699
            ],
            [
              75.88031,
              30.870535
            ],
            [
              75.880243,
              30.870425
            ],
            [
              75.880103,
              30.869997
            ],
            [
              75.880079,
              30.869839
            ],
            [
              75.880343,
              30.869808
            ],
            [
              75.88028,
              30.869478
            ],
            [
              75.880272,
              30.869343
            ],
            [
              75.880277,
              30.868926
            ],
            [
              75.880282,
              30.868544
            ],
            [
              75.880286,
              30.868141
            ],
            [
              75.880298,
              30.867637
            ],
            [
              75.880305,
              30.867283
            ],
            [
              75.880309,
              30.867083
            ],
            [
              75.879919,
              30.8671
            ],
            [
              75.879291,
              30.867131
            ],
            [
              75.878912,
              30.867149
            ],
            [
              75.878405,
              30.86716
            ],
            [
              75.8781,
              30.867174
            ],
            [
              75.877823,
              30.867179
            ],
            [
              75.877458,
              30.867187
            ],
            [
              75.87698,
              30.867202
            ],
            [
              75.87666,
              30.867225
            ],
            [
              75.876133,
              30.867255
            ],
            [
              75.875878,
              30.867262
            ],
            [
              75.87549,
              30.867295
            ],
            [
              75.875026,
              30.867316
            ],
            [
              75.874444,
              30.867342
            ],
            [
              75.873956,
              30.867335
            ],
            [
              75.873549,
              30.86735
            ],
            [
              75.873034,
              30.86737
            ],
            [
              75.872047,
              30.867399
            ],
            [
              75.872061,
              30.868107
            ],
            [
              75.872088,
              30.868698
            ],
            [
              75.8721,
              30.869083
            ],
            [
              75.8721,
              30.869102
            ],
            [
              75.872122,
              30.869511
            ],
            [
              75.872127,
              30.87011
            ],
            [
              75.871404,
              30.870123
            ],
            [
              75.871411,
              30.870532
            ],
            [
              75.871409,
              30.870989
            ],
            [
              75.871412,
              30.871083
            ],
            [
              75.872158,
              30.871062
            ],
            [
              75.873305,
              30.871031
            ],
            [
              75.873306,
              30.871517
            ],
            [
              75.873315,
              30.871917
            ],
            [
              75.873312,
              30.872224
            ],
            [
              75.874093,
              30.872197
            ],
            [
              75.874656,
              30.872198
            ],
            [
              75.875245,
              30.872188
            ],
            [
              75.875692,
              30.872182
            ],
            [
              75.876269,
              30.872167
            ],
            [
              75.876266,
              30.872435
            ],
            [
              75.876601,
              30.872439
            ],
            [
              75.876887,
              30.872408
            ],
            [
              75.877193,
              30.872393
            ],
            [
              75.877441,
              30.87237
            ],
            [
              75.877744,
              30.872353
            ],
            [
              75.878024,
              30.872338
            ],
            [
              75.878248,
              30.872298
            ],
            [
              75.878523,
              30.872272
            ],
            [
              75.878856,
              30.872225
            ],
            [
              75.878985,
              30.872185
            ],
            [
              75.879375,
              30.872053
            ],
            [
              75.879846,
              30.871885
            ],
            [
              75.880107,
              30.871783
            ],
            [
              75.880356,
              30.871696
            ],
            [
              75.88054,
              30.871624
            ]
          ]
        ]
      }
    },
    {
      "type": "Feature",
      "properties": {
        "ward_no": 35,
        "ward_name": "Ward 35",
        "zone": "A",
        "area_sq_km": 1.109,
        "centroid": [
          75.885263,
          30.867812
        ]
      },
      "geometry": {
        "type": "Polygon",
        "coordinates": [
          [
            [
              75.892501,
              30.870893
            ],
            [
              75.892524,
              30.870509
            ],
            [
              75.892518,
              30.869911
            ],
            [
              75.892387,
              30.86991
            ],
            [
              75.892353,
              30.868999
            ],
            [
              75.892375,
              30.868366
            ],
            [
              75.892091,
              30.86837
            ],
            [
              75.892046,
              30.867953
            ],
            [
              75.892025,
              30.86754
            ],
            [
              75.891237,
              30.867531
            ],
            [
              75.89124,
              30.867008
            ],
            [
              75.891306,
              30.866995
            ],
            [
              75.891304,
              30.86679
            ],
            [
              75.891244,
              30.86679
            ],
            [
              75.89126,
              30.865928
            ],
            [
              75.890336,
              30.865925
            ],
            [
              75.88948,
              30.865937
            ],
            [
              75.88922,
              30.865938
            ],
            [
              75.889263,
              30.86508
            ],
            [
              75.889275,
              30.864791
            ],
            [
              75.889276,
              30.864236
            ],
            [
              75.889268,
              30.863603
            ],
            [
              75.889271,
              30.863113
            ],
            [
              75.889282,
              30.862609
            ],
            [
              75.889264,
              30.862104
            ],
            [
              75.889253,
              30.861821
            ],
            [
              75.888707,
              30.861923
            ],
            [
              75.888153,
              30.862062
            ],
            [
              75.887622,
              30.862196
            ],
            [
              75.886967,
              30.862356
            ],
            [
              75.886494,
              30.862469
            ],
            [
              75.885979,
              30.862598
            ],
            [
              75.885585,
              30.86272
            ],
            [
              75.885559,
              30.862464
            ],
            [
              75.885535,
              30.862134
            ],
            [
              75.885515,
              30.861807
            ],
            [
              75.885502,
              30.861613
            ],
            [
              75.8855,
              30.861589
            ],
            [
              75.885233,
              30.8616
            ],
            [
              75.884177,
              30.861564
            ],
            [
              75.883587,
              30.86157
            ],
            [
              75.883204,
              30.861567
            ],
            [
              75.882401,
              30.861543
            ],
            [
              75.881766,
              30.861565
            ],
            [
              75.880984,
              30.861571
            ],
            [
              75.880483,
              30.861573
            ],
            [
              75.880484,
              30.8616
            ],
            [
              75.880477,
              30.861834
            ],
            [
              75.880458,
              30.862045
            ],
            [
              75.880434,
              30.862668
            ],
            [
              75.880435,
              30.863252
            ],
            [
              75.880453,
              30.863605
            ],
            [
              75.880437,
              30.86394
            ],
            [
              75.880423,
              30.864252
            ],
            [
              75.880396,
              30.86467
            ],
            [
              75.880387,
              30.865038
            ],
            [
              75.880362,
              30.865572
            ],
            [
              75.880351,
              30.865901
            ],
            [
              75.880347,
              30.866024
            ],
            [
              75.88033,
              30.866297
            ],
            [
              75.880323,
              30.866676
            ],
            [
              75.880311,
              30.866993
            ],
            [
              75.880309,
              30.867083
            ],
            [
              75.880305,
              30.867283
            ],
            [
              75.880298,
              30.867637
            ],
            [
              75.880286,
              30.868141
            ],
            [
              75.880282,
              30.868544
            ],
            [
              75.880277,
              30.868926
            ],
            [
              75.880272,
              30.869343
            ],
            [
              75.88028,
              30.869478
            ],
            [
              75.880343,
              30.869808
            ],
            [
              75.880079,
              30.869839
            ],
            [
              75.880103,
              30.869997
            ],
            [
              75.880243,
              30.870425
            ],
            [
              75.88031,
              30.870535
            ],
            [
              75.88042,
              30.870699
            ],
            [
              75.880568,
              30.87094
            ],
            [
              75.880756,
              30.871293
            ],
            [
              75.880857,
              30.871512
            ],
            [
              75.880578,
              30.871609
            ],
            [
              75.88054,
              30.871624
            ],
            [
              75.880457,
              30.871983
            ],
            [
              75.880378,
              30.87241
            ],
            [
              75.880324,
              30.872764
            ],
            [
              75.880238,
              30.873296
            ],
            [
              75.880514,
              30.873184
            ],
            [
              75.880726,
              30.873114
            ],
            [
              75.880996,
              30.873013
            ],
            [
              75.881265,
              30.872922
            ],
            [
              75.881622,
              30.872792
            ],
            [
              75.882087,
              30.872621
            ],
            [
              75.882575,
              30.872437
            ],
            [
              75.882973,
              30.872291
            ],
            [
              75.883362,
              30.872143
            ],
            [
              75.883736,
              30.871999
            ],
            [
              75.884204,
              30.871829
            ],
            [
              75.884706,
              30.871637
            ],
            [
              75.885252,
              30.871438
            ],
            [
              75.885754,
              30.871268
            ],
            [
              75.885976,
              30.871801
            ],
            [
              75.886114,
              30.872163
            ],
            [
              75.886172,
              30.872299
            ],
            [
              75.886698,
              30.872236
            ],
            [
              75.887133,
              30.872181
            ],
            [
              75.887476,
              30.87214
            ],
            [
              75.887654,
              30.872121
            ],
            [
              75.887967,
              30.872082
            ],
            [
              75.888295,
              30.871943
            ],
            [
              75.888417,
              30.8719
            ],
            [
              75.888193,
              30.871282
            ],
            [
              75.888172,
              30.871227
            ],
            [
              75.88841,
              30.871165
            ],
            [
              75.888753,
              30.871107
            ],
            [
              75.889003,
              30.871064
            ],
            [
              75.889244,
              30.871039
            ],
            [
              75.889684,
              30.871039
            ],
            [
              75.890074,
              30.871022
            ],
            [
              75.890522,
              30.871014
            ],
            [
              75.890803,
              30.870995
            ],
            [
              75.891094,
              30.870975
            ],
            [
              75.891705,
              30.870934
            ],
            [
              75.892119,
              30.870907
            ],
            [
              75.892501,
              30.870893
            ]
          ]
        ]
      }
    },
    {
      "type": "Feature",
      "properties": {
        "ward_no": 42,
        "ward_name": "Ward 42",
        "zone": "A",
        "area_sq_km": 0.687,
        "centroid": [
          75.868526,
          30.871544
        ]
      },
      "geometry": {
        "type": "Polygon",
        "coordinates": [
          [
            [
              75.867051,
              30.874771
            ],
            [
              75.867057,
              30.874771
            ],
            [
              75.867795,
              30.874741
            ],
            [
              75.868561,
              30.874725
            ],
            [
              75.869342,
              30.874705
            ],
            [
              75.869845,
              30.874694
            ],
            [
              75.870417,
              30.874681
            ],
            [
              75.871632,
              30.874654
            ],
            [
              75.872803,
              30.874607
            ],
            [
              75.873866,
              30.874592
            ],
            [
              75.87479,
              30.874554
            ],
            [
              75.875449,
              30.874538
            ],
            [
              75.876113,
              30.874549
            ],
            [
              75.876137,
              30.874005
            ],
            [
              75.876184,
              30.873445
            ],
            [
              75.876238,
              30.872972
            ],
            [
              75.876265,
              30.872488
            ],
            [
              75.876266,
              30.872435
            ],
            [
              75.876269,
              30.872167
            ],
            [
              75.875692,
              30.872182
            ],
            [
              75.875245,
              30.872188
            ],
            [
              75.874656,
              30.872198
            ],
            [
              75.874093,
              30.872197
            ],
            [
              75.873312,
              30.872224
            ],
            [
              75.873315,
              30.871917
            ],
            [
              75.873306,
              30.871517
            ],
            [
              75.873305,
              30.871031
            ],
            [
              75.872158,
              30.871062
            ],
            [
              75.871412,
              30.871083
            ],
            [
              75.871409,
              30.870989
            ],
            [
              75.871411,
              30.870532
            ],
            [
              75.871404,
              30.870123
            ],
            [
              75.872127,
              30.87011
            ],
            [
              75.872122,
              30.869511
            ],
            [
              75.8721,
              30.869102
            ],
            [
              75.8721,
              30.869083
            ],
            [
              75.871904,
              30.86909
            ],
            [
              75.871375,
              30.869102
            ],
            [
              75.870833,
              30.869125
            ],
            [
              75.870248,
              30.869132
            ],
            [
              75.86965,
              30.869138
            ],
            [
              75.86929,
              30.869161
            ],
            [
              75.869141,
              30.869189
            ],
            [
              75.868739,
              30.869191
            ],
            [
              75.867942,
              30.869196
            ],
            [
              75.867414,
              30.869206
            ],
            [
              75.866853,
              30.8692
            ],
            [
              75.866838,
              30.868796
            ],
            [
              75.866247,
              30.868803
            ],
            [
              75.865736,
              30.868791
            ],
            [
              75.865174,
              30.868808
            ],
            [
              75.864576,
              30.868819
            ],
            [
              75.864552,
              30.868535
            ],
            [
              75.864037,
              30.868542
            ],
            [
              75.863588,
              30.868543
            ],
            [
              75.86354,
              30.868496
            ],
            [
              75.86337,
              30.868498
            ],
            [
              75.862909,
              30.868524
            ],
            [
              75.862519,
              30.868539
            ],
            [
              75.862129,
              30.868547
            ],
            [
              75.862096,
              30.868547
            ],
            [
              75.862119,
              30.869363
            ],
            [
              75.862159,
              30.870356
            ],
            [
              75.863266,
              30.870334
            ],
            [
              75.863285,
              30.871119
            ],
            [
              75.862921,
              30.871114
            ],
            [
              75.86293,
              30.871393
            ],
            [
              75.862941,
              30.871859
            ],
            [
              75.862954,
              30.872244
            ],
            [
              75.862956,
              30.872681
            ],
            [
              75.862969,
              30.873166
            ],
            [
              75.863002,
              30.873613
            ],
            [
              75.863028,
              30.873983
            ],
            [
              75.862864,
              30.874
            ],
            [
              75.862855,
              30.87422
            ],
            [
              75.862869,
              30.874869
            ],
            [
              75.863408,
              30.87486
            ],
            [
              75.864089,
              30.874834
            ],
            [
              75.864933,
              30.874818
            ],
            [
              75.866095,
              30.874807
            ],
            [
              75.867051,
              30.874771
            ]
          ]
        ]
      }
    },
    {
      "type": "Feature",
      "properties": {
        "ward_no": 48,
        "ward_name": "Ward 48",
        "zone": "A",
        "area_sq_km": 1.4,
        "centroid": [
          75.849475,
          30.867559
        ]
      },
      "geometry": {
        "type": "Polygon",
        "coordinates": [
          [
            [
              75.852628,
              30.871242
            ],
            [
              75.852772,
              30.871115
            ],
            [
              75.853167,
              30.870765
            ],
            [
              75.853528,
              30.870445
            ],
            [
              75.854296,
              30.869754
            ],
            [
              75.854837,
              30.869271
            ],
            [
              75.855356,
              30.868805
            ],
            [
              75.855665,
              30.86853
            ],
            [
              75.856056,
              30.868189
            ],
            [
              75.856307,
              30.867968
            ],
            [
              75.856627,
              30.867695
            ],
            [
              75.856996,
              30.867377
            ],
            [
              75.857298,
              30.867094
            ],
            [
              75.857726,
              30.866702
            ],
            [
              75.857949,
              30.866497
            ],
            [
              75.85833,
              30.866151
            ],
            [
              75.858717,
              30.865812
            ],
            [
              75.859121,
              30.865469
            ],
            [
              75.859167,
              30.865429
            ],
            [
              75.85925,
              30.865358
            ],
            [
              75.859283,
              30.864841
            ],
            [
              75.859307,
              30.864204
            ],
            [
              75.859323,
              30.863673
            ],
            [
              75.859353,
              30.862888
            ],
            [
              75.859375,
              30.862502
            ],
            [
              75.859408,
              30.861568
            ],
            [
              75.859432,
              30.860992
            ],
            [
              75.859441,
              30.860443
            ],
            [
              75.859459,
              30.859853
            ],
            [
              75.859499,
              30.85931
            ],
            [
              75.859487,
              30.858871
            ],
            [
              75.859519,
              30.858155
            ],
            [
              75.859534,
              30.857765
            ],
            [
              75.859535,
              30.857722
            ],
            [
              75.85954,
              30.857435
            ],
            [
              75.859551,
              30.857291
            ],
            [
              75.855952,
              30.860367
            ],
            [
              75.855548,
              30.860722
            ],
            [
              75.855256,
              30.860978
            ],
            [
              75.855013,
              30.861191
            ],
            [
              75.855013,
              30.861191
            ],
            [
              75.853825,
              30.862321
            ],
            [
              75.852901,
              30.863058
            ],
            [
              75.852313,
              30.863584
            ],
            [
              75.851879,
              30.863958
            ],
            [
              75.851791,
              30.864034
            ],
            [
              75.850513,
              30.865134
            ],
            [
              75.848901,
              30.866521
            ],
            [
              75.847567,
              30.867698
            ],
            [
              75.847215,
              30.868007
            ],
            [
              75.846218,
              30.868886
            ],
            [
              75.844611,
              30.870391
            ],
            [
              75.844526,
              30.870471
            ],
            [
              75.84449,
              30.870387
            ],
            [
              75.844451,
              30.870293
            ],
            [
              75.843769,
              30.868239
            ],
            [
              75.843769,
              30.868239
            ],
            [
              75.843182,
              30.8666
            ],
            [
              75.841815,
              30.862815
            ],
            [
              75.841533,
              30.862036
            ],
            [
              75.841258,
              30.861275
            ],
            [
              75.841252,
              30.861263
            ],
            [
              75.841137,
              30.861059
            ],
            [
              75.839624,
              30.861717
            ],
            [
              75.839604,
              30.861725
            ],
            [
              75.839363,
              30.86183
            ],
            [
              75.839374,
              30.861853
            ],
            [
              75.839388,
              30.861885
            ],
            [
              75.8394,
              30.861911
            ],
            [
              75.839449,
              30.862017
            ],
            [
              75.839617,
              30.862351
            ],
            [
              75.839966,
              30.862991
            ],
            [
              75.840368,
              30.863711
            ],
            [
              75.840797,
              30.864547
            ],
            [
              75.841087,
              30.865158
            ],
            [
              75.84148,
              30.865903
            ],
            [
              75.842222,
              30.867309
            ],
            [
              75.842785,
              30.868429
            ],
            [
              75.843186,
              30.869273
            ],
            [
              75.843252,
              30.869437
            ],
            [
              75.843279,
              30.86955
            ],
            [
              75.843294,
              30.869714
            ],
            [
              75.843299,
              30.870354
            ],
            [
              75.843287,
              30.87102
            ],
            [
              75.843263,
              30.871392
            ],
            [
              75.843262,
              30.871559
            ],
            [
              75.843323,
              30.871788
            ],
            [
              75.843515,
              30.872246
            ],
            [
              75.84375,
              30.872812
            ],
            [
              75.844193,
              30.873835
            ],
            [
              75.844197,
              30.873844
            ],
            [
              75.844739,
              30.874982
            ],
            [
              75.844921,
              30.875359
            ],
            [
              75.845083,
              30.875727
            ],
            [
              75.845201,
              30.875971
            ],
            [
              75.845342,
              30.87627
            ],
            [
              75.845537,
              30.876672
            ],
            [
              75.845624,
              30.876865
            ],
            [
              75.845687,
              30.876957
            ],
            [
              75.845799,
              30.87708
            ],
            [
              75.84606,
              30.876895
            ],
            [
              75.84641,
              30.876653
            ],
            [
              75.846781,
              30.876368
            ],
            [
              75.847212,
              30.876028
            ],
            [
              75.84779,
              30.87553
            ],
            [
              75.848194,
              30.875165
            ],
            [
              75.848494,
              30.874891
            ],
            [
              75.848885,
              30.87454
            ],
            [
              75.849295,
              30.874177
            ],
            [
              75.849647,
              30.873867
            ],
            [
              75.850006,
              30.873554
            ],
            [
              75.85049,
              30.873119
            ],
            [
              75.850881,
              30.872777
            ],
            [
              75.851454,
              30.872274
            ],
            [
              75.851901,
              30.87188
            ],
            [
              75.852301,
              30.871531
            ],
            [
              75.852628,
              30.871242
            ]
          ]
        ]
      }
    },
    {
      "type": "Feature",
      "properties": {
        "ward_no": 49,
        "ward_name": "Ward 49",
        "zone": "A",
        "area_sq_km": 1.549,
        "centroid": [
          75.836577,
          30.870656
        ]
      },
      "geometry": {
        "type": "Polygon",
        "coordinates": [
          [
            [
              75.844193,
              30.873835
            ],
            [
              75.84375,
              30.872812
            ],
            [
              75.843515,
              30.872246
            ],
            [
              75.843323,
              30.871788
            ],
            [
              75.843262,
              30.871559
            ],
            [
              75.843263,
              30.871392
            ],
            [
              75.843287,
              30.87102
            ],
            [
              75.843299,
              30.870354
            ],
            [
              75.843294,
              30.869714
            ],
            [
              75.843279,
              30.86955
            ],
            [
              75.843252,
              30.869437
            ],
            [
              75.843186,
              30.869273
            ],
            [
              75.842785,
              30.868429
            ],
            [
              75.842222,
              30.867309
            ],
            [
              75.84148,
              30.865903
            ],
            [
              75.841087,
              30.865158
            ],
            [
              75.840797,
              30.864547
            ],
            [
              75.840368,
              30.863711
            ],
            [
              75.839966,
              30.862991
            ],
            [
              75.839617,
              30.862351
            ],
            [
              75.839449,
              30.862017
            ],
            [
              75.8394,
              30.861911
            ],
            [
              75.839388,
              30.861885
            ],
            [
              75.839374,
              30.861853
            ],
            [
              75.839363,
              30.86183
            ],
            [
              75.838631,
              30.862148
            ],
            [
              75.833957,
              30.864229
            ],
            [
              75.833368,
              30.864509
            ],
            [
              75.833121,
              30.864611
            ],
            [
              75.83127,
              30.865457
            ],
            [
              75.828602,
              30.86662
            ],
            [
              75.827921,
              30.86687
            ],
            [
              75.828027,
              30.867084
            ],
            [
              75.828083,
              30.867202
            ],
            [
              75.828087,
              30.86721
            ],
            [
              75.828419,
              30.86786
            ],
            [
              75.828729,
              30.868431
            ],
            [
              75.829183,
              30.86931
            ],
            [
              75.829575,
              30.870081
            ],
            [
              75.829848,
              30.870637
            ],
            [
              75.830162,
              30.871241
            ],
            [
              75.830475,
              30.871816
            ],
            [
              75.830587,
              30.871959
            ],
            [
              75.83096,
              30.87188
            ],
            [
              75.831215,
              30.871743
            ],
            [
              75.831358,
              30.871995
            ],
            [
              75.831627,
              30.872452
            ],
            [
              75.831892,
              30.872791
            ],
            [
              75.832043,
              30.873003
            ],
            [
              75.832115,
              30.873116
            ],
            [
              75.832268,
              30.873155
            ],
            [
              75.83239,
              30.873461
            ],
            [
              75.83269,
              30.874105
            ],
            [
              75.833095,
              30.874849
            ],
            [
              75.833257,
              30.874784
            ],
            [
              75.833446,
              30.875144
            ],
            [
              75.833759,
              30.875774
            ],
            [
              75.83405,
              30.876319
            ],
            [
              75.833624,
              30.876455
            ],
            [
              75.833754,
              30.876795
            ],
            [
              75.834013,
              30.877188
            ],
            [
              75.835201,
              30.876707
            ],
            [
              75.835796,
              30.876478
            ],
            [
              75.8367,
              30.876136
            ],
            [
              75.837469,
              30.875837
            ],
            [
              75.837984,
              30.875654
            ],
            [
              75.838103,
              30.875632
            ],
            [
              75.838792,
              30.875626
            ],
            [
              75.839235,
              30.875611
            ],
            [
              75.839649,
              30.875594
            ],
            [
              75.840101,
              30.875445
            ],
            [
              75.840772,
              30.875178
            ],
            [
              75.84148,
              30.874896
            ],
            [
              75.842261,
              30.874567
            ],
            [
              75.843094,
              30.874242
            ],
            [
              75.843825,
              30.873958
            ],
            [
              75.844193,
              30.873835
            ]
          ]
        ]
      }
    },
    {
      "type": "Feature",
      "properties": {
        "ward_no": 50,
        "ward_name": "Ward 50",
        "zone": "A",
        "area_sq_km": 1.767,
        "centroid": [
          75.831382,
          30.875254
        ]
      },
      "geometry": {
        "type": "Polygon",
        "coordinates": [
          [
            [
              75.845799,
              30.87708
            ],
            [
              75.845687,
              30.876957
            ],
            [
              75.845624,
              30.876865
            ],
            [
              75.845537,
              30.876672
            ],
            [
              75.845342,
              30.87627
            ],
            [
              75.845201,
              30.875971
            ],
            [
              75.845083,
              30.875727
            ],
            [
              75.844921,
              30.875359
            ],
            [
              75.844739,
              30.874982
            ],
            [
              75.844197,
              30.873844
            ],
            [
              75.844193,
              30.873835
            ],
            [
              75.843825,
              30.873958
            ],
            [
              75.843094,
              30.874242
            ],
            [
              75.842261,
              30.874567
            ],
            [
              75.84148,
              30.874896
            ],
            [
              75.840772,
              30.875178
            ],
            [
              75.840101,
              30.875445
            ],
            [
              75.839649,
              30.875594
            ],
            [
              75.839235,
              30.875611
            ],
            [
              75.838792,
              30.875626
            ],
            [
              75.838103,
              30.875632
            ],
            [
              75.837984,
              30.875654
            ],
            [
              75.837469,
              30.875837
            ],
            [
              75.8367,
              30.876136
            ],
            [
              75.835796,
              30.876478
            ],
            [
              75.835201,
              30.876707
            ],
            [
              75.834013,
              30.877188
            ],
            [
              75.833754,
              30.876795
            ],
            [
              75.833624,
              30.876455
            ],
            [
              75.83405,
              30.876319
            ],
            [
              75.833759,
              30.875774
            ],
            [
              75.833446,
              30.875144
            ],
            [
              75.833257,
              30.874784
            ],
            [
              75.833095,
              30.874849
            ],
            [
              75.83269,
              30.874105
            ],
            [
              75.83239,
              30.873461
            ],
            [
              75.832268,
              30.873155
            ],
            [
              75.832115,
              30.873116
            ],
            [
              75.832043,
              30.873003
            ],
            [
              75.831892,
              30.872791
            ],
            [
              75.831627,
              30.872452
            ],
            [
              75.831358,
              30.871995
            ],
            [
              75.831215,
              30.871743
            ],
            [
              75.83096,
              30.87188
            ],
            [
              75.830587,
              30.871959
            ],
            [
              75.830475,
              30.871816
            ],
            [
              75.830162,
              30.871241
            ],
            [
              75.829848,
              30.870637
            ],
            [
              75.829575,
              30.870081
            ],
            [
              75.829183,
              30.86931
            ],
            [
              75.828729,
              30.868431
            ],
            [
              75.828419,
              30.86786
            ],
            [
              75.828087,
              30.86721
            ],
            [
              75.828083,
              30.867202
            ],
            [
              75.828027,
              30.867084
            ],
            [
              75.827921,
              30.86687
            ],
            [
              75.824633,
              30.868078
            ],
            [
              75.821014,
              30.869445
            ],
            [
              75.820129,
              30.869629
            ],
            [
              75.815055,
              30.87071
            ],
            [
              75.813116,
              30.871174
            ],
            [
              75.813691,
              30.871799
            ],
            [
              75.814251,
              30.872405
            ],
            [
              75.814506,
              30.872821
            ],
            [
              75.814737,
              30.872804
            ],
            [
              75.815363,
              30.872796
            ],
            [
              75.816007,
              30.872774
            ],
            [
              75.816447,
              30.872755
            ],
            [
              75.81673,
              30.872753
            ],
            [
              75.817019,
              30.872784
            ],
            [
              75.817408,
              30.87285
            ],
            [
              75.817744,
              30.872889
            ],
            [
              75.818149,
              30.873007
            ],
            [
              75.818426,
              30.873103
            ],
            [
              75.818849,
              30.873306
            ],
            [
              75.819325,
              30.873594
            ],
            [
              75.819601,
              30.873761
            ],
            [
              75.819966,
              30.874063
            ],
            [
              75.820216,
              30.874247
            ],
            [
              75.820577,
              30.874527
            ],
            [
              75.820954,
              30.874798
            ],
            [
              75.821603,
              30.875264
            ],
            [
              75.822002,
              30.875559
            ],
            [
              75.822445,
              30.875804
            ],
            [
              75.822646,
              30.875914
            ],
            [
              75.823012,
              30.876056
            ],
            [
              75.82337,
              30.876154
            ],
            [
              75.823755,
              30.87624
            ],
            [
              75.824049,
              30.876293
            ],
            [
              75.824364,
              30.876316
            ],
            [
              75.824862,
              30.876324
            ],
            [
              75.825476,
              30.87632
            ],
            [
              75.826184,
              30.876333
            ],
            [
              75.826937,
              30.876356
            ],
            [
              75.827596,
              30.876378
            ],
            [
              75.827937,
              30.876417
            ],
            [
              75.828456,
              30.876503
            ],
            [
              75.828861,
              30.876582
            ],
            [
              75.829899,
              30.877096
            ],
            [
              75.830453,
              30.877542
            ],
            [
              75.830717,
              30.87778
            ],
            [
              75.831057,
              30.878164
            ],
            [
              75.831418,
              30.878605
            ],
            [
              75.83199,
              30.879314
            ],
            [
              75.832382,
              30.879805
            ],
            [
              75.832829,
              30.88038
            ],
            [
              75.833103,
              30.880671
            ],
            [
              75.833329,
              30.880838
            ],
            [
              75.83366,
              30.881053
            ],
            [
              75.834292,
              30.881449
            ],
            [
              75.834826,
              30.881806
            ],
            [
              75.834864,
              30.881791
            ],
            [
              75.835277,
              30.88164
            ],
            [
              75.835699,
              30.881483
            ],
            [
              75.836055,
              30.881349
            ],
            [
              75.836548,
              30.881145
            ],
            [
              75.837197,
              30.880897
            ],
            [
              75.837834,
              30.880656
            ],
            [
              75.838563,
              30.880377
            ],
            [
              75.839151,
              30.880152
            ],
            [
              75.839774,
              30.879906
            ],
            [
              75.840784,
              30.879514
            ],
            [
              75.842477,
              30.878827
            ],
            [
              75.84347,
              30.878403
            ],
            [
              75.844194,
              30.878042
            ],
            [
              75.844755,
              30.877734
            ],
            [
              75.845218,
              30.877456
            ],
            [
              75.845431,
              30.877324
            ],
            [
              75.845649,
              30.877186
            ],
            [
              75.845799,
              30.87708
            ]
          ]
        ]
      }
    },
    {
      "type": "Feature",
      "properties": {
        "ward_no": 46,
        "ward_name": "Ward 46",
        "zone": "A",
        "area_sq_km": 1.544,
        "centroid": [
          75.859587,
          30.875362
        ]
      },
      "geometry": {
        "type": "Polygon",
        "coordinates": [
          [
            [
              75.858649,
              30.88411
            ],
            [
              75.85865,
              30.884029
            ],
            [
              75.858675,
              30.883498
            ],
            [
              75.858689,
              30.883061
            ],
            [
              75.858726,
              30.882528
            ],
            [
              75.858745,
              30.881941
            ],
            [
              75.85875,
              30.881371
            ],
            [
              75.85876,
              30.880767
            ],
            [
              75.858779,
              30.880194
            ],
            [
              75.8588,
              30.879583
            ],
            [
              75.858818,
              30.879052
            ],
            [
              75.858838,
              30.878604
            ],
            [
              75.858858,
              30.877723
            ],
            [
              75.859621,
              30.877689
            ],
            [
              75.860258,
              30.87766
            ],
            [
              75.860843,
              30.877656
            ],
            [
              75.860859,
              30.878557
            ],
            [
              75.861174,
              30.878572
            ],
            [
              75.861635,
              30.878563
            ],
            [
              75.861982,
              30.878553
            ],
            [
              75.862402,
              30.878539
            ],
            [
              75.862465,
              30.878537
            ],
            [
              75.862997,
              30.878521
            ],
            [
              75.86333,
              30.878514
            ],
            [
              75.86366,
              30.878506
            ],
            [
              75.864084,
              30.878497
            ],
            [
              75.864531,
              30.878491
            ],
            [
              75.865195,
              30.878462
            ],
            [
              75.86584,
              30.878449
            ],
            [
              75.866202,
              30.878453
            ],
            [
              75.866633,
              30.878438
            ],
            [
              75.866991,
              30.87842
            ],
            [
              75.867202,
              30.878404
            ],
            [
              75.867174,
              30.878065
            ],
            [
              75.867151,
              30.877411
            ],
            [
              75.867122,
              30.876957
            ],
            [
              75.867097,
              30.876459
            ],
            [
              75.867071,
              30.875292
            ],
            [
              75.867051,
              30.874771
            ],
            [
              75.866095,
              30.874807
            ],
            [
              75.864933,
              30.874818
            ],
            [
              75.864089,
              30.874834
            ],
            [
              75.863408,
              30.87486
            ],
            [
              75.862869,
              30.874869
            ],
            [
              75.862855,
              30.87422
            ],
            [
              75.862864,
              30.874
            ],
            [
              75.863028,
              30.873983
            ],
            [
              75.863002,
              30.873613
            ],
            [
              75.862969,
              30.873166
            ],
            [
              75.862956,
              30.872681
            ],
            [
              75.862954,
              30.872244
            ],
            [
              75.862941,
              30.871859
            ],
            [
              75.86293,
              30.871393
            ],
            [
              75.862921,
              30.871114
            ],
            [
              75.863285,
              30.871119
            ],
            [
              75.863266,
              30.870334
            ],
            [
              75.862159,
              30.870356
            ],
            [
              75.862119,
              30.869363
            ],
            [
              75.862096,
              30.868547
            ],
            [
              75.861338,
              30.868555
            ],
            [
              75.861017,
              30.868575
            ],
            [
              75.86058,
              30.868592
            ],
            [
              75.860087,
              30.868608
            ],
            [
              75.859778,
              30.86862
            ],
            [
              75.859164,
              30.86865
            ],
            [
              75.85918,
              30.868147
            ],
            [
              75.859214,
              30.867156
            ],
            [
              75.859201,
              30.866671
            ],
            [
              75.859163,
              30.865797
            ],
            [
              75.859167,
              30.865429
            ],
            [
              75.859121,
              30.865469
            ],
            [
              75.858717,
              30.865812
            ],
            [
              75.85833,
              30.866151
            ],
            [
              75.857949,
              30.866497
            ],
            [
              75.857726,
              30.866702
            ],
            [
              75.857298,
              30.867094
            ],
            [
              75.856996,
              30.867377
            ],
            [
              75.856627,
              30.867695
            ],
            [
              75.856307,
              30.867968
            ],
            [
              75.856056,
              30.868189
            ],
            [
              75.855665,
              30.86853
            ],
            [
              75.855356,
              30.868805
            ],
            [
              75.854837,
              30.869271
            ],
            [
              75.854296,
              30.869754
            ],
            [
              75.853528,
              30.870445
            ],
            [
              75.853167,
              30.870765
            ],
            [
              75.852772,
              30.871115
            ],
            [
              75.852628,
              30.871242
            ],
            [
              75.852721,
              30.871931
            ],
            [
              75.852767,
              30.873098
            ],
            [
              75.852829,
              30.874063
            ],
            [
              75.852855,
              30.874965
            ],
            [
              75.852944,
              30.876242
            ],
            [
              75.852966,
              30.8771
            ],
            [
              75.853025,
              30.877983
            ],
            [
              75.853139,
              30.879177
            ],
            [
              75.853204,
              30.880116
            ],
            [
              75.85329,
              30.881174
            ],
            [
              75.853334,
              30.882
            ],
            [
              75.853403,
              30.88291
            ],
            [
              75.853475,
              30.884024
            ],
            [
              75.853492,
              30.884225
            ],
            [
              75.854055,
              30.884194
            ],
            [
              75.854443,
              30.88419
            ],
            [
              75.855134,
              30.884174
            ],
            [
              75.855885,
              30.884172
            ],
            [
              75.856446,
              30.884167
            ],
            [
              75.856901,
              30.884155
            ],
            [
              75.857548,
              30.884139
            ],
            [
              75.858317,
              30.884119
            ],
            [
              75.858649,
              30.88411
            ]
          ]
        ]
      }
    },
    {
      "type": "Feature",
      "properties": {
        "ward_no": 54,
        "ward_name": "Ward 54",
        "zone": "A",
        "area_sq_km": 1.269,
        "centroid": [
          75.823266,
          30.878279
        ]
      },
      "geometry": {
        "type": "Polygon",
        "coordinates": [
          [
            [
              75.833015,
              30.882503
            ],
            [
              75.833193,
              30.882434
            ],
            [
              75.833765,
              30.882221
            ],
            [
              75.834418,
              30.881967
            ],
            [
              75.834826,
              30.881806
            ],
            [
              75.834292,
              30.881449
            ],
            [
              75.83366,
              30.881053
            ],
            [
              75.833329,
              30.880838
            ],
            [
              75.833103,
              30.880671
            ],
            [
              75.832829,
              30.88038
            ],
            [
              75.832382,
              30.879805
            ],
            [
              75.83199,
              30.879314
            ],
            [
              75.831418,
              30.878605
            ],
            [
              75.831057,
              30.878164
            ],
            [
              75.830717,
              30.87778
            ],
            [
              75.830453,
              30.877542
            ],
            [
              75.829899,
              30.877096
            ],
            [
              75.828861,
              30.876582
            ],
            [
              75.828456,
              30.876503
            ],
            [
              75.827937,
              30.876417
            ],
            [
              75.827596,
              30.876378
            ],
            [
              75.826937,
              30.876356
            ],
            [
              75.826184,
              30.876333
            ],
            [
              75.825476,
              30.87632
            ],
            [
              75.824862,
              30.876324
            ],
            [
              75.824364,
              30.876316
            ],
            [
              75.824049,
              30.876293
            ],
            [
              75.823755,
              30.87624
            ],
            [
              75.82337,
              30.876154
            ],
            [
              75.823012,
              30.876056
            ],
            [
              75.822646,
              30.875914
            ],
            [
              75.822445,
              30.875804
            ],
            [
              75.822002,
              30.875559
            ],
            [
              75.821603,
              30.875264
            ],
            [
              75.820954,
              30.874798
            ],
            [
              75.820577,
              30.874527
            ],
            [
              75.820216,
              30.874247
            ],
            [
              75.819966,
              30.874063
            ],
            [
              75.819601,
              30.873761
            ],
            [
              75.819325,
              30.873594
            ],
            [
              75.818849,
              30.873306
            ],
            [
              75.818426,
              30.873103
            ],
            [
              75.818149,
              30.873007
            ],
            [
              75.817744,
              30.872889
            ],
            [
              75.817408,
              30.87285
            ],
            [
              75.817019,
              30.872784
            ],
            [
              75.81673,
              30.872753
            ],
            [
              75.816447,
              30.872755
            ],
            [
              75.816007,
              30.872774
            ],
            [
              75.815363,
              30.872796
            ],
            [
              75.814737,
              30.872804
            ],
            [
              75.814506,
              30.872821
            ],
            [
              75.814588,
              30.872954
            ],
            [
              75.814816,
              30.873264
            ],
            [
              75.815045,
              30.873613
            ],
            [
              75.815276,
              30.873938
            ],
            [
              75.815488,
              30.874334
            ],
            [
              75.815687,
              30.874668
            ],
            [
              75.81598,
              30.8752
            ],
            [
              75.816247,
              30.87567
            ],
            [
              75.816486,
              30.876092
            ],
            [
              75.8167,
              30.876469
            ],
            [
              75.816914,
              30.876845
            ],
            [
              75.817157,
              30.877281
            ],
            [
              75.817367,
              30.877656
            ],
            [
              75.817575,
              30.877982
            ],
            [
              75.817863,
              30.878326
            ],
            [
              75.818173,
              30.878715
            ],
            [
              75.818588,
              30.879229
            ],
            [
              75.818845,
              30.879563
            ],
            [
              75.819217,
              30.880015
            ],
            [
              75.819496,
              30.880381
            ],
            [
              75.819853,
              30.880822
            ],
            [
              75.82017,
              30.881236
            ],
            [
              75.820533,
              30.881717
            ],
            [
              75.820853,
              30.882104
            ],
            [
              75.821175,
              30.882476
            ],
            [
              75.821567,
              30.882959
            ],
            [
              75.821881,
              30.883345
            ],
            [
              75.822279,
              30.883797
            ],
            [
              75.822793,
              30.884427
            ],
            [
              75.823111,
              30.884824
            ],
            [
              75.823562,
              30.885274
            ],
            [
              75.823937,
              30.885673
            ],
            [
              75.824135,
              30.885927
            ],
            [
              75.824308,
              30.885859
            ],
            [
              75.825064,
              30.885582
            ],
            [
              75.826375,
              30.885087
            ],
            [
              75.82753,
              30.884625
            ],
            [
              75.828479,
              30.884245
            ],
            [
              75.829244,
              30.883943
            ],
            [
              75.830148,
              30.883602
            ],
            [
              75.831027,
              30.88327
            ],
            [
              75.831809,
              30.882975
            ],
            [
              75.833015,
              30.882503
            ]
          ]
        ]
      }
    },
    {
      "type": "Feature",
      "properties": {
        "ward_no": 56,
        "ward_name": "Ward 56",
        "zone": "A",
        "area_sq_km": 2.704,
        "centroid": [
          75.810724,
          30.877767
        ]
      },
      "geometry": {
        "type": "Polygon",
        "coordinates": [
          [
            [
              75.824135,
              30.885927
            ],
            [
              75.823937,
              30.885673
            ],
            [
              75.823562,
              30.885274
            ],
            [
              75.823111,
              30.884824
            ],
            [
              75.822793,
              30.884427
            ],
            [
              75.822279,
              30.883797
            ],
            [
              75.821881,
              30.883345
            ],
            [
              75.821567,
              30.882959
            ],
            [
              75.821175,
              30.882476
            ],
            [
              75.820853,
              30.882104
            ],
            [
              75.820533,
              30.881717
            ],
            [
              75.82017,
              30.881236
            ],
            [
              75.819853,
              30.880822
            ],
            [
              75.819496,
              30.880381
            ],
            [
              75.819217,
              30.880015
            ],
            [
              75.818845,
              30.879563
            ],
            [
              75.818588,
              30.879229
            ],
            [
              75.818173,
              30.878715
            ],
            [
              75.817863,
              30.878326
            ],
            [
              75.817575,
              30.877982
            ],
            [
              75.817367,
              30.877656
            ],
            [
              75.817157,
              30.877281
            ],
            [
              75.816914,
              30.876845
            ],
            [
              75.8167,
              30.876469
            ],
            [
              75.816486,
              30.876092
            ],
            [
              75.816247,
              30.87567
            ],
            [
              75.81598,
              30.8752
            ],
            [
              75.815687,
              30.874668
            ],
            [
              75.815488,
              30.874334
            ],
            [
              75.815276,
              30.873938
            ],
            [
              75.815045,
              30.873613
            ],
            [
              75.814816,
              30.873264
            ],
            [
              75.814588,
              30.872954
            ],
            [
              75.814506,
              30.872821
            ],
            [
              75.814251,
              30.872405
            ],
            [
              75.813691,
              30.871799
            ],
            [
              75.813116,
              30.871174
            ],
            [
              75.813052,
              30.871189
            ],
            [
              75.812936,
              30.8711
            ],
            [
              75.812711,
              30.870869
            ],
            [
              75.812543,
              30.870735
            ],
            [
              75.811523,
              30.869922
            ],
            [
              75.811488,
              30.869894
            ],
            [
              75.81115,
              30.869625
            ],
            [
              75.810203,
              30.868954
            ],
            [
              75.810096,
              30.869049
            ],
            [
              75.810006,
              30.869142
            ],
            [
              75.809304,
              30.869862
            ],
            [
              75.808932,
              30.870248
            ],
            [
              75.808847,
              30.870352
            ],
            [
              75.80815,
              30.871203
            ],
            [
              75.806124,
              30.872959
            ],
            [
              75.806034,
              30.873036
            ],
            [
              75.805794,
              30.873245
            ],
            [
              75.805369,
              30.873307
            ],
            [
              75.805324,
              30.873314
            ],
            [
              75.800589,
              30.874008
            ],
            [
              75.800477,
              30.874025
            ],
            [
              75.800464,
              30.874023
            ],
            [
              75.799608,
              30.873918
            ],
            [
              75.799508,
              30.873906
            ],
            [
              75.79942,
              30.873897
            ],
            [
              75.798552,
              30.873804
            ],
            [
              75.798441,
              30.873793
            ],
            [
              75.797693,
              30.873824
            ],
            [
              75.796595,
              30.873871
            ],
            [
              75.794674,
              30.873789
            ],
            [
              75.793845,
              30.873754
            ],
            [
              75.790747,
              30.87649
            ],
            [
              75.790323,
              30.876864
            ],
            [
              75.790191,
              30.877122
            ],
            [
              75.790156,
              30.87719
            ],
            [
              75.7927,
              30.877981
            ],
            [
              75.7944,
              30.878543
            ],
            [
              75.794634,
              30.878615
            ],
            [
              75.79566,
              30.878929
            ],
            [
              75.797106,
              30.879376
            ],
            [
              75.798914,
              30.879956
            ],
            [
              75.799961,
              30.880284
            ],
            [
              75.801582,
              30.880787
            ],
            [
              75.803195,
              30.881275
            ],
            [
              75.804559,
              30.881714
            ],
            [
              75.805906,
              30.882149
            ],
            [
              75.80748,
              30.882647
            ],
            [
              75.808975,
              30.883116
            ],
            [
              75.810065,
              30.883455
            ],
            [
              75.811501,
              30.883907
            ],
            [
              75.812477,
              30.88424
            ],
            [
              75.813408,
              30.884499
            ],
            [
              75.815034,
              30.885018
            ],
            [
              75.816217,
              30.885392
            ],
            [
              75.817339,
              30.88574
            ],
            [
              75.818384,
              30.886097
            ],
            [
              75.819556,
              30.886465
            ],
            [
              75.820479,
              30.886755
            ],
            [
              75.821259,
              30.887006
            ],
            [
              75.82151,
              30.886915
            ],
            [
              75.822604,
              30.88653
            ],
            [
              75.823611,
              30.886132
            ],
            [
              75.824135,
              30.885927
            ]
          ]
        ]
      }
    },
    {
      "type": "Feature",
      "properties": {
        "ward_no": 44,
        "ward_name": "Ward 44",
        "zone": "A",
        "area_sq_km": 0.605,
        "centroid": [
          75.867653,
          30.882659
        ]
      },
      "geometry": {
        "type": "Polygon",
        "coordinates": [
          [
            [
              75.872921,
              30.885975
            ],
            [
              75.872863,
              30.885887
            ],
            [
              75.872537,
              30.885382
            ],
            [
              75.872326,
              30.885049
            ],
            [
              75.872052,
              30.884621
            ],
            [
              75.87184,
              30.88429
            ],
            [
              75.871565,
              30.883864
            ],
            [
              75.871334,
              30.883509
            ],
            [
              75.871118,
              30.883169
            ],
            [
              75.870942,
              30.882899
            ],
            [
              75.870772,
              30.88263
            ],
            [
              75.870456,
              30.882131
            ],
            [
              75.870202,
              30.881726
            ],
            [
              75.86997,
              30.881325
            ],
            [
              75.87046,
              30.881065
            ],
            [
              75.870964,
              30.880796
            ],
            [
              75.870945,
              30.880149
            ],
            [
              75.870934,
              30.879394
            ],
            [
              75.870618,
              30.879404
            ],
            [
              75.86996,
              30.879417
            ],
            [
              75.869951,
              30.878963
            ],
            [
              75.869907,
              30.878363
            ],
            [
              75.869459,
              30.87837
            ],
            [
              75.868561,
              30.878395
            ],
            [
              75.868011,
              30.878407
            ],
            [
              75.867508,
              30.878382
            ],
            [
              75.867202,
              30.878404
            ],
            [
              75.866991,
              30.87842
            ],
            [
              75.866633,
              30.878438
            ],
            [
              75.866202,
              30.878453
            ],
            [
              75.86584,
              30.878449
            ],
            [
              75.865195,
              30.878462
            ],
            [
              75.864531,
              30.878491
            ],
            [
              75.864084,
              30.878497
            ],
            [
              75.86366,
              30.878506
            ],
            [
              75.86333,
              30.878514
            ],
            [
              75.862997,
              30.878521
            ],
            [
              75.862465,
              30.878537
            ],
            [
              75.862402,
              30.878539
            ],
            [
              75.862418,
              30.879033
            ],
            [
              75.862421,
              30.879299
            ],
            [
              75.862385,
              30.879302
            ],
            [
              75.862436,
              30.880142
            ],
            [
              75.862442,
              30.881023
            ],
            [
              75.863213,
              30.881098
            ],
            [
              75.863567,
              30.881176
            ],
            [
              75.864456,
              30.881449
            ],
            [
              75.864946,
              30.881641
            ],
            [
              75.865445,
              30.881898
            ],
            [
              75.865918,
              30.882154
            ],
            [
              75.866671,
              30.882734
            ],
            [
              75.866167,
              30.883202
            ],
            [
              75.865701,
              30.88363
            ],
            [
              75.86528,
              30.884026
            ],
            [
              75.864346,
              30.884831
            ],
            [
              75.86396,
              30.885227
            ],
            [
              75.863798,
              30.885502
            ],
            [
              75.863689,
              30.885868
            ],
            [
              75.864029,
              30.88577
            ],
            [
              75.864613,
              30.886237
            ],
            [
              75.865138,
              30.886702
            ],
            [
              75.86574,
              30.887224
            ],
            [
              75.865906,
              30.887347
            ],
            [
              75.86657,
              30.887162
            ],
            [
              75.867132,
              30.887031
            ],
            [
              75.867774,
              30.886901
            ],
            [
              75.868121,
              30.886827
            ],
            [
              75.868153,
              30.88701
            ],
            [
              75.868595,
              30.886916
            ],
            [
              75.86896,
              30.886864
            ],
            [
              75.869655,
              30.886766
            ],
            [
              75.870149,
              30.886711
            ],
            [
              75.870203,
              30.886374
            ],
            [
              75.870296,
              30.885801
            ],
            [
              75.870316,
              30.885726
            ],
            [
              75.870523,
              30.885751
            ],
            [
              75.870534,
              30.885719
            ],
            [
              75.871293,
              30.885783
            ],
            [
              75.87177,
              30.885837
            ],
            [
              75.872551,
              30.885937
            ],
            [
              75.872921,
              30.885975
            ]
          ]
        ]
      }
    },
    {
      "type": "Feature",
      "properties": {
        "ward_no": 57,
        "ward_name": "Ward 57",
        "zone": "A",
        "area_sq_km": 1.204,
        "centroid": [
          75.805614,
          30.884491
        ]
      },
      "geometry": {
        "type": "Polygon",
        "coordinates": [
          [
            [
              75.821259,
              30.887006
            ],
            [
              75.820479,
              30.886755
            ],
            [
              75.819556,
              30.886465
            ],
            [
              75.818384,
              30.886097
            ],
            [
              75.817339,
              30.88574
            ],
            [
              75.816217,
              30.885392
            ],
            [
              75.815034,
              30.885018
            ],
            [
              75.813408,
              30.884499
            ],
            [
              75.812477,
              30.88424
            ],
            [
              75.811501,
              30.883907
            ],
            [
              75.810065,
              30.883455
            ],
            [
              75.808975,
              30.883116
            ],
            [
              75.80748,
              30.882647
            ],
            [
              75.805906,
              30.882149
            ],
            [
              75.804559,
              30.881714
            ],
            [
              75.803195,
              30.881275
            ],
            [
              75.801582,
              30.880787
            ],
            [
              75.799961,
              30.880284
            ],
            [
              75.798914,
              30.879956
            ],
            [
              75.797106,
              30.879376
            ],
            [
              75.79566,
              30.878929
            ],
            [
              75.794634,
              30.878615
            ],
            [
              75.794502,
              30.878676
            ],
            [
              75.794249,
              30.87879
            ],
            [
              75.794075,
              30.878902
            ],
            [
              75.793847,
              30.879153
            ],
            [
              75.793026,
              30.880133
            ],
            [
              75.792937,
              30.88035
            ],
            [
              75.792689,
              30.880998
            ],
            [
              75.792245,
              30.881943
            ],
            [
              75.79171,
              30.883118
            ],
            [
              75.792603,
              30.883433
            ],
            [
              75.79378,
              30.88386
            ],
            [
              75.795135,
              30.884339
            ],
            [
              75.796627,
              30.884867
            ],
            [
              75.797786,
              30.885284
            ],
            [
              75.798946,
              30.885717
            ],
            [
              75.799016,
              30.885741
            ],
            [
              75.799611,
              30.88595
            ],
            [
              75.800342,
              30.886205
            ],
            [
              75.801053,
              30.88645
            ],
            [
              75.801696,
              30.886669
            ],
            [
              75.802727,
              30.887042
            ],
            [
              75.803544,
              30.887339
            ],
            [
              75.804329,
              30.887618
            ],
            [
              75.804758,
              30.887766
            ],
            [
              75.805131,
              30.886945
            ],
            [
              75.806024,
              30.885032
            ],
            [
              75.807034,
              30.885394
            ],
            [
              75.807679,
              30.885626
            ],
            [
              75.80821,
              30.885816
            ],
            [
              75.80895,
              30.886062
            ],
            [
              75.810065,
              30.886482
            ],
            [
              75.810821,
              30.886753
            ],
            [
              75.811709,
              30.887071
            ],
            [
              75.812486,
              30.887348
            ],
            [
              75.813154,
              30.887587
            ],
            [
              75.813826,
              30.887829
            ],
            [
              75.814728,
              30.888151
            ],
            [
              75.815843,
              30.888556
            ],
            [
              75.816764,
              30.888694
            ],
            [
              75.817412,
              30.888444
            ],
            [
              75.818684,
              30.887962
            ],
            [
              75.820224,
              30.887378
            ],
            [
              75.821259,
              30.887006
            ]
          ]
        ]
      }
    },
    {
      "type": "Feature",
      "properties": {
        "ward_no": 25,
        "ward_name": "Ward 25",
        "zone": "A",
        "area_sq_km": 6.638,
        "centroid": [
          75.937911,
          30.871931
        ]
      },
      "geometry": {
        "type": "Polygon",
        "coordinates": [
          [
            [
              75.952235,
              30.880796
            ],
            [
              75.952212,
              30.880679
            ],
            [
              75.952425,
              30.88058
            ],
            [
              75.952641,
              30.880477
            ],
            [
              75.953023,
              30.880295
            ],
            [
              75.955066,
              30.879325
            ],
            [
              75.955073,
              30.879321
            ],
            [
              75.9519,
              30.874288
            ],
            [
              75.951492,
              30.873641
            ],
            [
              75.951474,
              30.873618
            ],
            [
              75.951358,
              30.873476
            ],
            [
              75.951076,
              30.873129
            ],
            [
              75.949586,
              30.871997
            ],
            [
              75.951537,
              30.870657
            ],
            [
              75.950251,
              30.868768
            ],
            [
              75.949194,
              30.867323
            ],
            [
              75.947326,
              30.864471
            ],
            [
              75.946344,
              30.863028
            ],
            [
              75.946173,
              30.8629
            ],
            [
              75.945557,
              30.862439
            ],
            [
              75.943982,
              30.861263
            ],
            [
              75.944288,
              30.860957
            ],
            [
              75.944646,
              30.8606
            ],
            [
              75.945276,
              30.859972
            ],
            [
              75.945059,
              30.859773
            ],
            [
              75.942719,
              30.857631
            ],
            [
              75.942716,
              30.857628
            ],
            [
              75.956141,
              30.850438
            ],
            [
              75.955899,
              30.850154
            ],
            [
              75.955849,
              30.850096
            ],
            [
              75.955786,
              30.850031
            ],
            [
              75.955708,
              30.84995
            ],
            [
              75.955521,
              30.849755
            ],
            [
              75.955495,
              30.849729
            ],
            [
              75.954121,
              30.848299
            ],
            [
              75.953779,
              30.847933
            ],
            [
              75.953704,
              30.847854
            ],
            [
              75.946159,
              30.852295
            ],
            [
              75.94527,
              30.852818
            ],
            [
              75.940274,
              30.855909
            ],
            [
              75.938331,
              30.85717
            ],
            [
              75.936928,
              30.858007
            ],
            [
              75.934987,
              30.859179
            ],
            [
              75.933015,
              30.860369
            ],
            [
              75.931358,
              30.861355
            ],
            [
              75.929667,
              30.862368
            ],
            [
              75.928877,
              30.862858
            ],
            [
              75.927653,
              30.863548
            ],
            [
              75.926182,
              30.864431
            ],
            [
              75.925119,
              30.865061
            ],
            [
              75.924091,
              30.865693
            ],
            [
              75.923197,
              30.866236
            ],
            [
              75.921519,
              30.867219
            ],
            [
              75.920386,
              30.867869
            ],
            [
              75.919607,
              30.868283
            ],
            [
              75.919345,
              30.869467
            ],
            [
              75.919111,
              30.870322
            ],
            [
              75.91863,
              30.872293
            ],
            [
              75.91824,
              30.87383
            ],
            [
              75.919472,
              30.873204
            ],
            [
              75.920776,
              30.872531
            ],
            [
              75.921301,
              30.872281
            ],
            [
              75.921601,
              30.872093
            ],
            [
              75.922425,
              30.872547
            ],
            [
              75.922849,
              30.87278
            ],
            [
              75.923335,
              30.873047
            ],
            [
              75.923858,
              30.873361
            ],
            [
              75.924111,
              30.873227
            ],
            [
              75.924699,
              30.87293
            ],
            [
              75.925532,
              30.872502
            ],
            [
              75.926692,
              30.871929
            ],
            [
              75.9272,
              30.871654
            ],
            [
              75.927736,
              30.871383
            ],
            [
              75.92827,
              30.871134
            ],
            [
              75.929676,
              30.870419
            ],
            [
              75.930396,
              30.871484
            ],
            [
              75.931062,
              30.872469
            ],
            [
              75.931483,
              30.873116
            ],
            [
              75.931853,
              30.87367
            ],
            [
              75.932472,
              30.874569
            ],
            [
              75.932975,
              30.875325
            ],
            [
              75.934165,
              30.87706
            ],
            [
              75.934782,
              30.877981
            ],
            [
              75.931489,
              30.879692
            ],
            [
              75.930685,
              30.880114
            ],
            [
              75.92953,
              30.88077
            ],
            [
              75.929741,
              30.881101
            ],
            [
              75.930016,
              30.881527
            ],
            [
              75.930336,
              30.882065
            ],
            [
              75.930583,
              30.882546
            ],
            [
              75.930874,
              30.882922
            ],
            [
              75.931431,
              30.883657
            ],
            [
              75.931925,
              30.884225
            ],
            [
              75.93241,
              30.884811
            ],
            [
              75.932844,
              30.885317
            ],
            [
              75.933158,
              30.885689
            ],
            [
              75.933634,
              30.886281
            ],
            [
              75.934054,
              30.886799
            ],
            [
              75.934488,
              30.887339
            ],
            [
              75.934913,
              30.887894
            ],
            [
              75.935131,
              30.888233
            ],
            [
              75.935236,
              30.888461
            ],
            [
              75.935402,
              30.88839
            ],
            [
              75.936166,
              30.888043
            ],
            [
              75.936876,
              30.887723
            ],
            [
              75.9376,
              30.887405
            ],
            [
              75.93894,
              30.886792
            ],
            [
              75.939947,
              30.886337
            ],
            [
              75.941004,
              30.885862
            ],
            [
              75.942279,
              30.88529
            ],
            [
              75.943542,
              30.884728
            ],
            [
              75.944945,
              30.884091
            ],
            [
              75.946837,
              30.883237
            ],
            [
              75.948055,
              30.882693
            ],
            [
              75.949264,
              30.882137
            ],
            [
              75.950444,
              30.881609
            ],
            [
              75.950715,
              30.881485
            ],
            [
              75.951381,
              30.88118
            ],
            [
              75.952235,
              30.880796
            ]
          ]
        ]
      }
    },
    {
      "type": "Feature",
      "properties": {
        "ward_no": 47,
        "ward_name": "Ward 47",
        "zone": "A",
        "area_sq_km": 1.643,
        "centroid": [
          75.847667,
          30.881894
        ]
      },
      "geometry": {
        "type": "Polygon",
        "coordinates": [
          [
            [
              75.858476,
              30.88925
            ],
            [
              75.858522,
              30.888176
            ],
            [
              75.858553,
              30.887439
            ],
            [
              75.85858,
              30.886834
            ],
            [
              75.858588,
              30.886169
            ],
            [
              75.858611,
              30.885485
            ],
            [
              75.858636,
              30.884758
            ],
            [
              75.858644,
              30.88437
            ],
            [
              75.858649,
              30.88411
            ],
            [
              75.858317,
              30.884119
            ],
            [
              75.857548,
              30.884139
            ],
            [
              75.856901,
              30.884155
            ],
            [
              75.856446,
              30.884167
            ],
            [
              75.855885,
              30.884172
            ],
            [
              75.855134,
              30.884174
            ],
            [
              75.854443,
              30.88419
            ],
            [
              75.854055,
              30.884194
            ],
            [
              75.853492,
              30.884225
            ],
            [
              75.853475,
              30.884024
            ],
            [
              75.853403,
              30.88291
            ],
            [
              75.853334,
              30.882
            ],
            [
              75.85329,
              30.881174
            ],
            [
              75.853204,
              30.880116
            ],
            [
              75.853139,
              30.879177
            ],
            [
              75.853025,
              30.877983
            ],
            [
              75.852966,
              30.8771
            ],
            [
              75.852944,
              30.876242
            ],
            [
              75.852855,
              30.874965
            ],
            [
              75.852829,
              30.874063
            ],
            [
              75.852767,
              30.873098
            ],
            [
              75.852721,
              30.871931
            ],
            [
              75.852628,
              30.871242
            ],
            [
              75.852301,
              30.871531
            ],
            [
              75.851901,
              30.87188
            ],
            [
              75.851454,
              30.872274
            ],
            [
              75.850881,
              30.872777
            ],
            [
              75.85049,
              30.873119
            ],
            [
              75.850006,
              30.873554
            ],
            [
              75.849647,
              30.873867
            ],
            [
              75.849295,
              30.874177
            ],
            [
              75.848885,
              30.87454
            ],
            [
              75.848494,
              30.874891
            ],
            [
              75.848194,
              30.875165
            ],
            [
              75.84779,
              30.87553
            ],
            [
              75.847212,
              30.876028
            ],
            [
              75.846781,
              30.876368
            ],
            [
              75.84641,
              30.876653
            ],
            [
              75.84606,
              30.876895
            ],
            [
              75.845799,
              30.87708
            ],
            [
              75.845649,
              30.877186
            ],
            [
              75.845431,
              30.877324
            ],
            [
              75.845218,
              30.877456
            ],
            [
              75.844755,
              30.877734
            ],
            [
              75.844194,
              30.878042
            ],
            [
              75.84347,
              30.878403
            ],
            [
              75.842477,
              30.878827
            ],
            [
              75.840784,
              30.879514
            ],
            [
              75.839774,
              30.879906
            ],
            [
              75.839151,
              30.880152
            ],
            [
              75.838563,
              30.880377
            ],
            [
              75.837834,
              30.880656
            ],
            [
              75.837197,
              30.880897
            ],
            [
              75.836548,
              30.881145
            ],
            [
              75.836055,
              30.881349
            ],
            [
              75.835699,
              30.881483
            ],
            [
              75.835277,
              30.88164
            ],
            [
              75.834864,
              30.881791
            ],
            [
              75.834826,
              30.881806
            ],
            [
              75.834418,
              30.881967
            ],
            [
              75.833765,
              30.882221
            ],
            [
              75.833193,
              30.882434
            ],
            [
              75.833015,
              30.882503
            ],
            [
              75.833706,
              30.883942
            ],
            [
              75.834274,
              30.885078
            ],
            [
              75.834668,
              30.884922
            ],
            [
              75.835807,
              30.884512
            ],
            [
              75.83698,
              30.884071
            ],
            [
              75.838018,
              30.883675
            ],
            [
              75.839591,
              30.883087
            ],
            [
              75.840869,
              30.882605
            ],
            [
              75.84141,
              30.88248
            ],
            [
              75.842506,
              30.88205
            ],
            [
              75.842096,
              30.881282
            ],
            [
              75.842936,
              30.880951
            ],
            [
              75.843178,
              30.881586
            ],
            [
              75.843399,
              30.882158
            ],
            [
              75.843798,
              30.881985
            ],
            [
              75.84395,
              30.882256
            ],
            [
              75.844138,
              30.882508
            ],
            [
              75.844324,
              30.882816
            ],
            [
              75.844402,
              30.882938
            ],
            [
              75.844873,
              30.882734
            ],
            [
              75.844915,
              30.882913
            ],
            [
              75.845759,
              30.882843
            ],
            [
              75.845703,
              30.882215
            ],
            [
              75.845669,
              30.881889
            ],
            [
              75.845421,
              30.881951
            ],
            [
              75.84536,
              30.881879
            ],
            [
              75.845673,
              30.881623
            ],
            [
              75.84577,
              30.8815
            ],
            [
              75.845877,
              30.881423
            ],
            [
              75.845845,
              30.88126
            ],
            [
              75.845808,
              30.88103
            ],
            [
              75.845789,
              30.880934
            ],
            [
              75.845618,
              30.881023
            ],
            [
              75.845508,
              30.880802
            ],
            [
              75.845407,
              30.880639
            ],
            [
              75.845815,
              30.880439
            ],
            [
              75.846251,
              30.880221
            ],
            [
              75.846792,
              30.879959
            ],
            [
              75.847304,
              30.879693
            ],
            [
              75.847438,
              30.880067
            ],
            [
              75.847557,
              30.880436
            ],
            [
              75.847675,
              30.880723
            ],
            [
              75.847748,
              30.881194
            ],
            [
              75.847835,
              30.881618
            ],
            [
              75.847933,
              30.88242
            ],
            [
              75.847985,
              30.882972
            ],
            [
              75.848041,
              30.883619
            ],
            [
              75.848112,
              30.884331
            ],
            [
              75.848205,
              30.884774
            ],
            [
              75.848326,
              30.885285
            ],
            [
              75.848431,
              30.88561
            ],
            [
              75.848588,
              30.886163
            ],
            [
              75.848996,
              30.887157
            ],
            [
              75.84917,
              30.887684
            ],
            [
              75.849467,
              30.888528
            ],
            [
              75.84969,
              30.88922
            ],
            [
              75.849742,
              30.889392
            ],
            [
              75.849809,
              30.88938
            ],
            [
              75.850483,
              30.889278
            ],
            [
              75.850962,
              30.889231
            ],
            [
              75.851381,
              30.889215
            ],
            [
              75.851988,
              30.889213
            ],
            [
              75.852649,
              30.88921
            ],
            [
              75.853371,
              30.889194
            ],
            [
              75.854005,
              30.889187
            ],
            [
              75.854583,
              30.889173
            ],
            [
              75.855242,
              30.889175
            ],
            [
              75.856105,
              30.88919
            ],
            [
              75.856882,
              30.889207
            ],
            [
              75.857756,
              30.889229
            ],
            [
              75.858373,
              30.889246
            ],
            [
              75.858476,
              30.88925
            ]
          ]
        ]
      }
    },
    {
      "type": "Feature",
      "properties": {
        "ward_no": 45,
        "ward_name": "Ward 45",
        "zone": "A",
        "area_sq_km": 0.928,
        "centroid": [
          75.865266,
          30.885615
        ]
      },
      "geometry": {
        "type": "Polygon",
        "coordinates": [
          [
            [
              75.873386,
              30.886685
            ],
            [
              75.873299,
              30.886551
            ],
            [
              75.873277,
              30.886518
            ],
            [
              75.873026,
              30.886135
            ],
            [
              75.872921,
              30.885975
            ],
            [
              75.872551,
              30.885937
            ],
            [
              75.87177,
              30.885837
            ],
            [
              75.871293,
              30.885783
            ],
            [
              75.870534,
              30.885719
            ],
            [
              75.870523,
              30.885751
            ],
            [
              75.870316,
              30.885726
            ],
            [
              75.870296,
              30.885801
            ],
            [
              75.870203,
              30.886374
            ],
            [
              75.870149,
              30.886711
            ],
            [
              75.869655,
              30.886766
            ],
            [
              75.86896,
              30.886864
            ],
            [
              75.868595,
              30.886916
            ],
            [
              75.868153,
              30.88701
            ],
            [
              75.868121,
              30.886827
            ],
            [
              75.867774,
              30.886901
            ],
            [
              75.867132,
              30.887031
            ],
            [
              75.86657,
              30.887162
            ],
            [
              75.865906,
              30.887347
            ],
            [
              75.86574,
              30.887224
            ],
            [
              75.865138,
              30.886702
            ],
            [
              75.864613,
              30.886237
            ],
            [
              75.864029,
              30.88577
            ],
            [
              75.863689,
              30.885868
            ],
            [
              75.863798,
              30.885502
            ],
            [
              75.86396,
              30.885227
            ],
            [
              75.864346,
              30.884831
            ],
            [
              75.86528,
              30.884026
            ],
            [
              75.865701,
              30.88363
            ],
            [
              75.866167,
              30.883202
            ],
            [
              75.866671,
              30.882734
            ],
            [
              75.865918,
              30.882154
            ],
            [
              75.865445,
              30.881898
            ],
            [
              75.864946,
              30.881641
            ],
            [
              75.864456,
              30.881449
            ],
            [
              75.863567,
              30.881176
            ],
            [
              75.863213,
              30.881098
            ],
            [
              75.862442,
              30.881023
            ],
            [
              75.862436,
              30.880142
            ],
            [
              75.862385,
              30.879302
            ],
            [
              75.862421,
              30.879299
            ],
            [
              75.862418,
              30.879033
            ],
            [
              75.862402,
              30.878539
            ],
            [
              75.861982,
              30.878553
            ],
            [
              75.861635,
              30.878563
            ],
            [
              75.861174,
              30.878572
            ],
            [
              75.860859,
              30.878557
            ],
            [
              75.860843,
              30.877656
            ],
            [
              75.860258,
              30.87766
            ],
            [
              75.859621,
              30.877689
            ],
            [
              75.858858,
              30.877723
            ],
            [
              75.858838,
              30.878604
            ],
            [
              75.858818,
              30.879052
            ],
            [
              75.8588,
              30.879583
            ],
            [
              75.858779,
              30.880194
            ],
            [
              75.85876,
              30.880767
            ],
            [
              75.85875,
              30.881371
            ],
            [
              75.858745,
              30.881941
            ],
            [
              75.858726,
              30.882528
            ],
            [
              75.858689,
              30.883061
            ],
            [
              75.858675,
              30.883498
            ],
            [
              75.85865,
              30.884029
            ],
            [
              75.858649,
              30.88411
            ],
            [
              75.858644,
              30.88437
            ],
            [
              75.858636,
              30.884758
            ],
            [
              75.858611,
              30.885485
            ],
            [
              75.858588,
              30.886169
            ],
            [
              75.85858,
              30.886834
            ],
            [
              75.858553,
              30.887439
            ],
            [
              75.858522,
              30.888176
            ],
            [
              75.858476,
              30.88925
            ],
            [
              75.858489,
              30.88925
            ],
            [
              75.859002,
              30.889267
            ],
            [
              75.8597,
              30.889279
            ],
            [
              75.860172,
              30.88927
            ],
            [
              75.860671,
              30.889273
            ],
            [
              75.861321,
              30.889306
            ],
            [
              75.861836,
              30.88936
            ],
            [
              75.863016,
              30.889651
            ],
            [
              75.863993,
              30.890025
            ],
            [
              75.864598,
              30.890355
            ],
            [
              75.864912,
              30.890571
            ],
            [
              75.865234,
              30.890436
            ],
            [
              75.865221,
              30.890153
            ],
            [
              75.865915,
              30.89006
            ],
            [
              75.865921,
              30.890078
            ],
            [
              75.866359,
              30.890012
            ],
            [
              75.866963,
              30.889911
            ],
            [
              75.867122,
              30.889914
            ],
            [
              75.867331,
              30.88987
            ],
            [
              75.867713,
              30.889771
            ],
            [
              75.867953,
              30.88971
            ],
            [
              75.867883,
              30.889546
            ],
            [
              75.868212,
              30.889469
            ],
            [
              75.868478,
              30.889422
            ],
            [
              75.868757,
              30.889376
            ],
            [
              75.869064,
              30.889311
            ],
            [
              75.869377,
              30.889248
            ],
            [
              75.869352,
              30.889138
            ],
            [
              75.869697,
              30.889068
            ],
            [
              75.87007,
              30.889003
            ],
            [
              75.870638,
              30.888888
            ],
            [
              75.870577,
              30.888598
            ],
            [
              75.870776,
              30.888569
            ],
            [
              75.871249,
              30.888538
            ],
            [
              75.87178,
              30.888515
            ],
            [
              75.87178,
              30.888454
            ],
            [
              75.872301,
              30.888413
            ],
            [
              75.873088,
              30.888328
            ],
            [
              75.873275,
              30.887704
            ],
            [
              75.873373,
              30.887282
            ],
            [
              75.873386,
              30.886685
            ]
          ]
        ]
      }
    },
    {
      "type": "Feature",
      "properties": {
        "ward_no": 32,
        "ward_name": "Ward 32",
        "zone": "A",
        "area_sq_km": 7.237,
        "centroid": [
          75.906146,
          30.871061
        ]
      },
      "geometry": {
        "type": "Polygon",
        "coordinates": [
          [
            [
              75.898472,
              30.883948
            ],
            [
              75.898853,
              30.883794
            ],
            [
              75.899582,
              30.883506
            ],
            [
              75.900473,
              30.883033
            ],
            [
              75.90111,
              30.882702
            ],
            [
              75.901675,
              30.882411
            ],
            [
              75.901814,
              30.88234
            ],
            [
              75.903091,
              30.881658
            ],
            [
              75.903977,
              30.881201
            ],
            [
              75.905133,
              30.880601
            ],
            [
              75.906611,
              30.879827
            ],
            [
              75.907581,
              30.879331
            ],
            [
              75.908905,
              30.878637
            ],
            [
              75.908936,
              30.878621
            ],
            [
              75.909251,
              30.878456
            ],
            [
              75.909638,
              30.878255
            ],
            [
              75.910344,
              30.877897
            ],
            [
              75.910553,
              30.877783
            ],
            [
              75.911136,
              30.877502
            ],
            [
              75.911847,
              30.877119
            ],
            [
              75.91294,
              30.876555
            ],
            [
              75.914197,
              30.875915
            ],
            [
              75.915306,
              30.87535
            ],
            [
              75.916593,
              30.87469
            ],
            [
              75.917294,
              30.874328
            ],
            [
              75.918209,
              30.873846
            ],
            [
              75.91824,
              30.87383
            ],
            [
              75.91863,
              30.872293
            ],
            [
              75.919111,
              30.870322
            ],
            [
              75.919345,
              30.869467
            ],
            [
              75.919607,
              30.868283
            ],
            [
              75.920386,
              30.867869
            ],
            [
              75.921519,
              30.867219
            ],
            [
              75.923197,
              30.866236
            ],
            [
              75.924091,
              30.865693
            ],
            [
              75.925119,
              30.865061
            ],
            [
              75.926182,
              30.864431
            ],
            [
              75.927653,
              30.863548
            ],
            [
              75.928877,
              30.862858
            ],
            [
              75.929667,
              30.862368
            ],
            [
              75.931358,
              30.861355
            ],
            [
              75.933015,
              30.860369
            ],
            [
              75.934987,
              30.859179
            ],
            [
              75.936928,
              30.858007
            ],
            [
              75.938331,
              30.85717
            ],
            [
              75.940274,
              30.855909
            ],
            [
              75.94527,
              30.852818
            ],
            [
              75.94429,
              30.851445
            ],
            [
              75.943311,
              30.850071
            ],
            [
              75.943098,
              30.849496
            ],
            [
              75.942699,
              30.848959
            ],
            [
              75.942426,
              30.848591
            ],
            [
              75.942056,
              30.848093
            ],
            [
              75.941618,
              30.847585
            ],
            [
              75.940282,
              30.846035
            ],
            [
              75.940279,
              30.846029
            ],
            [
              75.940043,
              30.845576
            ],
            [
              75.940028,
              30.845549
            ],
            [
              75.933208,
              30.848908
            ],
            [
              75.929701,
              30.850628
            ],
            [
              75.927841,
              30.851549
            ],
            [
              75.927816,
              30.851562
            ],
            [
              75.92779,
              30.851529
            ],
            [
              75.927707,
              30.851569
            ],
            [
              75.926175,
              30.852268
            ],
            [
              75.925051,
              30.852826
            ],
            [
              75.92433,
              30.853165
            ],
            [
              75.923459,
              30.85359
            ],
            [
              75.922887,
              30.853872
            ],
            [
              75.922139,
              30.854225
            ],
            [
              75.921229,
              30.854684
            ],
            [
              75.920594,
              30.855004
            ],
            [
              75.919821,
              30.855371
            ],
            [
              75.919228,
              30.855658
            ],
            [
              75.918513,
              30.855988
            ],
            [
              75.918069,
              30.85622
            ],
            [
              75.917426,
              30.856541
            ],
            [
              75.916956,
              30.856763
            ],
            [
              75.916404,
              30.857042
            ],
            [
              75.915801,
              30.857335
            ],
            [
              75.915183,
              30.85765
            ],
            [
              75.914494,
              30.857977
            ],
            [
              75.913672,
              30.858389
            ],
            [
              75.912921,
              30.858756
            ],
            [
              75.912583,
              30.858921
            ],
            [
              75.911654,
              30.859375
            ],
            [
              75.911074,
              30.859659
            ],
            [
              75.91057,
              30.859905
            ],
            [
              75.910018,
              30.860184
            ],
            [
              75.909803,
              30.860317
            ],
            [
              75.909643,
              30.860445
            ],
            [
              75.90944,
              30.860607
            ],
            [
              75.909178,
              30.86092
            ],
            [
              75.908869,
              30.861278
            ],
            [
              75.908719,
              30.861482
            ],
            [
              75.908471,
              30.861841
            ],
            [
              75.90811,
              30.862378
            ],
            [
              75.907794,
              30.862838
            ],
            [
              75.907423,
              30.86337
            ],
            [
              75.907076,
              30.863896
            ],
            [
              75.906695,
              30.864456
            ],
            [
              75.906384,
              30.864923
            ],
            [
              75.905842,
              30.865694
            ],
            [
              75.905419,
              30.866298
            ],
            [
              75.905027,
              30.866902
            ],
            [
              75.904581,
              30.867548
            ],
            [
              75.904188,
              30.868088
            ],
            [
              75.903914,
              30.868464
            ],
            [
              75.903149,
              30.868494
            ],
            [
              75.90208,
              30.868512
            ],
            [
              75.901437,
              30.868533
            ],
            [
              75.900732,
              30.868572
            ],
            [
              75.900254,
              30.868579
            ],
            [
              75.900072,
              30.868582
            ],
            [
              75.899457,
              30.868598
            ],
            [
              75.898835,
              30.868617
            ],
            [
              75.898565,
              30.868641
            ],
            [
              75.898467,
              30.868125
            ],
            [
              75.897862,
              30.868335
            ],
            [
              75.897348,
              30.868529
            ],
            [
              75.896797,
              30.868739
            ],
            [
              75.896171,
              30.868993
            ],
            [
              75.895872,
              30.869101
            ],
            [
              75.895824,
              30.868496
            ],
            [
              75.895781,
              30.867872
            ],
            [
              75.895713,
              30.867257
            ],
            [
              75.895328,
              30.867257
            ],
            [
              75.894656,
              30.867255
            ],
            [
              75.894631,
              30.867867
            ],
            [
              75.894635,
              30.868634
            ],
            [
              75.894633,
              30.869067
            ],
            [
              75.894607,
              30.869253
            ],
            [
              75.894631,
              30.869682
            ],
            [
              75.895169,
              30.870064
            ],
            [
              75.895506,
              30.870331
            ],
            [
              75.895541,
              30.870359
            ],
            [
              75.896072,
              30.870731
            ],
            [
              75.89656,
              30.871092
            ],
            [
              75.897151,
              30.871529
            ],
            [
              75.897721,
              30.871387
            ],
            [
              75.89783,
              30.87191
            ],
            [
              75.897877,
              30.872174
            ],
            [
              75.897957,
              30.872565
            ],
            [
              75.897971,
              30.87263
            ],
            [
              75.898016,
              30.872885
            ],
            [
              75.898084,
              30.873333
            ],
            [
              75.898165,
              30.873798
            ],
            [
              75.898259,
              30.874361
            ],
            [
              75.898398,
              30.875158
            ],
            [
              75.898544,
              30.876051
            ],
            [
              75.898633,
              30.876538
            ],
            [
              75.898715,
              30.87711
            ],
            [
              75.898843,
              30.877716
            ],
            [
              75.8989,
              30.878194
            ],
            [
              75.898942,
              30.879021
            ],
            [
              75.897682,
              30.879653
            ],
            [
              75.896761,
              30.880115
            ],
            [
              75.895945,
              30.880525
            ],
            [
              75.894989,
              30.881012
            ],
            [
              75.894134,
              30.88144
            ],
            [
              75.893267,
              30.881875
            ],
            [
              75.892329,
              30.882342
            ],
            [
              75.89123,
              30.882905
            ],
            [
              75.889951,
              30.883533
            ],
            [
              75.889291,
              30.883859
            ],
            [
              75.888723,
              30.884149
            ],
            [
              75.888323,
              30.884363
            ],
            [
              75.887874,
              30.884608
            ],
            [
              75.887119,
              30.885048
            ],
            [
              75.8862,
              30.885572
            ],
            [
              75.885263,
              30.886124
            ],
            [
              75.885007,
              30.886285
            ],
            [
              75.884878,
              30.886396
            ],
            [
              75.884713,
              30.886566
            ],
            [
              75.884629,
              30.886692
            ],
            [
              75.884536,
              30.886853
            ],
            [
              75.884423,
              30.887129
            ],
            [
              75.884383,
              30.887286
            ],
            [
              75.884355,
              30.887492
            ],
            [
              75.884337,
              30.887682
            ],
            [
              75.884335,
              30.887734
            ],
            [
              75.884314,
              30.888212
            ],
            [
              75.884324,
              30.888621
            ],
            [
              75.884303,
              30.888973
            ],
            [
              75.884218,
              30.889997
            ],
            [
              75.884193,
              30.89032
            ],
            [
              75.884183,
              30.890666
            ],
            [
              75.884189,
              30.891001
            ],
            [
              75.884176,
              30.891335
            ],
            [
              75.884152,
              30.891637
            ],
            [
              75.884441,
              30.891494
            ],
            [
              75.885118,
              30.891118
            ],
            [
              75.885722,
              30.890772
            ],
            [
              75.886603,
              30.890291
            ],
            [
              75.887748,
              30.889674
            ],
            [
              75.888712,
              30.889182
            ],
            [
              75.889458,
              30.888796
            ],
            [
              75.890287,
              30.88838
            ],
            [
              75.890793,
              30.888117
            ],
            [
              75.891218,
              30.887928
            ],
            [
              75.891569,
              30.887317
            ],
            [
              75.891731,
              30.887068
            ],
            [
              75.891993,
              30.886685
            ],
            [
              75.892274,
              30.886465
            ],
            [
              75.893052,
              30.885962
            ],
            [
              75.896344,
              30.884733
            ],
            [
              75.897463,
              30.884336
            ],
            [
              75.898472,
              30.883948
            ]
          ]
        ]
      }
    },
    {
      "type": "Feature",
      "properties": {
        "ward_no": 51,
        "ward_name": "Ward 51",
        "zone": "A",
        "area_sq_km": 1.238,
        "centroid": [
          75.843997,
          30.886279
        ]
      },
      "geometry": {
        "type": "Polygon",
        "coordinates": [
          [
            [
              75.849742,
              30.889392
            ],
            [
              75.84969,
              30.88922
            ],
            [
              75.849467,
              30.888528
            ],
            [
              75.84917,
              30.887684
            ],
            [
              75.848996,
              30.887157
            ],
            [
              75.848588,
              30.886163
            ],
            [
              75.848431,
              30.88561
            ],
            [
              75.848326,
              30.885285
            ],
            [
              75.848205,
              30.884774
            ],
            [
              75.848112,
              30.884331
            ],
            [
              75.848041,
              30.883619
            ],
            [
              75.847985,
              30.882972
            ],
            [
              75.847933,
              30.88242
            ],
            [
              75.847835,
              30.881618
            ],
            [
              75.847748,
              30.881194
            ],
            [
              75.847675,
              30.880723
            ],
            [
              75.847557,
              30.880436
            ],
            [
              75.847438,
              30.880067
            ],
            [
              75.847304,
              30.879693
            ],
            [
              75.846792,
              30.879959
            ],
            [
              75.846251,
              30.880221
            ],
            [
              75.845815,
              30.880439
            ],
            [
              75.845407,
              30.880639
            ],
            [
              75.845508,
              30.880802
            ],
            [
              75.845618,
              30.881023
            ],
            [
              75.845789,
              30.880934
            ],
            [
              75.845808,
              30.88103
            ],
            [
              75.845845,
              30.88126
            ],
            [
              75.845877,
              30.881423
            ],
            [
              75.84577,
              30.8815
            ],
            [
              75.845673,
              30.881623
            ],
            [
              75.84536,
              30.881879
            ],
            [
              75.845421,
              30.881951
            ],
            [
              75.845669,
              30.881889
            ],
            [
              75.845703,
              30.882215
            ],
            [
              75.845759,
              30.882843
            ],
            [
              75.844915,
              30.882913
            ],
            [
              75.844873,
              30.882734
            ],
            [
              75.844402,
              30.882938
            ],
            [
              75.844324,
              30.882816
            ],
            [
              75.844138,
              30.882508
            ],
            [
              75.84395,
              30.882256
            ],
            [
              75.843798,
              30.881985
            ],
            [
              75.843399,
              30.882158
            ],
            [
              75.843178,
              30.881586
            ],
            [
              75.842936,
              30.880951
            ],
            [
              75.842096,
              30.881282
            ],
            [
              75.842506,
              30.88205
            ],
            [
              75.84141,
              30.88248
            ],
            [
              75.840869,
              30.882605
            ],
            [
              75.839591,
              30.883087
            ],
            [
              75.838018,
              30.883675
            ],
            [
              75.83698,
              30.884071
            ],
            [
              75.835807,
              30.884512
            ],
            [
              75.834668,
              30.884922
            ],
            [
              75.834274,
              30.885078
            ],
            [
              75.834308,
              30.885147
            ],
            [
              75.835081,
              30.885912
            ],
            [
              75.835407,
              30.886271
            ],
            [
              75.835588,
              30.886511
            ],
            [
              75.835894,
              30.887049
            ],
            [
              75.836297,
              30.887862
            ],
            [
              75.836549,
              30.888335
            ],
            [
              75.836772,
              30.888752
            ],
            [
              75.837054,
              30.889268
            ],
            [
              75.837295,
              30.889681
            ],
            [
              75.837584,
              30.889961
            ],
            [
              75.837977,
              30.890278
            ],
            [
              75.838597,
              30.890729
            ],
            [
              75.838699,
              30.890787
            ],
            [
              75.839125,
              30.890928
            ],
            [
              75.83956,
              30.89105
            ],
            [
              75.840064,
              30.891211
            ],
            [
              75.840668,
              30.891401
            ],
            [
              75.841178,
              30.891548
            ],
            [
              75.841711,
              30.891714
            ],
            [
              75.842184,
              30.89186
            ],
            [
              75.842521,
              30.891964
            ],
            [
              75.842732,
              30.892032
            ],
            [
              75.843124,
              30.892161
            ],
            [
              75.843466,
              30.892266
            ],
            [
              75.843772,
              30.892359
            ],
            [
              75.843967,
              30.892416
            ],
            [
              75.84441,
              30.892557
            ],
            [
              75.845167,
              30.892785
            ],
            [
              75.845561,
              30.892909
            ],
            [
              75.846378,
              30.894102
            ],
            [
              75.846396,
              30.894067
            ],
            [
              75.846759,
              30.893369
            ],
            [
              75.847144,
              30.89262
            ],
            [
              75.847504,
              30.891923
            ],
            [
              75.847827,
              30.891257
            ],
            [
              75.848401,
              30.890143
            ],
            [
              75.848611,
              30.889879
            ],
            [
              75.848724,
              30.889778
            ],
            [
              75.848954,
              30.889622
            ],
            [
              75.849051,
              30.889573
            ],
            [
              75.849154,
              30.889536
            ],
            [
              75.849318,
              30.889479
            ],
            [
              75.849423,
              30.889453
            ],
            [
              75.849525,
              30.889433
            ],
            [
              75.849742,
              30.889392
            ]
          ]
        ]
      }
    },
    {
      "type": "Feature",
      "properties": {
        "ward_no": 43,
        "ward_name": "Ward 43",
        "zone": "A",
        "area_sq_km": 3.21,
        "centroid": [
          75.881724,
          30.876956
        ]
      },
      "geometry": {
        "type": "Polygon",
        "coordinates": [
          [
            [
              75.897957,
              30.872565
            ],
            [
              75.897877,
              30.872174
            ],
            [
              75.89783,
              30.87191
            ],
            [
              75.897721,
              30.871387
            ],
            [
              75.897151,
              30.871529
            ],
            [
              75.89656,
              30.871092
            ],
            [
              75.896072,
              30.870731
            ],
            [
              75.895541,
              30.870359
            ],
            [
              75.895506,
              30.870331
            ],
            [
              75.894821,
              30.870522
            ],
            [
              75.894387,
              30.870621
            ],
            [
              75.894006,
              30.870729
            ],
            [
              75.893608,
              30.870842
            ],
            [
              75.893241,
              30.870865
            ],
            [
              75.892795,
              30.870883
            ],
            [
              75.892501,
              30.870893
            ],
            [
              75.892119,
              30.870907
            ],
            [
              75.891705,
              30.870934
            ],
            [
              75.891094,
              30.870975
            ],
            [
              75.890803,
              30.870995
            ],
            [
              75.890522,
              30.871014
            ],
            [
              75.890074,
              30.871022
            ],
            [
              75.889684,
              30.871039
            ],
            [
              75.889244,
              30.871039
            ],
            [
              75.889003,
              30.871064
            ],
            [
              75.888753,
              30.871107
            ],
            [
              75.88841,
              30.871165
            ],
            [
              75.888172,
              30.871227
            ],
            [
              75.888193,
              30.871282
            ],
            [
              75.888417,
              30.8719
            ],
            [
              75.888295,
              30.871943
            ],
            [
              75.887967,
              30.872082
            ],
            [
              75.887654,
              30.872121
            ],
            [
              75.887476,
              30.87214
            ],
            [
              75.887133,
              30.872181
            ],
            [
              75.886698,
              30.872236
            ],
            [
              75.886172,
              30.872299
            ],
            [
              75.886114,
              30.872163
            ],
            [
              75.885976,
              30.871801
            ],
            [
              75.885754,
              30.871268
            ],
            [
              75.885252,
              30.871438
            ],
            [
              75.884706,
              30.871637
            ],
            [
              75.884204,
              30.871829
            ],
            [
              75.883736,
              30.871999
            ],
            [
              75.883362,
              30.872143
            ],
            [
              75.882973,
              30.872291
            ],
            [
              75.882575,
              30.872437
            ],
            [
              75.882087,
              30.872621
            ],
            [
              75.881622,
              30.872792
            ],
            [
              75.881265,
              30.872922
            ],
            [
              75.880996,
              30.873013
            ],
            [
              75.880726,
              30.873114
            ],
            [
              75.880514,
              30.873184
            ],
            [
              75.880238,
              30.873296
            ],
            [
              75.880324,
              30.872764
            ],
            [
              75.880378,
              30.87241
            ],
            [
              75.880457,
              30.871983
            ],
            [
              75.88054,
              30.871624
            ],
            [
              75.880356,
              30.871696
            ],
            [
              75.880107,
              30.871783
            ],
            [
              75.879846,
              30.871885
            ],
            [
              75.879375,
              30.872053
            ],
            [
              75.878985,
              30.872185
            ],
            [
              75.878856,
              30.872225
            ],
            [
              75.878523,
              30.872272
            ],
            [
              75.878248,
              30.872298
            ],
            [
              75.878024,
              30.872338
            ],
            [
              75.877744,
              30.872353
            ],
            [
              75.877441,
              30.87237
            ],
            [
              75.877193,
              30.872393
            ],
            [
              75.876887,
              30.872408
            ],
            [
              75.876601,
              30.872439
            ],
            [
              75.876266,
              30.872435
            ],
            [
              75.876265,
              30.872488
            ],
            [
              75.876238,
              30.872972
            ],
            [
              75.876184,
              30.873445
            ],
            [
              75.876137,
              30.874005
            ],
            [
              75.876113,
              30.874549
            ],
            [
              75.875449,
              30.874538
            ],
            [
              75.87479,
              30.874554
            ],
            [
              75.873866,
              30.874592
            ],
            [
              75.872803,
              30.874607
            ],
            [
              75.871632,
              30.874654
            ],
            [
              75.870417,
              30.874681
            ],
            [
              75.869845,
              30.874694
            ],
            [
              75.869342,
              30.874705
            ],
            [
              75.868561,
              30.874725
            ],
            [
              75.867795,
              30.874741
            ],
            [
              75.867057,
              30.874771
            ],
            [
              75.867051,
              30.874771
            ],
            [
              75.867071,
              30.875292
            ],
            [
              75.867097,
              30.876459
            ],
            [
              75.867122,
              30.876957
            ],
            [
              75.867151,
              30.877411
            ],
            [
              75.867174,
              30.878065
            ],
            [
              75.867202,
              30.878404
            ],
            [
              75.867508,
              30.878382
            ],
            [
              75.868011,
              30.878407
            ],
            [
              75.868561,
              30.878395
            ],
            [
              75.869459,
              30.87837
            ],
            [
              75.869907,
              30.878363
            ],
            [
              75.869951,
              30.878963
            ],
            [
              75.86996,
              30.879417
            ],
            [
              75.870618,
              30.879404
            ],
            [
              75.870934,
              30.879394
            ],
            [
              75.870945,
              30.880149
            ],
            [
              75.870964,
              30.880796
            ],
            [
              75.87046,
              30.881065
            ],
            [
              75.86997,
              30.881325
            ],
            [
              75.870202,
              30.881726
            ],
            [
              75.870456,
              30.882131
            ],
            [
              75.870772,
              30.88263
            ],
            [
              75.870942,
              30.882899
            ],
            [
              75.871118,
              30.883169
            ],
            [
              75.871334,
              30.883509
            ],
            [
              75.871565,
              30.883864
            ],
            [
              75.87184,
              30.88429
            ],
            [
              75.872052,
              30.884621
            ],
            [
              75.872326,
              30.885049
            ],
            [
              75.872537,
              30.885382
            ],
            [
              75.872863,
              30.885887
            ],
            [
              75.872921,
              30.885975
            ],
            [
              75.873026,
              30.886135
            ],
            [
              75.873277,
              30.886518
            ],
            [
              75.873299,
              30.886551
            ],
            [
              75.873386,
              30.886685
            ],
            [
              75.873445,
              30.886776
            ],
            [
              75.874233,
              30.887997
            ],
            [
              75.874472,
              30.888328
            ],
            [
              75.875494,
              30.887846
            ],
            [
              75.876188,
              30.887459
            ],
            [
              75.876791,
              30.888244
            ],
            [
              75.877523,
              30.889236
            ],
            [
              75.877848,
              30.889695
            ],
            [
              75.878438,
              30.889397
            ],
            [
              75.87938,
              30.888908
            ],
            [
              75.880776,
              30.888221
            ],
            [
              75.881772,
              30.887716
            ],
            [
              75.883523,
              30.886835
            ],
            [
              75.884436,
              30.886265
            ],
            [
              75.88483,
              30.886003
            ],
            [
              75.884701,
              30.885843
            ],
            [
              75.884565,
              30.885662
            ],
            [
              75.884514,
              30.885574
            ],
            [
              75.884496,
              30.885492
            ],
            [
              75.884474,
              30.884516
            ],
            [
              75.884434,
              30.883442
            ],
            [
              75.885309,
              30.883012
            ],
            [
              75.885485,
              30.883266
            ],
            [
              75.886288,
              30.88291
            ],
            [
              75.886395,
              30.882907
            ],
            [
              75.886668,
              30.882782
            ],
            [
              75.887818,
              30.882216
            ],
            [
              75.888805,
              30.881729
            ],
            [
              75.890032,
              30.881133
            ],
            [
              75.889869,
              30.88081
            ],
            [
              75.889523,
              30.880105
            ],
            [
              75.889355,
              30.879803
            ],
            [
              75.889098,
              30.879234
            ],
            [
              75.888915,
              30.878764
            ],
            [
              75.889077,
              30.878703
            ],
            [
              75.889604,
              30.878557
            ],
            [
              75.890355,
              30.878378
            ],
            [
              75.890968,
              30.878213
            ],
            [
              75.891487,
              30.87806
            ],
            [
              75.892258,
              30.877806
            ],
            [
              75.89205,
              30.877345
            ],
            [
              75.8918,
              30.876669
            ],
            [
              75.892306,
              30.876352
            ],
            [
              75.892726,
              30.876054
            ],
            [
              75.893585,
              30.875465
            ],
            [
              75.894433,
              30.874902
            ],
            [
              75.895243,
              30.874367
            ],
            [
              75.895922,
              30.873927
            ],
            [
              75.896759,
              30.873352
            ],
            [
              75.897957,
              30.872565
            ]
          ]
        ]
      }
    },
    {
      "type": "Feature",
      "properties": {
        "ward_no": 58,
        "ward_name": "Ward 58",
        "zone": "A",
        "area_sq_km": 3.016,
        "centroid": [
          75.785102,
          30.888923
        ]
      },
      "geometry": {
        "type": "Polygon",
        "coordinates": [
          [
            [
              75.797142,
              30.889651
            ],
            [
              75.797302,
              30.889331
            ],
            [
              75.797702,
              30.888507
            ],
            [
              75.798071,
              30.887747
            ],
            [
              75.798257,
              30.887363
            ],
            [
              75.798434,
              30.886999
            ],
            [
              75.798596,
              30.886665
            ],
            [
              75.799016,
              30.885741
            ],
            [
              75.798946,
              30.885717
            ],
            [
              75.797786,
              30.885284
            ],
            [
              75.796627,
              30.884867
            ],
            [
              75.795135,
              30.884339
            ],
            [
              75.79378,
              30.88386
            ],
            [
              75.792603,
              30.883433
            ],
            [
              75.79171,
              30.883118
            ],
            [
              75.792245,
              30.881943
            ],
            [
              75.792689,
              30.880998
            ],
            [
              75.792937,
              30.88035
            ],
            [
              75.793026,
              30.880133
            ],
            [
              75.793847,
              30.879153
            ],
            [
              75.794075,
              30.878902
            ],
            [
              75.794249,
              30.87879
            ],
            [
              75.794502,
              30.878676
            ],
            [
              75.794634,
              30.878615
            ],
            [
              75.7944,
              30.878543
            ],
            [
              75.7927,
              30.877981
            ],
            [
              75.790156,
              30.87719
            ],
            [
              75.787225,
              30.882916
            ],
            [
              75.787108,
              30.883154
            ],
            [
              75.786389,
              30.885305
            ],
            [
              75.786351,
              30.885418
            ],
            [
              75.786241,
              30.88557
            ],
            [
              75.783065,
              30.884574
            ],
            [
              75.775135,
              30.882537
            ],
            [
              75.774929,
              30.882484
            ],
            [
              75.769527,
              30.881847
            ],
            [
              75.769248,
              30.882706
            ],
            [
              75.766665,
              30.890639
            ],
            [
              75.766571,
              30.891214
            ],
            [
              75.766585,
              30.891219
            ],
            [
              75.767319,
              30.891445
            ],
            [
              75.767734,
              30.891582
            ],
            [
              75.768306,
              30.891743
            ],
            [
              75.768825,
              30.891922
            ],
            [
              75.769053,
              30.892025
            ],
            [
              75.769755,
              30.892242
            ],
            [
              75.770493,
              30.892472
            ],
            [
              75.770839,
              30.892589
            ],
            [
              75.771538,
              30.892802
            ],
            [
              75.772251,
              30.893032
            ],
            [
              75.773592,
              30.893491
            ],
            [
              75.774453,
              30.893777
            ],
            [
              75.775373,
              30.894105
            ],
            [
              75.776472,
              30.894425
            ],
            [
              75.777176,
              30.894658
            ],
            [
              75.77735,
              30.89471
            ],
            [
              75.77778,
              30.894824
            ],
            [
              75.778147,
              30.894943
            ],
            [
              75.778459,
              30.895055
            ],
            [
              75.778979,
              30.895214
            ],
            [
              75.77935,
              30.895328
            ],
            [
              75.77957,
              30.895401
            ],
            [
              75.780004,
              30.895559
            ],
            [
              75.780136,
              30.895626
            ],
            [
              75.780368,
              30.89574
            ],
            [
              75.780563,
              30.895831
            ],
            [
              75.780828,
              30.895968
            ],
            [
              75.781141,
              30.896144
            ],
            [
              75.781219,
              30.896218
            ],
            [
              75.781572,
              30.89595
            ],
            [
              75.781997,
              30.895612
            ],
            [
              75.782662,
              30.895075
            ],
            [
              75.782978,
              30.894831
            ],
            [
              75.78361,
              30.894315
            ],
            [
              75.784061,
              30.893979
            ],
            [
              75.784771,
              30.893406
            ],
            [
              75.78549,
              30.892801
            ],
            [
              75.786244,
              30.89222
            ],
            [
              75.78705,
              30.891556
            ],
            [
              75.787807,
              30.891006
            ],
            [
              75.788238,
              30.890664
            ],
            [
              75.788683,
              30.890303
            ],
            [
              75.789171,
              30.889813
            ],
            [
              75.78961,
              30.889408
            ],
            [
              75.790233,
              30.888814
            ],
            [
              75.790733,
              30.888354
            ],
            [
              75.791292,
              30.887792
            ],
            [
              75.791421,
              30.887588
            ],
            [
              75.791895,
              30.887758
            ],
            [
              75.793023,
              30.888169
            ],
            [
              75.794055,
              30.888528
            ],
            [
              75.794894,
              30.888837
            ],
            [
              75.795573,
              30.889089
            ],
            [
              75.796098,
              30.889277
            ],
            [
              75.796767,
              30.889507
            ],
            [
              75.797142,
              30.889651
            ]
          ]
        ]
      }
    },
    {
      "type": "Feature",
      "properties": {
        "ward_no": 53,
        "ward_name": "Ward 53",
        "zone": "A",
        "area_sq_km": 1.001,
        "centroid": [
          75.836003,
          30.890442
        ]
      },
      "geometry": {
        "type": "Polygon",
        "coordinates": [
          [
            [
              75.846037,
              30.894772
            ],
            [
              75.846068,
              30.894712
            ],
            [
              75.846378,
              30.894102
            ],
            [
              75.845561,
              30.892909
            ],
            [
              75.845167,
              30.892785
            ],
            [
              75.84441,
              30.892557
            ],
            [
              75.843967,
              30.892416
            ],
            [
              75.843772,
              30.892359
            ],
            [
              75.843466,
              30.892266
            ],
            [
              75.843124,
              30.892161
            ],
            [
              75.842732,
              30.892032
            ],
            [
              75.842521,
              30.891964
            ],
            [
              75.842184,
              30.89186
            ],
            [
              75.841711,
              30.891714
            ],
            [
              75.841178,
              30.891548
            ],
            [
              75.840668,
              30.891401
            ],
            [
              75.840064,
              30.891211
            ],
            [
              75.83956,
              30.89105
            ],
            [
              75.839125,
              30.890928
            ],
            [
              75.838699,
              30.890787
            ],
            [
              75.838597,
              30.890729
            ],
            [
              75.837977,
              30.890278
            ],
            [
              75.837584,
              30.889961
            ],
            [
              75.837295,
              30.889681
            ],
            [
              75.837054,
              30.889268
            ],
            [
              75.836772,
              30.888752
            ],
            [
              75.836549,
              30.888335
            ],
            [
              75.836297,
              30.887862
            ],
            [
              75.835894,
              30.887049
            ],
            [
              75.835588,
              30.886511
            ],
            [
              75.835407,
              30.886271
            ],
            [
              75.835081,
              30.885912
            ],
            [
              75.834308,
              30.885147
            ],
            [
              75.834274,
              30.885078
            ],
            [
              75.833706,
              30.883942
            ],
            [
              75.833015,
              30.882503
            ],
            [
              75.831809,
              30.882975
            ],
            [
              75.831027,
              30.88327
            ],
            [
              75.830148,
              30.883602
            ],
            [
              75.829244,
              30.883943
            ],
            [
              75.828479,
              30.884245
            ],
            [
              75.82753,
              30.884625
            ],
            [
              75.826375,
              30.885087
            ],
            [
              75.825064,
              30.885582
            ],
            [
              75.824308,
              30.885859
            ],
            [
              75.824135,
              30.885927
            ],
            [
              75.824161,
              30.88596
            ],
            [
              75.824299,
              30.886213
            ],
            [
              75.824557,
              30.886561
            ],
            [
              75.824747,
              30.886788
            ],
            [
              75.82521,
              30.887281
            ],
            [
              75.825768,
              30.887914
            ],
            [
              75.826209,
              30.888436
            ],
            [
              75.826361,
              30.888578
            ],
            [
              75.827865,
              30.889012
            ],
            [
              75.828752,
              30.889293
            ],
            [
              75.829614,
              30.889574
            ],
            [
              75.8301,
              30.889719
            ],
            [
              75.829912,
              30.89008
            ],
            [
              75.829703,
              30.890298
            ],
            [
              75.829163,
              30.890636
            ],
            [
              75.828372,
              30.891107
            ],
            [
              75.828494,
              30.891247
            ],
            [
              75.828685,
              30.891654
            ],
            [
              75.828813,
              30.891987
            ],
            [
              75.830818,
              30.89196
            ],
            [
              75.831955,
              30.891969
            ],
            [
              75.832995,
              30.891987
            ],
            [
              75.832986,
              30.891091
            ],
            [
              75.833054,
              30.890808
            ],
            [
              75.833068,
              30.890754
            ],
            [
              75.833655,
              30.890905
            ],
            [
              75.834462,
              30.891187
            ],
            [
              75.835262,
              30.891434
            ],
            [
              75.836296,
              30.891737
            ],
            [
              75.837755,
              30.892195
            ],
            [
              75.838597,
              30.892461
            ],
            [
              75.839696,
              30.892766
            ],
            [
              75.840798,
              30.893133
            ],
            [
              75.841991,
              30.893502
            ],
            [
              75.842702,
              30.893696
            ],
            [
              75.84272,
              30.894026
            ],
            [
              75.842747,
              30.894586
            ],
            [
              75.843233,
              30.89543
            ],
            [
              75.843662,
              30.896228
            ],
            [
              75.844063,
              30.897021
            ],
            [
              75.844495,
              30.897802
            ],
            [
              75.844596,
              30.897605
            ],
            [
              75.844731,
              30.897339
            ],
            [
              75.844931,
              30.896954
            ],
            [
              75.845128,
              30.896568
            ],
            [
              75.845435,
              30.895953
            ],
            [
              75.845708,
              30.895427
            ],
            [
              75.846037,
              30.894772
            ]
          ]
        ]
      }
    },
    {
      "type": "Feature",
      "properties": {
        "ward_no": 55,
        "ward_name": "Ward 55",
        "zone": "A",
        "area_sq_km": 2.234,
        "centroid": [
          75.81258,
          30.890005
        ]
      },
      "geometry": {
        "type": "Polygon",
        "coordinates": [
          [
            [
              75.828372,
              30.891107
            ],
            [
              75.829163,
              30.890636
            ],
            [
              75.829703,
              30.890298
            ],
            [
              75.829912,
              30.89008
            ],
            [
              75.8301,
              30.889719
            ],
            [
              75.829614,
              30.889574
            ],
            [
              75.828752,
              30.889293
            ],
            [
              75.827865,
              30.889012
            ],
            [
              75.826361,
              30.888578
            ],
            [
              75.826209,
              30.888436
            ],
            [
              75.825768,
              30.887914
            ],
            [
              75.82521,
              30.887281
            ],
            [
              75.824747,
              30.886788
            ],
            [
              75.824557,
              30.886561
            ],
            [
              75.824299,
              30.886213
            ],
            [
              75.824161,
              30.88596
            ],
            [
              75.824135,
              30.885927
            ],
            [
              75.823611,
              30.886132
            ],
            [
              75.822604,
              30.88653
            ],
            [
              75.82151,
              30.886915
            ],
            [
              75.821259,
              30.887006
            ],
            [
              75.820224,
              30.887378
            ],
            [
              75.818684,
              30.887962
            ],
            [
              75.817412,
              30.888444
            ],
            [
              75.816764,
              30.888694
            ],
            [
              75.815843,
              30.888556
            ],
            [
              75.814728,
              30.888151
            ],
            [
              75.813826,
              30.887829
            ],
            [
              75.813154,
              30.887587
            ],
            [
              75.812486,
              30.887348
            ],
            [
              75.811709,
              30.887071
            ],
            [
              75.810821,
              30.886753
            ],
            [
              75.810065,
              30.886482
            ],
            [
              75.80895,
              30.886062
            ],
            [
              75.80821,
              30.885816
            ],
            [
              75.807679,
              30.885626
            ],
            [
              75.807034,
              30.885394
            ],
            [
              75.806024,
              30.885032
            ],
            [
              75.805131,
              30.886945
            ],
            [
              75.804758,
              30.887766
            ],
            [
              75.804329,
              30.887618
            ],
            [
              75.803544,
              30.887339
            ],
            [
              75.802727,
              30.887042
            ],
            [
              75.801696,
              30.886669
            ],
            [
              75.801053,
              30.88645
            ],
            [
              75.800342,
              30.886205
            ],
            [
              75.799611,
              30.88595
            ],
            [
              75.799016,
              30.885741
            ],
            [
              75.798596,
              30.886665
            ],
            [
              75.798434,
              30.886999
            ],
            [
              75.798257,
              30.887363
            ],
            [
              75.798071,
              30.887747
            ],
            [
              75.797702,
              30.888507
            ],
            [
              75.797302,
              30.889331
            ],
            [
              75.797142,
              30.889651
            ],
            [
              75.797328,
              30.889722
            ],
            [
              75.797731,
              30.889875
            ],
            [
              75.798049,
              30.889981
            ],
            [
              75.798599,
              30.890175
            ],
            [
              75.799011,
              30.890331
            ],
            [
              75.799525,
              30.890514
            ],
            [
              75.799942,
              30.89066
            ],
            [
              75.800711,
              30.890926
            ],
            [
              75.801394,
              30.891174
            ],
            [
              75.801984,
              30.891384
            ],
            [
              75.802304,
              30.891516
            ],
            [
              75.802716,
              30.891698
            ],
            [
              75.80318,
              30.891896
            ],
            [
              75.803368,
              30.891971
            ],
            [
              75.803757,
              30.892109
            ],
            [
              75.80406,
              30.892212
            ],
            [
              75.804371,
              30.892326
            ],
            [
              75.804676,
              30.892448
            ],
            [
              75.804931,
              30.892558
            ],
            [
              75.805344,
              30.892737
            ],
            [
              75.805934,
              30.892975
            ],
            [
              75.806178,
              30.893053
            ],
            [
              75.806372,
              30.893115
            ],
            [
              75.807221,
              30.893389
            ],
            [
              75.808731,
              30.893851
            ],
            [
              75.811451,
              30.894852
            ],
            [
              75.813322,
              30.895543
            ],
            [
              75.815889,
              30.89646
            ],
            [
              75.817596,
              30.897101
            ],
            [
              75.81908,
              30.897631
            ],
            [
              75.820216,
              30.898067
            ],
            [
              75.820589,
              30.897412
            ],
            [
              75.820937,
              30.89681
            ],
            [
              75.821325,
              30.896173
            ],
            [
              75.821615,
              30.8957
            ],
            [
              75.821883,
              30.895282
            ],
            [
              75.82213,
              30.895055
            ],
            [
              75.822512,
              30.894789
            ],
            [
              75.824452,
              30.893576
            ],
            [
              75.825406,
              30.892979
            ],
            [
              75.826439,
              30.892302
            ],
            [
              75.827329,
              30.891761
            ],
            [
              75.828259,
              30.891174
            ],
            [
              75.828372,
              30.891107
            ]
          ]
        ]
      }
    },
    {
      "type": "Feature",
      "properties": {
        "ward_no": 27,
        "ward_name": "Ward 27",
        "zone": "A",
        "area_sq_km": 1.337,
        "centroid": [
          75.891174,
          30.892604
        ]
      },
      "geometry": {
        "type": "Polygon",
        "coordinates": [
          [
            [
              75.898472,
              30.883948
            ],
            [
              75.897463,
              30.884336
            ],
            [
              75.896344,
              30.884733
            ],
            [
              75.893052,
              30.885962
            ],
            [
              75.892274,
              30.886465
            ],
            [
              75.891993,
              30.886685
            ],
            [
              75.891731,
              30.887068
            ],
            [
              75.891569,
              30.887317
            ],
            [
              75.891218,
              30.887928
            ],
            [
              75.890793,
              30.888117
            ],
            [
              75.890287,
              30.88838
            ],
            [
              75.889458,
              30.888796
            ],
            [
              75.888712,
              30.889182
            ],
            [
              75.887748,
              30.889674
            ],
            [
              75.886603,
              30.890291
            ],
            [
              75.885722,
              30.890772
            ],
            [
              75.885118,
              30.891118
            ],
            [
              75.884441,
              30.891494
            ],
            [
              75.884152,
              30.891637
            ],
            [
              75.884147,
              30.891703
            ],
            [
              75.884117,
              30.892355
            ],
            [
              75.884107,
              30.892597
            ],
            [
              75.884089,
              30.892806
            ],
            [
              75.884067,
              30.893065
            ],
            [
              75.884037,
              30.893454
            ],
            [
              75.884023,
              30.893896
            ],
            [
              75.884015,
              30.894392
            ],
            [
              75.884005,
              30.894657
            ],
            [
              75.883985,
              30.894948
            ],
            [
              75.883955,
              30.895362
            ],
            [
              75.883929,
              30.895826
            ],
            [
              75.883909,
              30.89612
            ],
            [
              75.883882,
              30.896395
            ],
            [
              75.883848,
              30.896841
            ],
            [
              75.883839,
              30.897374
            ],
            [
              75.883819,
              30.89791
            ],
            [
              75.883793,
              30.898272
            ],
            [
              75.88466,
              30.898255
            ],
            [
              75.885579,
              30.898247
            ],
            [
              75.886193,
              30.898253
            ],
            [
              75.886835,
              30.898248
            ],
            [
              75.88746,
              30.89826
            ],
            [
              75.888154,
              30.89825
            ],
            [
              75.888805,
              30.898241
            ],
            [
              75.889232,
              30.898232
            ],
            [
              75.88957,
              30.898264
            ],
            [
              75.890051,
              30.898433
            ],
            [
              75.890229,
              30.898486
            ],
            [
              75.890656,
              30.898613
            ],
            [
              75.89099,
              30.898711
            ],
            [
              75.890996,
              30.898352
            ],
            [
              75.891368,
              30.898349
            ],
            [
              75.891385,
              30.897545
            ],
            [
              75.891654,
              30.89754
            ],
            [
              75.891784,
              30.897364
            ],
            [
              75.891875,
              30.897247
            ],
            [
              75.891596,
              30.896785
            ],
            [
              75.891311,
              30.896356
            ],
            [
              75.891286,
              30.89628
            ],
            [
              75.891129,
              30.896172
            ],
            [
              75.891253,
              30.896031
            ],
            [
              75.891709,
              30.895547
            ],
            [
              75.892174,
              30.895033
            ],
            [
              75.892818,
              30.89434
            ],
            [
              75.893419,
              30.893712
            ],
            [
              75.893606,
              30.893771
            ],
            [
              75.894124,
              30.893218
            ],
            [
              75.894421,
              30.892903
            ],
            [
              75.894606,
              30.892642
            ],
            [
              75.895305,
              30.89228
            ],
            [
              75.896364,
              30.89176
            ],
            [
              75.897336,
              30.891339
            ],
            [
              75.898485,
              30.890786
            ],
            [
              75.898113,
              30.890159
            ],
            [
              75.898504,
              30.889978
            ],
            [
              75.8994,
              30.889532
            ],
            [
              75.900151,
              30.889173
            ],
            [
              75.900865,
              30.888791
            ],
            [
              75.901538,
              30.88846
            ],
            [
              75.901369,
              30.888174
            ],
            [
              75.90119,
              30.887887
            ],
            [
              75.900981,
              30.887569
            ],
            [
              75.900629,
              30.887047
            ],
            [
              75.900132,
              30.886354
            ],
            [
              75.899398,
              30.885297
            ],
            [
              75.899198,
              30.885031
            ],
            [
              75.898785,
              30.884434
            ],
            [
              75.898605,
              30.884173
            ],
            [
              75.898472,
              30.883948
            ]
          ]
        ]
      }
    },
    {
      "type": "Feature",
      "properties": {
        "ward_no": 26,
        "ward_name": "Ward 26",
        "zone": "A",
        "area_sq_km": 1.832,
        "centroid": [
          75.906427,
          30.891483
        ]
      },
      "geometry": {
        "type": "Polygon",
        "coordinates": [
          [
            [
              75.908936,
              30.878621
            ],
            [
              75.908905,
              30.878637
            ],
            [
              75.907581,
              30.879331
            ],
            [
              75.906611,
              30.879827
            ],
            [
              75.905133,
              30.880601
            ],
            [
              75.903977,
              30.881201
            ],
            [
              75.903091,
              30.881658
            ],
            [
              75.901814,
              30.88234
            ],
            [
              75.901675,
              30.882411
            ],
            [
              75.901944,
              30.882843
            ],
            [
              75.902298,
              30.883313
            ],
            [
              75.902696,
              30.883881
            ],
            [
              75.903005,
              30.884348
            ],
            [
              75.903467,
              30.884983
            ],
            [
              75.903726,
              30.885357
            ],
            [
              75.904116,
              30.885904
            ],
            [
              75.904366,
              30.886255
            ],
            [
              75.904694,
              30.886719
            ],
            [
              75.905047,
              30.887182
            ],
            [
              75.905344,
              30.887606
            ],
            [
              75.905589,
              30.887971
            ],
            [
              75.905877,
              30.888395
            ],
            [
              75.906145,
              30.888805
            ],
            [
              75.90657,
              30.88938
            ],
            [
              75.907017,
              30.89004
            ],
            [
              75.907529,
              30.890786
            ],
            [
              75.908059,
              30.891625
            ],
            [
              75.907853,
              30.891722
            ],
            [
              75.90737,
              30.891918
            ],
            [
              75.906582,
              30.892303
            ],
            [
              75.905621,
              30.892763
            ],
            [
              75.904689,
              30.893223
            ],
            [
              75.903752,
              30.893668
            ],
            [
              75.902162,
              30.894423
            ],
            [
              75.901106,
              30.894968
            ],
            [
              75.900716,
              30.894748
            ],
            [
              75.900409,
              30.894454
            ],
            [
              75.900223,
              30.894515
            ],
            [
              75.899956,
              30.894481
            ],
            [
              75.899026,
              30.894962
            ],
            [
              75.898135,
              30.895428
            ],
            [
              75.89753,
              30.895712
            ],
            [
              75.896902,
              30.896018
            ],
            [
              75.897046,
              30.896233
            ],
            [
              75.897231,
              30.896457
            ],
            [
              75.897643,
              30.896473
            ],
            [
              75.898521,
              30.8965
            ],
            [
              75.899226,
              30.89649
            ],
            [
              75.899302,
              30.897541
            ],
            [
              75.899333,
              30.898473
            ],
            [
              75.899302,
              30.89946
            ],
            [
              75.899298,
              30.899607
            ],
            [
              75.899222,
              30.899838
            ],
            [
              75.899468,
              30.8997
            ],
            [
              75.899831,
              30.899526
            ],
            [
              75.90045,
              30.899233
            ],
            [
              75.901156,
              30.898888
            ],
            [
              75.901648,
              30.898672
            ],
            [
              75.902164,
              30.898442
            ],
            [
              75.902315,
              30.898406
            ],
            [
              75.90271,
              30.89841
            ],
            [
              75.903226,
              30.898502
            ],
            [
              75.903776,
              30.898606
            ],
            [
              75.904086,
              30.898627
            ],
            [
              75.904605,
              30.898393
            ],
            [
              75.905323,
              30.898019
            ],
            [
              75.905921,
              30.897705
            ],
            [
              75.906605,
              30.897366
            ],
            [
              75.907214,
              30.897082
            ],
            [
              75.906926,
              30.896629
            ],
            [
              75.906663,
              30.896235
            ],
            [
              75.906909,
              30.896096
            ],
            [
              75.907355,
              30.895882
            ],
            [
              75.907966,
              30.895594
            ],
            [
              75.908621,
              30.895289
            ],
            [
              75.909314,
              30.894977
            ],
            [
              75.909757,
              30.894754
            ],
            [
              75.909945,
              30.894676
            ],
            [
              75.91011,
              30.894612
            ],
            [
              75.910528,
              30.894482
            ],
            [
              75.910851,
              30.894454
            ],
            [
              75.911184,
              30.894438
            ],
            [
              75.911722,
              30.894398
            ],
            [
              75.912275,
              30.894325
            ],
            [
              75.912609,
              30.894252
            ],
            [
              75.912929,
              30.894135
            ],
            [
              75.913729,
              30.893779
            ],
            [
              75.914141,
              30.893574
            ],
            [
              75.914776,
              30.893281
            ],
            [
              75.915464,
              30.892951
            ],
            [
              75.915959,
              30.892711
            ],
            [
              75.916863,
              30.892297
            ],
            [
              75.917751,
              30.89189
            ],
            [
              75.917467,
              30.891453
            ],
            [
              75.917186,
              30.891003
            ],
            [
              75.916416,
              30.889759
            ],
            [
              75.91602,
              30.889107
            ],
            [
              75.915033,
              30.887626
            ],
            [
              75.914562,
              30.886888
            ],
            [
              75.914046,
              30.88606
            ],
            [
              75.913645,
              30.885448
            ],
            [
              75.913336,
              30.885003
            ],
            [
              75.91292,
              30.884372
            ],
            [
              75.912722,
              30.88407
            ],
            [
              75.912278,
              30.883434
            ],
            [
              75.911822,
              30.882747
            ],
            [
              75.911314,
              30.88204
            ],
            [
              75.910814,
              30.881316
            ],
            [
              75.910265,
              30.88054
            ],
            [
              75.908936,
              30.878621
            ]
          ]
        ]
      }
    },
    {
      "type": "Feature",
      "properties": {
        "ward_no": 52,
        "ward_name": "Ward 52",
        "zone": "A",
        "area_sq_km": 0.772,
        "centroid": [
          75.852661,
          30.893737
        ]
      },
      "geometry": {
        "type": "Polygon",
        "coordinates": [
          [
            [
              75.85447,
              30.898903
            ],
            [
              75.854408,
              30.898246
            ],
            [
              75.854396,
              30.897735
            ],
            [
              75.854352,
              30.89715
            ],
            [
              75.854311,
              30.896443
            ],
            [
              75.85421,
              30.89522
            ],
            [
              75.854179,
              30.894767
            ],
            [
              75.854157,
              30.894433
            ],
            [
              75.854137,
              30.894128
            ],
            [
              75.854118,
              30.893845
            ],
            [
              75.854095,
              30.8935
            ],
            [
              75.85407,
              30.893115
            ],
            [
              75.854056,
              30.892813
            ],
            [
              75.854843,
              30.892751
            ],
            [
              75.855313,
              30.892701
            ],
            [
              75.85628,
              30.892557
            ],
            [
              75.856702,
              30.892486
            ],
            [
              75.858114,
              30.892312
            ],
            [
              75.858361,
              30.892301
            ],
            [
              75.858365,
              30.892106
            ],
            [
              75.858377,
              30.891812
            ],
            [
              75.85839,
              30.891433
            ],
            [
              75.858411,
              30.891021
            ],
            [
              75.858416,
              30.890761
            ],
            [
              75.858444,
              30.890347
            ],
            [
              75.858477,
              30.889855
            ],
            [
              75.858487,
              30.889465
            ],
            [
              75.858489,
              30.88925
            ],
            [
              75.858476,
              30.88925
            ],
            [
              75.858373,
              30.889246
            ],
            [
              75.857756,
              30.889229
            ],
            [
              75.856882,
              30.889207
            ],
            [
              75.856105,
              30.88919
            ],
            [
              75.855242,
              30.889175
            ],
            [
              75.854583,
              30.889173
            ],
            [
              75.854005,
              30.889187
            ],
            [
              75.853371,
              30.889194
            ],
            [
              75.852649,
              30.88921
            ],
            [
              75.851988,
              30.889213
            ],
            [
              75.851381,
              30.889215
            ],
            [
              75.850962,
              30.889231
            ],
            [
              75.850483,
              30.889278
            ],
            [
              75.849809,
              30.88938
            ],
            [
              75.849742,
              30.889392
            ],
            [
              75.849525,
              30.889433
            ],
            [
              75.849423,
              30.889453
            ],
            [
              75.849318,
              30.889479
            ],
            [
              75.849154,
              30.889536
            ],
            [
              75.849051,
              30.889573
            ],
            [
              75.848954,
              30.889622
            ],
            [
              75.848724,
              30.889778
            ],
            [
              75.848611,
              30.889879
            ],
            [
              75.848401,
              30.890143
            ],
            [
              75.847827,
              30.891257
            ],
            [
              75.847504,
              30.891923
            ],
            [
              75.847144,
              30.89262
            ],
            [
              75.846759,
              30.893369
            ],
            [
              75.846396,
              30.894067
            ],
            [
              75.846378,
              30.894102
            ],
            [
              75.846068,
              30.894712
            ],
            [
              75.846037,
              30.894772
            ],
            [
              75.846775,
              30.895027
            ],
            [
              75.847426,
              30.895207
            ],
            [
              75.848094,
              30.895416
            ],
            [
              75.848545,
              30.895557
            ],
            [
              75.849124,
              30.895714
            ],
            [
              75.849547,
              30.895846
            ],
            [
              75.849977,
              30.896038
            ],
            [
              75.850297,
              30.896194
            ],
            [
              75.850529,
              30.896342
            ],
            [
              75.850442,
              30.896684
            ],
            [
              75.850237,
              30.896767
            ],
            [
              75.850771,
              30.898583
            ],
            [
              75.851022,
              30.899712
            ],
            [
              75.851227,
              30.899678
            ],
            [
              75.851334,
              30.899652
            ],
            [
              75.851646,
              30.900609
            ],
            [
              75.853076,
              30.900295
            ],
            [
              75.853155,
              30.900283
            ],
            [
              75.853066,
              30.899804
            ],
            [
              75.852932,
              30.899318
            ],
            [
              75.852861,
              30.899025
            ],
            [
              75.853081,
              30.898988
            ],
            [
              75.85332,
              30.898981
            ],
            [
              75.853466,
              30.898983
            ],
            [
              75.853608,
              30.899004
            ],
            [
              75.853772,
              30.898955
            ],
            [
              75.853958,
              30.898925
            ],
            [
              75.854206,
              30.898918
            ],
            [
              75.85447,
              30.898903
            ]
          ]
        ]
      }
    },
    {
      "type": "Feature",
      "properties": {
        "ward_no": 24,
        "ward_name": "Ward 24",
        "zone": "A",
        "area_sq_km": 2.394,
        "centroid": [
          75.931077,
          30.893687
        ]
      },
      "geometry": {
        "type": "Polygon",
        "coordinates": [
          [
            [
              75.932785,
              30.89516
            ],
            [
              75.932868,
              30.895098
            ],
            [
              75.93293,
              30.895052
            ],
            [
              75.938436,
              30.890935
            ],
            [
              75.93863,
              30.89079
            ],
            [
              75.953935,
              30.890766
            ],
            [
              75.953155,
              30.885664
            ],
            [
              75.953155,
              30.885663
            ],
            [
              75.952755,
              30.883375
            ],
            [
              75.952235,
              30.880796
            ],
            [
              75.951381,
              30.88118
            ],
            [
              75.950715,
              30.881485
            ],
            [
              75.950444,
              30.881609
            ],
            [
              75.949264,
              30.882137
            ],
            [
              75.948055,
              30.882693
            ],
            [
              75.946837,
              30.883237
            ],
            [
              75.944945,
              30.884091
            ],
            [
              75.943542,
              30.884728
            ],
            [
              75.942279,
              30.88529
            ],
            [
              75.941004,
              30.885862
            ],
            [
              75.939947,
              30.886337
            ],
            [
              75.93894,
              30.886792
            ],
            [
              75.9376,
              30.887405
            ],
            [
              75.936876,
              30.887723
            ],
            [
              75.936166,
              30.888043
            ],
            [
              75.935402,
              30.88839
            ],
            [
              75.935236,
              30.888461
            ],
            [
              75.934354,
              30.88884
            ],
            [
              75.933619,
              30.889181
            ],
            [
              75.932693,
              30.889602
            ],
            [
              75.932327,
              30.889759
            ],
            [
              75.931883,
              30.88996
            ],
            [
              75.93159,
              30.890115
            ],
            [
              75.931207,
              30.890356
            ],
            [
              75.930606,
              30.890761
            ],
            [
              75.929883,
              30.891252
            ],
            [
              75.929219,
              30.891713
            ],
            [
              75.928808,
              30.891989
            ],
            [
              75.928469,
              30.892206
            ],
            [
              75.928262,
              30.892318
            ],
            [
              75.927592,
              30.892643
            ],
            [
              75.926728,
              30.893057
            ],
            [
              75.925917,
              30.893455
            ],
            [
              75.924974,
              30.893924
            ],
            [
              75.92444,
              30.894181
            ],
            [
              75.923229,
              30.894768
            ],
            [
              75.922778,
              30.894984
            ],
            [
              75.921946,
              30.895392
            ],
            [
              75.921124,
              30.895786
            ],
            [
              75.92026,
              30.896214
            ],
            [
              75.918644,
              30.897003
            ],
            [
              75.918046,
              30.89729
            ],
            [
              75.917551,
              30.897536
            ],
            [
              75.916884,
              30.897852
            ],
            [
              75.916225,
              30.898168
            ],
            [
              75.916113,
              30.898225
            ],
            [
              75.916346,
              30.898529
            ],
            [
              75.916778,
              30.899197
            ],
            [
              75.917271,
              30.899794
            ],
            [
              75.917343,
              30.89991
            ],
            [
              75.917407,
              30.900145
            ],
            [
              75.91794,
              30.900914
            ],
            [
              75.917942,
              30.900918
            ],
            [
              75.918081,
              30.900849
            ],
            [
              75.918193,
              30.900832
            ],
            [
              75.920128,
              30.900764
            ],
            [
              75.922218,
              30.900726
            ],
            [
              75.923475,
              30.900685
            ],
            [
              75.92534,
              30.900633
            ],
            [
              75.926367,
              30.900571
            ],
            [
              75.927484,
              30.900508
            ],
            [
              75.928438,
              30.900439
            ],
            [
              75.929477,
              30.900388
            ],
            [
              75.929513,
              30.900208
            ],
            [
              75.929597,
              30.899587
            ],
            [
              75.929643,
              30.899258
            ],
            [
              75.929713,
              30.89864
            ],
            [
              75.929783,
              30.898223
            ],
            [
              75.929846,
              30.897852
            ],
            [
              75.929915,
              30.897616
            ],
            [
              75.929983,
              30.897459
            ],
            [
              75.930026,
              30.897201
            ],
            [
              75.930134,
              30.897056
            ],
            [
              75.930244,
              30.896885
            ],
            [
              75.930429,
              30.896725
            ],
            [
              75.930591,
              30.896879
            ],
            [
              75.930689,
              30.896971
            ],
            [
              75.93108,
              30.897272
            ],
            [
              75.931501,
              30.897587
            ],
            [
              75.931615,
              30.897426
            ],
            [
              75.932052,
              30.896775
            ],
            [
              75.931936,
              30.896658
            ],
            [
              75.931496,
              30.896258
            ],
            [
              75.931877,
              30.895936
            ],
            [
              75.932221,
              30.895651
            ],
            [
              75.932634,
              30.8953
            ],
            [
              75.932785,
              30.89516
            ]
          ]
        ]
      }
    },
    {
      "type": "Feature",
      "properties": {
        "ward_no": 21,
        "ward_name": "Ward 21",
        "zone": "A",
        "area_sq_km": 5.118,
        "centroid": [
          75.917,
          30.889485
        ]
      },
      "geometry": {
        "type": "Polygon",
        "coordinates": [
          [
            [
              75.916113,
              30.898225
            ],
            [
              75.916225,
              30.898168
            ],
            [
              75.916884,
              30.897852
            ],
            [
              75.917551,
              30.897536
            ],
            [
              75.918046,
              30.89729
            ],
            [
              75.918644,
              30.897003
            ],
            [
              75.92026,
              30.896214
            ],
            [
              75.921124,
              30.895786
            ],
            [
              75.921946,
              30.895392
            ],
            [
              75.922778,
              30.894984
            ],
            [
              75.923229,
              30.894768
            ],
            [
              75.92444,
              30.894181
            ],
            [
              75.924974,
              30.893924
            ],
            [
              75.925917,
              30.893455
            ],
            [
              75.926728,
              30.893057
            ],
            [
              75.927592,
              30.892643
            ],
            [
              75.928262,
              30.892318
            ],
            [
              75.928469,
              30.892206
            ],
            [
              75.928808,
              30.891989
            ],
            [
              75.929219,
              30.891713
            ],
            [
              75.929883,
              30.891252
            ],
            [
              75.930606,
              30.890761
            ],
            [
              75.931207,
              30.890356
            ],
            [
              75.93159,
              30.890115
            ],
            [
              75.931883,
              30.88996
            ],
            [
              75.932327,
              30.889759
            ],
            [
              75.932693,
              30.889602
            ],
            [
              75.933619,
              30.889181
            ],
            [
              75.934354,
              30.88884
            ],
            [
              75.935236,
              30.888461
            ],
            [
              75.935131,
              30.888233
            ],
            [
              75.934913,
              30.887894
            ],
            [
              75.934488,
              30.887339
            ],
            [
              75.934054,
              30.886799
            ],
            [
              75.933634,
              30.886281
            ],
            [
              75.933158,
              30.885689
            ],
            [
              75.932844,
              30.885317
            ],
            [
              75.93241,
              30.884811
            ],
            [
              75.931925,
              30.884225
            ],
            [
              75.931431,
              30.883657
            ],
            [
              75.930874,
              30.882922
            ],
            [
              75.930583,
              30.882546
            ],
            [
              75.930336,
              30.882065
            ],
            [
              75.930016,
              30.881527
            ],
            [
              75.929741,
              30.881101
            ],
            [
              75.92953,
              30.88077
            ],
            [
              75.930685,
              30.880114
            ],
            [
              75.931489,
              30.879692
            ],
            [
              75.934782,
              30.877981
            ],
            [
              75.934165,
              30.87706
            ],
            [
              75.932975,
              30.875325
            ],
            [
              75.932472,
              30.874569
            ],
            [
              75.931853,
              30.87367
            ],
            [
              75.931483,
              30.873116
            ],
            [
              75.931062,
              30.872469
            ],
            [
              75.930396,
              30.871484
            ],
            [
              75.929676,
              30.870419
            ],
            [
              75.92827,
              30.871134
            ],
            [
              75.927736,
              30.871383
            ],
            [
              75.9272,
              30.871654
            ],
            [
              75.926692,
              30.871929
            ],
            [
              75.925532,
              30.872502
            ],
            [
              75.924699,
              30.87293
            ],
            [
              75.924111,
              30.873227
            ],
            [
              75.923858,
              30.873361
            ],
            [
              75.923335,
              30.873047
            ],
            [
              75.922849,
              30.87278
            ],
            [
              75.922425,
              30.872547
            ],
            [
              75.921601,
              30.872093
            ],
            [
              75.921301,
              30.872281
            ],
            [
              75.920776,
              30.872531
            ],
            [
              75.919472,
              30.873204
            ],
            [
              75.91824,
              30.87383
            ],
            [
              75.918209,
              30.873846
            ],
            [
              75.917294,
              30.874328
            ],
            [
              75.916593,
              30.87469
            ],
            [
              75.915306,
              30.87535
            ],
            [
              75.914197,
              30.875915
            ],
            [
              75.91294,
              30.876555
            ],
            [
              75.911847,
              30.877119
            ],
            [
              75.911136,
              30.877502
            ],
            [
              75.910553,
              30.877783
            ],
            [
              75.910344,
              30.877897
            ],
            [
              75.909638,
              30.878255
            ],
            [
              75.909251,
              30.878456
            ],
            [
              75.908936,
              30.878621
            ],
            [
              75.910265,
              30.88054
            ],
            [
              75.910814,
              30.881316
            ],
            [
              75.911314,
              30.88204
            ],
            [
              75.911822,
              30.882747
            ],
            [
              75.912278,
              30.883434
            ],
            [
              75.912722,
              30.88407
            ],
            [
              75.91292,
              30.884372
            ],
            [
              75.913336,
              30.885003
            ],
            [
              75.913645,
              30.885448
            ],
            [
              75.914046,
              30.88606
            ],
            [
              75.914562,
              30.886888
            ],
            [
              75.915033,
              30.887626
            ],
            [
              75.91602,
              30.889107
            ],
            [
              75.916416,
              30.889759
            ],
            [
              75.917186,
              30.891003
            ],
            [
              75.917467,
              30.891453
            ],
            [
              75.917751,
              30.89189
            ],
            [
              75.916863,
              30.892297
            ],
            [
              75.915959,
              30.892711
            ],
            [
              75.915464,
              30.892951
            ],
            [
              75.914776,
              30.893281
            ],
            [
              75.914141,
              30.893574
            ],
            [
              75.913729,
              30.893779
            ],
            [
              75.912929,
              30.894135
            ],
            [
              75.912609,
              30.894252
            ],
            [
              75.912275,
              30.894325
            ],
            [
              75.911722,
              30.894398
            ],
            [
              75.911184,
              30.894438
            ],
            [
              75.910851,
              30.894454
            ],
            [
              75.910528,
              30.894482
            ],
            [
              75.91011,
              30.894612
            ],
            [
              75.909945,
              30.894676
            ],
            [
              75.909757,
              30.894754
            ],
            [
              75.909314,
              30.894977
            ],
            [
              75.908621,
              30.895289
            ],
            [
              75.907966,
              30.895594
            ],
            [
              75.907355,
              30.895882
            ],
            [
              75.906909,
              30.896096
            ],
            [
              75.906663,
              30.896235
            ],
            [
              75.906926,
              30.896629
            ],
            [
              75.907214,
              30.897082
            ],
            [
              75.906605,
              30.897366
            ],
            [
              75.905921,
              30.897705
            ],
            [
              75.905323,
              30.898019
            ],
            [
              75.904605,
              30.898393
            ],
            [
              75.904086,
              30.898627
            ],
            [
              75.903776,
              30.898606
            ],
            [
              75.903226,
              30.898502
            ],
            [
              75.90271,
              30.89841
            ],
            [
              75.902315,
              30.898406
            ],
            [
              75.902164,
              30.898442
            ],
            [
              75.901648,
              30.898672
            ],
            [
              75.901156,
              30.898888
            ],
            [
              75.90045,
              30.899233
            ],
            [
              75.899831,
              30.899526
            ],
            [
              75.899468,
              30.8997
            ],
            [
              75.899222,
              30.899838
            ],
            [
              75.899235,
              30.899857
            ],
            [
              75.899585,
              30.900413
            ],
            [
              75.899819,
              30.900783
            ],
            [
              75.900207,
              30.901394
            ],
            [
              75.900482,
              30.901824
            ],
            [
              75.900754,
              30.902233
            ],
            [
              75.90107,
              30.902671
            ],
            [
              75.901184,
              30.90287
            ],
            [
              75.901638,
              30.902765
            ],
            [
              75.902523,
              30.902554
            ],
            [
              75.903356,
              30.902341
            ],
            [
              75.904349,
              30.902103
            ],
            [
              75.905589,
              30.901777
            ],
            [
              75.905815,
              30.901729
            ],
            [
              75.906757,
              30.901531
            ],
            [
              75.907467,
              30.901417
            ],
            [
              75.908426,
              30.901262
            ],
            [
              75.909213,
              30.901115
            ],
            [
              75.909357,
              30.901084
            ],
            [
              75.909905,
              30.900895
            ],
            [
              75.910474,
              30.900709
            ],
            [
              75.910987,
              30.900533
            ],
            [
              75.911532,
              30.900347
            ],
            [
              75.912008,
              30.90018
            ],
            [
              75.912679,
              30.899906
            ],
            [
              75.913425,
              30.899547
            ],
            [
              75.914107,
              30.899203
            ],
            [
              75.914486,
              30.899017
            ],
            [
              75.914943,
              30.898797
            ],
            [
              75.915535,
              30.898518
            ],
            [
              75.916113,
              30.898225
            ]
          ]
        ]
      }
    },
    {
      "type": "Feature",
      "properties": {
        "ward_no": 60,
        "ward_name": "Ward 60",
        "zone": "A",
        "area_sq_km": 1.007,
        "centroid": [
          75.828736,
          30.897956
        ]
      },
      "geometry": {
        "type": "Polygon",
        "coordinates": [
          [
            [
              75.832095,
              30.902208
            ],
            [
              75.832056,
              30.901987
            ],
            [
              75.831629,
              30.900861
            ],
            [
              75.831274,
              30.899914
            ],
            [
              75.831055,
              30.899328
            ],
            [
              75.83088,
              30.898682
            ],
            [
              75.831988,
              30.898393
            ],
            [
              75.832519,
              30.89827
            ],
            [
              75.833263,
              30.89811
            ],
            [
              75.833234,
              30.897747
            ],
            [
              75.833182,
              30.896991
            ],
            [
              75.833135,
              30.89634
            ],
            [
              75.833057,
              30.895559
            ],
            [
              75.833011,
              30.894679
            ],
            [
              75.833023,
              30.893348
            ],
            [
              75.832995,
              30.891987
            ],
            [
              75.831955,
              30.891969
            ],
            [
              75.830818,
              30.89196
            ],
            [
              75.828813,
              30.891987
            ],
            [
              75.828685,
              30.891654
            ],
            [
              75.828494,
              30.891247
            ],
            [
              75.828372,
              30.891107
            ],
            [
              75.828259,
              30.891174
            ],
            [
              75.827329,
              30.891761
            ],
            [
              75.826439,
              30.892302
            ],
            [
              75.825406,
              30.892979
            ],
            [
              75.824452,
              30.893576
            ],
            [
              75.822512,
              30.894789
            ],
            [
              75.82213,
              30.895055
            ],
            [
              75.821883,
              30.895282
            ],
            [
              75.821615,
              30.8957
            ],
            [
              75.821325,
              30.896173
            ],
            [
              75.820937,
              30.89681
            ],
            [
              75.820589,
              30.897412
            ],
            [
              75.820216,
              30.898067
            ],
            [
              75.820757,
              30.898275
            ],
            [
              75.822267,
              30.898805
            ],
            [
              75.824093,
              30.89946
            ],
            [
              75.826739,
              30.90039
            ],
            [
              75.826636,
              30.900629
            ],
            [
              75.827283,
              30.90121
            ],
            [
              75.828149,
              30.901937
            ],
            [
              75.828735,
              30.902342
            ],
            [
              75.829687,
              30.903129
            ],
            [
              75.830286,
              30.903612
            ],
            [
              75.831025,
              30.904202
            ],
            [
              75.831801,
              30.904839
            ],
            [
              75.832372,
              30.905319
            ],
            [
              75.832344,
              30.904783
            ],
            [
              75.832266,
              30.904095
            ],
            [
              75.832235,
              30.903527
            ],
            [
              75.832191,
              30.902928
            ],
            [
              75.832146,
              30.9025
            ],
            [
              75.832095,
              30.902208
            ]
          ]
        ]
      }
    },
    {
      "type": "Feature",
      "properties": {
        "ward_no": 75,
        "ward_name": "Ward 75",
        "zone": "A",
        "area_sq_km": 0.339,
        "centroid": [
          75.862367,
          30.903025
        ]
      },
      "geometry": {
        "type": "Polygon",
        "coordinates": [
          [
            [
              75.866381,
              30.90138
            ],
            [
              75.865911,
              30.901036
            ],
            [
              75.865616,
              30.900777
            ],
            [
              75.865364,
              30.900384
            ],
            [
              75.864778,
              30.899484
            ],
            [
              75.864681,
              30.899327
            ],
            [
              75.864223,
              30.899544
            ],
            [
              75.862924,
              30.900198
            ],
            [
              75.862384,
              30.9005
            ],
            [
              75.862311,
              30.900684
            ],
            [
              75.861836,
              30.900698
            ],
            [
              75.861795,
              30.900938
            ],
            [
              75.860743,
              30.900999
            ],
            [
              75.860535,
              30.901028
            ],
            [
              75.860444,
              30.901292
            ],
            [
              75.86024,
              30.901614
            ],
            [
              75.860047,
              30.901903
            ],
            [
              75.859975,
              30.902015
            ],
            [
              75.859832,
              30.902246
            ],
            [
              75.859631,
              30.902571
            ],
            [
              75.859418,
              30.902903
            ],
            [
              75.859203,
              30.903279
            ],
            [
              75.858949,
              30.903689
            ],
            [
              75.858837,
              30.903889
            ],
            [
              75.858666,
              30.904136
            ],
            [
              75.858477,
              30.904361
            ],
            [
              75.858328,
              30.904563
            ],
            [
              75.858241,
              30.904677
            ],
            [
              75.858163,
              30.904822
            ],
            [
              75.857979,
              30.904977
            ],
            [
              75.85798,
              30.905489
            ],
            [
              75.857982,
              30.905578
            ],
            [
              75.858586,
              30.905618
            ],
            [
              75.859199,
              30.905677
            ],
            [
              75.85974,
              30.905727
            ],
            [
              75.859891,
              30.905741
            ],
            [
              75.860394,
              30.905757
            ],
            [
              75.86136,
              30.905821
            ],
            [
              75.861952,
              30.905843
            ],
            [
              75.86283,
              30.905859
            ],
            [
              75.863689,
              30.905854
            ],
            [
              75.864239,
              30.905858
            ],
            [
              75.864407,
              30.905622
            ],
            [
              75.864536,
              30.90539
            ],
            [
              75.864725,
              30.904981
            ],
            [
              75.864943,
              30.904529
            ],
            [
              75.865101,
              30.904218
            ],
            [
              75.865282,
              30.903831
            ],
            [
              75.865453,
              30.903474
            ],
            [
              75.865671,
              30.903021
            ],
            [
              75.865048,
              30.902837
            ],
            [
              75.864587,
              30.90268
            ],
            [
              75.864017,
              30.902489
            ],
            [
              75.864309,
              30.90185
            ],
            [
              75.864439,
              30.901531
            ],
            [
              75.864875,
              30.901666
            ],
            [
              75.865271,
              30.901794
            ],
            [
              75.865604,
              30.901899
            ],
            [
              75.865982,
              30.902034
            ],
            [
              75.866052,
              30.902053
            ],
            [
              75.866287,
              30.901518
            ],
            [
              75.866381,
              30.90138
            ]
          ]
        ]
      }
    },
    {
      "type": "Feature",
      "properties": {
        "ward_no": 23,
        "ward_name": "Ward 23",
        "zone": "A",
        "area_sq_km": 1.372,
        "centroid": [
          75.929149,
          30.90039
        ]
      },
      "geometry": {
        "type": "Polygon",
        "coordinates": [
          [
            [
              75.932785,
              30.89516
            ],
            [
              75.932634,
              30.8953
            ],
            [
              75.932221,
              30.895651
            ],
            [
              75.931877,
              30.895936
            ],
            [
              75.931496,
              30.896258
            ],
            [
              75.931936,
              30.896658
            ],
            [
              75.932052,
              30.896775
            ],
            [
              75.931615,
              30.897426
            ],
            [
              75.931501,
              30.897587
            ],
            [
              75.93108,
              30.897272
            ],
            [
              75.930689,
              30.896971
            ],
            [
              75.930591,
              30.896879
            ],
            [
              75.930429,
              30.896725
            ],
            [
              75.930244,
              30.896885
            ],
            [
              75.930134,
              30.897056
            ],
            [
              75.930026,
              30.897201
            ],
            [
              75.929983,
              30.897459
            ],
            [
              75.929915,
              30.897616
            ],
            [
              75.929846,
              30.897852
            ],
            [
              75.929783,
              30.898223
            ],
            [
              75.929713,
              30.89864
            ],
            [
              75.929643,
              30.899258
            ],
            [
              75.929597,
              30.899587
            ],
            [
              75.929513,
              30.900208
            ],
            [
              75.929477,
              30.900388
            ],
            [
              75.928438,
              30.900439
            ],
            [
              75.927484,
              30.900508
            ],
            [
              75.926367,
              30.900571
            ],
            [
              75.92534,
              30.900633
            ],
            [
              75.923475,
              30.900685
            ],
            [
              75.922218,
              30.900726
            ],
            [
              75.920128,
              30.900764
            ],
            [
              75.918193,
              30.900832
            ],
            [
              75.918081,
              30.900849
            ],
            [
              75.917942,
              30.900918
            ],
            [
              75.918082,
              30.901185
            ],
            [
              75.918099,
              30.901222
            ],
            [
              75.918127,
              30.902728
            ],
            [
              75.918145,
              30.903935
            ],
            [
              75.918154,
              30.905144
            ],
            [
              75.919132,
              30.90515
            ],
            [
              75.92022,
              30.905147
            ],
            [
              75.921246,
              30.905129
            ],
            [
              75.922336,
              30.905149
            ],
            [
              75.922647,
              30.905148
            ],
            [
              75.922545,
              30.90562
            ],
            [
              75.922466,
              30.90606
            ],
            [
              75.922664,
              30.906072
            ],
            [
              75.922667,
              30.906056
            ],
            [
              75.922731,
              30.905865
            ],
            [
              75.922741,
              30.905834
            ],
            [
              75.922782,
              30.905712
            ],
            [
              75.922801,
              30.905654
            ],
            [
              75.92306,
              30.904877
            ],
            [
              75.923682,
              30.904894
            ],
            [
              75.925733,
              30.90495
            ],
            [
              75.928363,
              30.905022
            ],
            [
              75.93515,
              30.903886
            ],
            [
              75.936644,
              30.903505
            ],
            [
              75.938633,
              30.902997
            ],
            [
              75.940034,
              30.90264
            ],
            [
              75.940114,
              30.90262
            ],
            [
              75.940159,
              30.902244
            ],
            [
              75.940458,
              30.899737
            ],
            [
              75.940481,
              30.899653
            ],
            [
              75.940862,
              30.898222
            ],
            [
              75.940876,
              30.89817
            ],
            [
              75.940817,
              30.898143
            ],
            [
              75.940664,
              30.898071
            ],
            [
              75.940395,
              30.89773
            ],
            [
              75.939672,
              30.897076
            ],
            [
              75.939326,
              30.896714
            ],
            [
              75.938241,
              30.89652
            ],
            [
              75.935417,
              30.896411
            ],
            [
              75.935141,
              30.8964
            ],
            [
              75.933744,
              30.895665
            ],
            [
              75.932785,
              30.89516
            ]
          ]
        ]
      }
    },
    {
      "type": "Feature",
      "properties": {
        "ward_no": 59,
        "ward_name": "Ward 59",
        "zone": "A",
        "area_sq_km": 3.741,
        "centroid": [
          75.784599,
          30.894277
        ]
      },
      "geometry": {
        "type": "Polygon",
        "coordinates": [
          [
            [
              75.784575,
              30.901554
            ],
            [
              75.784859,
              30.901456
            ],
            [
              75.785377,
              30.901275
            ],
            [
              75.798113,
              30.896244
            ],
            [
              75.802473,
              30.894602
            ],
            [
              75.806372,
              30.893115
            ],
            [
              75.806178,
              30.893053
            ],
            [
              75.805934,
              30.892975
            ],
            [
              75.805344,
              30.892737
            ],
            [
              75.804931,
              30.892558
            ],
            [
              75.804676,
              30.892448
            ],
            [
              75.804371,
              30.892326
            ],
            [
              75.80406,
              30.892212
            ],
            [
              75.803757,
              30.892109
            ],
            [
              75.803368,
              30.891971
            ],
            [
              75.80318,
              30.891896
            ],
            [
              75.802716,
              30.891698
            ],
            [
              75.802304,
              30.891516
            ],
            [
              75.801984,
              30.891384
            ],
            [
              75.801394,
              30.891174
            ],
            [
              75.800711,
              30.890926
            ],
            [
              75.799942,
              30.89066
            ],
            [
              75.799525,
              30.890514
            ],
            [
              75.799011,
              30.890331
            ],
            [
              75.798599,
              30.890175
            ],
            [
              75.798049,
              30.889981
            ],
            [
              75.797731,
              30.889875
            ],
            [
              75.797328,
              30.889722
            ],
            [
              75.797142,
              30.889651
            ],
            [
              75.796767,
              30.889507
            ],
            [
              75.796098,
              30.889277
            ],
            [
              75.795573,
              30.889089
            ],
            [
              75.794894,
              30.888837
            ],
            [
              75.794055,
              30.888528
            ],
            [
              75.793023,
              30.888169
            ],
            [
              75.791895,
              30.887758
            ],
            [
              75.791421,
              30.887588
            ],
            [
              75.791292,
              30.887792
            ],
            [
              75.790733,
              30.888354
            ],
            [
              75.790233,
              30.888814
            ],
            [
              75.78961,
              30.889408
            ],
            [
              75.789171,
              30.889813
            ],
            [
              75.788683,
              30.890303
            ],
            [
              75.788238,
              30.890664
            ],
            [
              75.787807,
              30.891006
            ],
            [
              75.78705,
              30.891556
            ],
            [
              75.786244,
              30.89222
            ],
            [
              75.78549,
              30.892801
            ],
            [
              75.784771,
              30.893406
            ],
            [
              75.784061,
              30.893979
            ],
            [
              75.78361,
              30.894315
            ],
            [
              75.782978,
              30.894831
            ],
            [
              75.782662,
              30.895075
            ],
            [
              75.781997,
              30.895612
            ],
            [
              75.781572,
              30.89595
            ],
            [
              75.781219,
              30.896218
            ],
            [
              75.781141,
              30.896144
            ],
            [
              75.780828,
              30.895968
            ],
            [
              75.780563,
              30.895831
            ],
            [
              75.780368,
              30.89574
            ],
            [
              75.780136,
              30.895626
            ],
            [
              75.780004,
              30.895559
            ],
            [
              75.77957,
              30.895401
            ],
            [
              75.77935,
              30.895328
            ],
            [
              75.778979,
              30.895214
            ],
            [
              75.778459,
              30.895055
            ],
            [
              75.778147,
              30.894943
            ],
            [
              75.77778,
              30.894824
            ],
            [
              75.77735,
              30.89471
            ],
            [
              75.777176,
              30.894658
            ],
            [
              75.776472,
              30.894425
            ],
            [
              75.775373,
              30.894105
            ],
            [
              75.774453,
              30.893777
            ],
            [
              75.773592,
              30.893491
            ],
            [
              75.772251,
              30.893032
            ],
            [
              75.771538,
              30.892802
            ],
            [
              75.770839,
              30.892589
            ],
            [
              75.770493,
              30.892472
            ],
            [
              75.769755,
              30.892242
            ],
            [
              75.769053,
              30.892025
            ],
            [
              75.768825,
              30.891922
            ],
            [
              75.768306,
              30.891743
            ],
            [
              75.767734,
              30.891582
            ],
            [
              75.767319,
              30.891445
            ],
            [
              75.766585,
              30.891219
            ],
            [
              75.766571,
              30.891214
            ],
            [
              75.766082,
              30.894209
            ],
            [
              75.765921,
              30.895408
            ],
            [
              75.765653,
              30.896967
            ],
            [
              75.765628,
              30.897113
            ],
            [
              75.764957,
              30.901774
            ],
            [
              75.765229,
              30.903493
            ],
            [
              75.76533,
              30.903986
            ],
            [
              75.765676,
              30.905677
            ],
            [
              75.765749,
              30.906036
            ],
            [
              75.766146,
              30.907325
            ],
            [
              75.766653,
              30.907366
            ],
            [
              75.766715,
              30.907379
            ],
            [
              75.767275,
              30.907499
            ],
            [
              75.768826,
              30.906905
            ],
            [
              75.784502,
              30.900897
            ],
            [
              75.784581,
              30.900853
            ],
            [
              75.784575,
              30.901554
            ]
          ]
        ]
      }
    },
    {
      "type": "Feature",
      "properties": {
        "ward_no": 76,
        "ward_name": "Ward 76",
        "zone": "A",
        "area_sq_km": 0.326,
        "centroid": [
          75.858615,
          30.903618
        ]
      },
      "geometry": {
        "type": "Polygon",
        "coordinates": [
          [
            [
              75.856047,
              30.907697
            ],
            [
              75.856789,
              30.907626
            ],
            [
              75.857357,
              30.907584
            ],
            [
              75.858496,
              30.907482
            ],
            [
              75.859273,
              30.90737
            ],
            [
              75.859453,
              30.907346
            ],
            [
              75.859309,
              30.906478
            ],
            [
              75.859219,
              30.905878
            ],
            [
              75.85974,
              30.905727
            ],
            [
              75.859199,
              30.905677
            ],
            [
              75.858586,
              30.905618
            ],
            [
              75.857982,
              30.905578
            ],
            [
              75.85798,
              30.905489
            ],
            [
              75.857979,
              30.904977
            ],
            [
              75.858163,
              30.904822
            ],
            [
              75.858241,
              30.904677
            ],
            [
              75.858328,
              30.904563
            ],
            [
              75.858477,
              30.904361
            ],
            [
              75.858666,
              30.904136
            ],
            [
              75.858837,
              30.903889
            ],
            [
              75.858949,
              30.903689
            ],
            [
              75.859203,
              30.903279
            ],
            [
              75.859418,
              30.902903
            ],
            [
              75.859631,
              30.902571
            ],
            [
              75.859832,
              30.902246
            ],
            [
              75.859975,
              30.902015
            ],
            [
              75.860047,
              30.901903
            ],
            [
              75.86024,
              30.901614
            ],
            [
              75.860444,
              30.901292
            ],
            [
              75.860535,
              30.901028
            ],
            [
              75.860743,
              30.900999
            ],
            [
              75.861795,
              30.900938
            ],
            [
              75.861836,
              30.900698
            ],
            [
              75.862311,
              30.900684
            ],
            [
              75.862384,
              30.9005
            ],
            [
              75.862924,
              30.900198
            ],
            [
              75.864223,
              30.899544
            ],
            [
              75.864681,
              30.899327
            ],
            [
              75.864047,
              30.8983
            ],
            [
              75.863638,
              30.898516
            ],
            [
              75.862653,
              30.899021
            ],
            [
              75.862021,
              30.899355
            ],
            [
              75.86116,
              30.899795
            ],
            [
              75.860119,
              30.900336
            ],
            [
              75.859341,
              30.900752
            ],
            [
              75.858521,
              30.901224
            ],
            [
              75.857512,
              30.901871
            ],
            [
              75.856791,
              30.902361
            ],
            [
              75.85633,
              30.902695
            ],
            [
              75.855826,
              30.903069
            ],
            [
              75.855283,
              30.9035
            ],
            [
              75.854896,
              30.903819
            ],
            [
              75.854441,
              30.904241
            ],
            [
              75.854079,
              30.904578
            ],
            [
              75.853904,
              30.904754
            ],
            [
              75.854592,
              30.904971
            ],
            [
              75.854531,
              30.905489
            ],
            [
              75.854475,
              30.905917
            ],
            [
              75.854434,
              30.906469
            ],
            [
              75.854387,
              30.907104
            ],
            [
              75.854341,
              30.907837
            ],
            [
              75.854901,
              30.907787
            ],
            [
              75.855787,
              30.907716
            ],
            [
              75.856047,
              30.907697
            ]
          ]
        ]
      }
    },
    {
      "type": "Feature",
      "properties": {
        "ward_no": 80,
        "ward_name": "Ward 80",
        "zone": "A",
        "area_sq_km": 0.501,
        "centroid": [
          75.868551,
          30.904659
        ]
      },
      "geometry": {
        "type": "Polygon",
        "coordinates": [
          [
            [
              75.873276,
              30.903299
            ],
            [
              75.87302,
              30.90298
            ],
            [
              75.872807,
              30.902713
            ],
            [
              75.872493,
              30.902229
            ],
            [
              75.872115,
              30.90172
            ],
            [
              75.871685,
              30.901157
            ],
            [
              75.871297,
              30.900576
            ],
            [
              75.871166,
              30.900595
            ],
            [
              75.870456,
              30.90074
            ],
            [
              75.869843,
              30.900952
            ],
            [
              75.869355,
              30.901227
            ],
            [
              75.868816,
              30.901649
            ],
            [
              75.868493,
              30.901906
            ],
            [
              75.86828,
              30.902133
            ],
            [
              75.868029,
              30.902409
            ],
            [
              75.867756,
              30.902271
            ],
            [
              75.867329,
              30.902002
            ],
            [
              75.866848,
              30.9017
            ],
            [
              75.866398,
              30.901393
            ],
            [
              75.866381,
              30.90138
            ],
            [
              75.866287,
              30.901518
            ],
            [
              75.866052,
              30.902053
            ],
            [
              75.865982,
              30.902034
            ],
            [
              75.865604,
              30.901899
            ],
            [
              75.865271,
              30.901794
            ],
            [
              75.864875,
              30.901666
            ],
            [
              75.864439,
              30.901531
            ],
            [
              75.864309,
              30.90185
            ],
            [
              75.864017,
              30.902489
            ],
            [
              75.864587,
              30.90268
            ],
            [
              75.865048,
              30.902837
            ],
            [
              75.865671,
              30.903021
            ],
            [
              75.865453,
              30.903474
            ],
            [
              75.865282,
              30.903831
            ],
            [
              75.865101,
              30.904218
            ],
            [
              75.864943,
              30.904529
            ],
            [
              75.864725,
              30.904981
            ],
            [
              75.864536,
              30.90539
            ],
            [
              75.864407,
              30.905622
            ],
            [
              75.864239,
              30.905858
            ],
            [
              75.864341,
              30.905858
            ],
            [
              75.864798,
              30.905808
            ],
            [
              75.865195,
              30.905752
            ],
            [
              75.865661,
              30.905681
            ],
            [
              75.866037,
              30.905767
            ],
            [
              75.866526,
              30.905958
            ],
            [
              75.866903,
              30.906092
            ],
            [
              75.867148,
              30.906175
            ],
            [
              75.867622,
              30.906304
            ],
            [
              75.867897,
              30.90638
            ],
            [
              75.868076,
              30.906473
            ],
            [
              75.868182,
              30.906704
            ],
            [
              75.868295,
              30.906949
            ],
            [
              75.868421,
              30.907224
            ],
            [
              75.868593,
              30.907592
            ],
            [
              75.868775,
              30.907982
            ],
            [
              75.869024,
              30.908525
            ],
            [
              75.8692,
              30.908908
            ],
            [
              75.86917,
              30.909082
            ],
            [
              75.869139,
              30.909226
            ],
            [
              75.86916,
              30.909379
            ],
            [
              75.8693,
              30.909547
            ],
            [
              75.869593,
              30.909903
            ],
            [
              75.870006,
              30.910394
            ],
            [
              75.870645,
              30.909918
            ],
            [
              75.871781,
              30.909182
            ],
            [
              75.872847,
              30.908512
            ],
            [
              75.873695,
              30.907939
            ],
            [
              75.873174,
              30.90733
            ],
            [
              75.872746,
              30.906939
            ],
            [
              75.872114,
              30.906341
            ],
            [
              75.871647,
              30.905873
            ],
            [
              75.871244,
              30.905449
            ],
            [
              75.871094,
              30.905556
            ],
            [
              75.870922,
              30.905366
            ],
            [
              75.870597,
              30.905056
            ],
            [
              75.871318,
              30.904521
            ],
            [
              75.871888,
              30.904124
            ],
            [
              75.87234,
              30.903837
            ],
            [
              75.872856,
              30.90353
            ],
            [
              75.873234,
              30.903323
            ],
            [
              75.873276,
              30.903299
            ]
          ]
        ]
      }
    },
    {
      "type": "Feature",
      "properties": {
        "ward_no": 30,
        "ward_name": "Ward 30",
        "zone": "A",
        "area_sq_km": 2.195,
        "centroid": [
          75.877638,
          30.899264
        ]
      },
      "geometry": {
        "type": "Polygon",
        "coordinates": [
          [
            [
              75.883793,
              30.898272
            ],
            [
              75.883819,
              30.89791
            ],
            [
              75.883839,
              30.897374
            ],
            [
              75.883848,
              30.896841
            ],
            [
              75.883882,
              30.896395
            ],
            [
              75.883909,
              30.89612
            ],
            [
              75.883929,
              30.895826
            ],
            [
              75.883955,
              30.895362
            ],
            [
              75.883985,
              30.894948
            ],
            [
              75.884005,
              30.894657
            ],
            [
              75.884015,
              30.894392
            ],
            [
              75.884023,
              30.893896
            ],
            [
              75.884037,
              30.893454
            ],
            [
              75.884067,
              30.893065
            ],
            [
              75.884089,
              30.892806
            ],
            [
              75.884107,
              30.892597
            ],
            [
              75.884117,
              30.892355
            ],
            [
              75.884147,
              30.891703
            ],
            [
              75.884152,
              30.891637
            ],
            [
              75.884176,
              30.891335
            ],
            [
              75.884189,
              30.891001
            ],
            [
              75.884183,
              30.890666
            ],
            [
              75.884193,
              30.89032
            ],
            [
              75.884218,
              30.889997
            ],
            [
              75.884303,
              30.888973
            ],
            [
              75.884324,
              30.888621
            ],
            [
              75.884314,
              30.888212
            ],
            [
              75.884335,
              30.887734
            ],
            [
              75.883722,
              30.887985
            ],
            [
              75.882584,
              30.888601
            ],
            [
              75.881447,
              30.889196
            ],
            [
              75.88035,
              30.889757
            ],
            [
              75.879091,
              30.89042
            ],
            [
              75.87771,
              30.891143
            ],
            [
              75.876488,
              30.891794
            ],
            [
              75.875434,
              30.892337
            ],
            [
              75.87443,
              30.892874
            ],
            [
              75.873132,
              30.893545
            ],
            [
              75.872266,
              30.893993
            ],
            [
              75.871272,
              30.894514
            ],
            [
              75.870322,
              30.89499
            ],
            [
              75.870097,
              30.895103
            ],
            [
              75.869157,
              30.895625
            ],
            [
              75.868005,
              30.896222
            ],
            [
              75.866954,
              30.896781
            ],
            [
              75.865992,
              30.897277
            ],
            [
              75.864886,
              30.897857
            ],
            [
              75.864047,
              30.8983
            ],
            [
              75.864681,
              30.899327
            ],
            [
              75.864778,
              30.899484
            ],
            [
              75.865364,
              30.900384
            ],
            [
              75.865616,
              30.900777
            ],
            [
              75.865911,
              30.901036
            ],
            [
              75.866381,
              30.90138
            ],
            [
              75.866398,
              30.901393
            ],
            [
              75.866848,
              30.9017
            ],
            [
              75.867329,
              30.902002
            ],
            [
              75.867756,
              30.902271
            ],
            [
              75.868029,
              30.902409
            ],
            [
              75.86828,
              30.902133
            ],
            [
              75.868493,
              30.901906
            ],
            [
              75.868816,
              30.901649
            ],
            [
              75.869355,
              30.901227
            ],
            [
              75.869843,
              30.900952
            ],
            [
              75.870456,
              30.90074
            ],
            [
              75.871166,
              30.900595
            ],
            [
              75.871297,
              30.900576
            ],
            [
              75.871685,
              30.901157
            ],
            [
              75.872115,
              30.90172
            ],
            [
              75.872493,
              30.902229
            ],
            [
              75.872807,
              30.902713
            ],
            [
              75.87302,
              30.90298
            ],
            [
              75.873276,
              30.903299
            ],
            [
              75.874039,
              30.902857
            ],
            [
              75.874139,
              30.90283
            ],
            [
              75.874533,
              30.902806
            ],
            [
              75.874658,
              30.902841
            ],
            [
              75.875048,
              30.902813
            ],
            [
              75.875417,
              30.902779
            ],
            [
              75.875795,
              30.903588
            ],
            [
              75.876127,
              30.904237
            ],
            [
              75.876647,
              30.905244
            ],
            [
              75.876687,
              30.905325
            ],
            [
              75.876987,
              30.90593
            ],
            [
              75.877321,
              30.90659
            ],
            [
              75.87759,
              30.907148
            ],
            [
              75.877828,
              30.907664
            ],
            [
              75.878334,
              30.908646
            ],
            [
              75.878598,
              30.909233
            ],
            [
              75.879022,
              30.910078
            ],
            [
              75.879406,
              30.91086
            ],
            [
              75.879481,
              30.910674
            ],
            [
              75.879637,
              30.910302
            ],
            [
              75.880071,
              30.909253
            ],
            [
              75.880437,
              30.908335
            ],
            [
              75.880883,
              30.907274
            ],
            [
              75.881138,
              30.906686
            ],
            [
              75.88139,
              30.906043
            ],
            [
              75.881605,
              30.905502
            ],
            [
              75.881803,
              30.905022
            ],
            [
              75.881984,
              30.904596
            ],
            [
              75.88212,
              30.904271
            ],
            [
              75.882256,
              30.903958
            ],
            [
              75.882455,
              30.903489
            ],
            [
              75.882614,
              30.903098
            ],
            [
              75.882729,
              30.902822
            ],
            [
              75.882883,
              30.902486
            ],
            [
              75.88299,
              30.902221
            ],
            [
              75.8831,
              30.901931
            ],
            [
              75.883183,
              30.901696
            ],
            [
              75.88327,
              30.901446
            ],
            [
              75.883419,
              30.901014
            ],
            [
              75.88352,
              30.900667
            ],
            [
              75.883553,
              30.900511
            ],
            [
              75.883591,
              30.900349
            ],
            [
              75.883625,
              30.900127
            ],
            [
              75.883674,
              30.899797
            ],
            [
              75.883731,
              30.899315
            ],
            [
              75.883756,
              30.898881
            ],
            [
              75.883771,
              30.898576
            ],
            [
              75.883793,
              30.898272
            ]
          ]
        ]
      }
    },
    {
      "type": "Feature",
      "properties": {
        "ward_no": 28,
        "ward_name": "Ward 28",
        "zone": "A",
        "area_sq_km": 1.726,
        "centroid": [
          75.892449,
          30.897162
        ]
      },
      "geometry": {
        "type": "Polygon",
        "coordinates": [
          [
            [
              75.885949,
              30.908296
            ],
            [
              75.886159,
              30.908214
            ],
            [
              75.88657,
              30.908061
            ],
            [
              75.887438,
              30.907715
            ],
            [
              75.887489,
              30.907696
            ],
            [
              75.887355,
              30.907442
            ],
            [
              75.887161,
              30.907046
            ],
            [
              75.886922,
              30.906539
            ],
            [
              75.886627,
              30.905955
            ],
            [
              75.886478,
              30.905466
            ],
            [
              75.886402,
              30.90519
            ],
            [
              75.886393,
              30.905084
            ],
            [
              75.886438,
              30.904891
            ],
            [
              75.886642,
              30.904402
            ],
            [
              75.886817,
              30.904006
            ],
            [
              75.886943,
              30.903755
            ],
            [
              75.887152,
              30.903424
            ],
            [
              75.887203,
              30.903352
            ],
            [
              75.887362,
              30.90285
            ],
            [
              75.887627,
              30.902024
            ],
            [
              75.887754,
              30.901715
            ],
            [
              75.887775,
              30.901675
            ],
            [
              75.888172,
              30.901536
            ],
            [
              75.888898,
              30.901242
            ],
            [
              75.889235,
              30.901115
            ],
            [
              75.889328,
              30.900874
            ],
            [
              75.889483,
              30.899773
            ],
            [
              75.891793,
              30.899769
            ],
            [
              75.892283,
              30.899803
            ],
            [
              75.892676,
              30.899839
            ],
            [
              75.892993,
              30.89983
            ],
            [
              75.893498,
              30.899724
            ],
            [
              75.894062,
              30.899526
            ],
            [
              75.894386,
              30.899316
            ],
            [
              75.894861,
              30.89889
            ],
            [
              75.895215,
              30.89841
            ],
            [
              75.894674,
              30.897648
            ],
            [
              75.893967,
              30.896583
            ],
            [
              75.894852,
              30.896113
            ],
            [
              75.896471,
              30.895336
            ],
            [
              75.896809,
              30.89588
            ],
            [
              75.896902,
              30.896018
            ],
            [
              75.89753,
              30.895712
            ],
            [
              75.898135,
              30.895428
            ],
            [
              75.899026,
              30.894962
            ],
            [
              75.899956,
              30.894481
            ],
            [
              75.900223,
              30.894515
            ],
            [
              75.900409,
              30.894454
            ],
            [
              75.900716,
              30.894748
            ],
            [
              75.901106,
              30.894968
            ],
            [
              75.902162,
              30.894423
            ],
            [
              75.903752,
              30.893668
            ],
            [
              75.904689,
              30.893223
            ],
            [
              75.905621,
              30.892763
            ],
            [
              75.906582,
              30.892303
            ],
            [
              75.90737,
              30.891918
            ],
            [
              75.907853,
              30.891722
            ],
            [
              75.908059,
              30.891625
            ],
            [
              75.907529,
              30.890786
            ],
            [
              75.907017,
              30.89004
            ],
            [
              75.90657,
              30.88938
            ],
            [
              75.906145,
              30.888805
            ],
            [
              75.905877,
              30.888395
            ],
            [
              75.905589,
              30.887971
            ],
            [
              75.905344,
              30.887606
            ],
            [
              75.905047,
              30.887182
            ],
            [
              75.904694,
              30.886719
            ],
            [
              75.904366,
              30.886255
            ],
            [
              75.904116,
              30.885904
            ],
            [
              75.903726,
              30.885357
            ],
            [
              75.903467,
              30.884983
            ],
            [
              75.903005,
              30.884348
            ],
            [
              75.902696,
              30.883881
            ],
            [
              75.902298,
              30.883313
            ],
            [
              75.901944,
              30.882843
            ],
            [
              75.901675,
              30.882411
            ],
            [
              75.90111,
              30.882702
            ],
            [
              75.900473,
              30.883033
            ],
            [
              75.899582,
              30.883506
            ],
            [
              75.898853,
              30.883794
            ],
            [
              75.898472,
              30.883948
            ],
            [
              75.898605,
              30.884173
            ],
            [
              75.898785,
              30.884434
            ],
            [
              75.899198,
              30.885031
            ],
            [
              75.899398,
              30.885297
            ],
            [
              75.900132,
              30.886354
            ],
            [
              75.900629,
              30.887047
            ],
            [
              75.900981,
              30.887569
            ],
            [
              75.90119,
              30.887887
            ],
            [
              75.901369,
              30.888174
            ],
            [
              75.901538,
              30.88846
            ],
            [
              75.900865,
              30.888791
            ],
            [
              75.900151,
              30.889173
            ],
            [
              75.8994,
              30.889532
            ],
            [
              75.898504,
              30.889978
            ],
            [
              75.898113,
              30.890159
            ],
            [
              75.898485,
              30.890786
            ],
            [
              75.897336,
              30.891339
            ],
            [
              75.896364,
              30.89176
            ],
            [
              75.895305,
              30.89228
            ],
            [
              75.894606,
              30.892642
            ],
            [
              75.894421,
              30.892903
            ],
            [
              75.894124,
              30.893218
            ],
            [
              75.893606,
              30.893771
            ],
            [
              75.893419,
              30.893712
            ],
            [
              75.892818,
              30.89434
            ],
            [
              75.892174,
              30.895033
            ],
            [
              75.891709,
              30.895547
            ],
            [
              75.891253,
              30.896031
            ],
            [
              75.891129,
              30.896172
            ],
            [
              75.891286,
              30.89628
            ],
            [
              75.891311,
              30.896356
            ],
            [
              75.891596,
              30.896785
            ],
            [
              75.891875,
              30.897247
            ],
            [
              75.891784,
              30.897364
            ],
            [
              75.891654,
              30.89754
            ],
            [
              75.891385,
              30.897545
            ],
            [
              75.891368,
              30.898349
            ],
            [
              75.890996,
              30.898352
            ],
            [
              75.89099,
              30.898711
            ],
            [
              75.890656,
              30.898613
            ],
            [
              75.890229,
              30.898486
            ],
            [
              75.890051,
              30.898433
            ],
            [
              75.88957,
              30.898264
            ],
            [
              75.889232,
              30.898232
            ],
            [
              75.888805,
              30.898241
            ],
            [
              75.888154,
              30.89825
            ],
            [
              75.88746,
              30.89826
            ],
            [
              75.886835,
              30.898248
            ],
            [
              75.886193,
              30.898253
            ],
            [
              75.885579,
              30.898247
            ],
            [
              75.88466,
              30.898255
            ],
            [
              75.883793,
              30.898272
            ],
            [
              75.883771,
              30.898576
            ],
            [
              75.883756,
              30.898881
            ],
            [
              75.883731,
              30.899315
            ],
            [
              75.883674,
              30.899797
            ],
            [
              75.883625,
              30.900127
            ],
            [
              75.883591,
              30.900349
            ],
            [
              75.883553,
              30.900511
            ],
            [
              75.88352,
              30.900667
            ],
            [
              75.883419,
              30.901014
            ],
            [
              75.88327,
              30.901446
            ],
            [
              75.883183,
              30.901696
            ],
            [
              75.8831,
              30.901931
            ],
            [
              75.88299,
              30.902221
            ],
            [
              75.882883,
              30.902486
            ],
            [
              75.882729,
              30.902822
            ],
            [
              75.882614,
              30.903098
            ],
            [
              75.882455,
              30.903489
            ],
            [
              75.882256,
              30.903958
            ],
            [
              75.88212,
              30.904271
            ],
            [
              75.881984,
              30.904596
            ],
            [
              75.881803,
              30.905022
            ],
            [
              75.881605,
              30.905502
            ],
            [
              75.88139,
              30.906043
            ],
            [
              75.881138,
              30.906686
            ],
            [
              75.880883,
              30.907274
            ],
            [
              75.880437,
              30.908335
            ],
            [
              75.880071,
              30.909253
            ],
            [
              75.879637,
              30.910302
            ],
            [
              75.879481,
              30.910674
            ],
            [
              75.879406,
              30.91086
            ],
            [
              75.87993,
              30.910625
            ],
            [
              75.880944,
              30.910225
            ],
            [
              75.881903,
              30.909861
            ],
            [
              75.883154,
              30.909381
            ],
            [
              75.884123,
              30.909001
            ],
            [
              75.8851,
              30.908627
            ],
            [
              75.885949,
              30.908296
            ]
          ]
        ]
      }
    },
    {
      "type": "Feature",
      "properties": {
        "ward_no": 22,
        "ward_name": "Ward 22",
        "zone": "A",
        "area_sq_km": 1.345,
        "centroid": [
          75.913113,
          30.904929
        ]
      },
      "geometry": {
        "type": "Polygon",
        "coordinates": [
          [
            [
              75.919697,
              30.909349
            ],
            [
              75.91973,
              30.909136
            ],
            [
              75.921791,
              30.909672
            ],
            [
              75.922156,
              30.908464
            ],
            [
              75.922162,
              30.908434
            ],
            [
              75.922664,
              30.906072
            ],
            [
              75.922466,
              30.90606
            ],
            [
              75.922545,
              30.90562
            ],
            [
              75.922647,
              30.905148
            ],
            [
              75.922336,
              30.905149
            ],
            [
              75.921246,
              30.905129
            ],
            [
              75.92022,
              30.905147
            ],
            [
              75.919132,
              30.90515
            ],
            [
              75.918154,
              30.905144
            ],
            [
              75.918145,
              30.903935
            ],
            [
              75.918127,
              30.902728
            ],
            [
              75.918099,
              30.901222
            ],
            [
              75.918082,
              30.901185
            ],
            [
              75.917942,
              30.900918
            ],
            [
              75.91794,
              30.900914
            ],
            [
              75.917407,
              30.900145
            ],
            [
              75.917343,
              30.89991
            ],
            [
              75.917271,
              30.899794
            ],
            [
              75.916778,
              30.899197
            ],
            [
              75.916346,
              30.898529
            ],
            [
              75.916113,
              30.898225
            ],
            [
              75.915535,
              30.898518
            ],
            [
              75.914943,
              30.898797
            ],
            [
              75.914486,
              30.899017
            ],
            [
              75.914107,
              30.899203
            ],
            [
              75.913425,
              30.899547
            ],
            [
              75.912679,
              30.899906
            ],
            [
              75.912008,
              30.90018
            ],
            [
              75.911532,
              30.900347
            ],
            [
              75.910987,
              30.900533
            ],
            [
              75.910474,
              30.900709
            ],
            [
              75.909905,
              30.900895
            ],
            [
              75.909357,
              30.901084
            ],
            [
              75.909213,
              30.901115
            ],
            [
              75.908426,
              30.901262
            ],
            [
              75.907467,
              30.901417
            ],
            [
              75.906757,
              30.901531
            ],
            [
              75.905815,
              30.901729
            ],
            [
              75.905589,
              30.901777
            ],
            [
              75.904349,
              30.902103
            ],
            [
              75.903356,
              30.902341
            ],
            [
              75.902523,
              30.902554
            ],
            [
              75.901638,
              30.902765
            ],
            [
              75.901184,
              30.90287
            ],
            [
              75.901413,
              30.902916
            ],
            [
              75.901835,
              30.903108
            ],
            [
              75.902484,
              30.903456
            ],
            [
              75.90305,
              30.903759
            ],
            [
              75.903593,
              30.904016
            ],
            [
              75.903984,
              30.904231
            ],
            [
              75.904393,
              30.904469
            ],
            [
              75.904908,
              30.90475
            ],
            [
              75.905579,
              30.905102
            ],
            [
              75.906172,
              30.905407
            ],
            [
              75.906657,
              30.905664
            ],
            [
              75.907141,
              30.905914
            ],
            [
              75.907681,
              30.906164
            ],
            [
              75.908042,
              30.906343
            ],
            [
              75.908347,
              30.906514
            ],
            [
              75.908524,
              30.906605
            ],
            [
              75.909122,
              30.90691
            ],
            [
              75.90967,
              30.907205
            ],
            [
              75.910178,
              30.907468
            ],
            [
              75.910633,
              30.90769
            ],
            [
              75.911103,
              30.907939
            ],
            [
              75.911353,
              30.90807
            ],
            [
              75.91181,
              30.90832
            ],
            [
              75.912436,
              30.908632
            ],
            [
              75.912835,
              30.908832
            ],
            [
              75.913458,
              30.909151
            ],
            [
              75.914,
              30.909414
            ],
            [
              75.914648,
              30.909743
            ],
            [
              75.915178,
              30.910011
            ],
            [
              75.915903,
              30.910383
            ],
            [
              75.916292,
              30.910576
            ],
            [
              75.916902,
              30.910921
            ],
            [
              75.917237,
              30.911111
            ],
            [
              75.91759,
              30.911328
            ],
            [
              75.91763,
              30.911351
            ],
            [
              75.91768,
              30.9113
            ],
            [
              75.917714,
              30.911265
            ],
            [
              75.918874,
              30.910045
            ],
            [
              75.919506,
              30.909381
            ],
            [
              75.91953,
              30.909355
            ],
            [
              75.919665,
              30.90935
            ],
            [
              75.919666,
              30.90935
            ],
            [
              75.919697,
              30.909349
            ]
          ]
        ]
      }
    },
    {
      "type": "Feature",
      "properties": {
        "ward_no": 19,
        "ward_name": "Ward 19",
        "zone": "A",
        "area_sq_km": 1.687,
        "centroid": [
          75.894272,
          30.904425
        ]
      },
      "geometry": {
        "type": "Polygon",
        "coordinates": [
          [
            [
              75.895123,
              30.910672
            ],
            [
              75.896785,
              30.909928
            ],
            [
              75.8979,
              30.909431
            ],
            [
              75.898297,
              30.909255
            ],
            [
              75.89844,
              30.909154
            ],
            [
              75.898976,
              30.908708
            ],
            [
              75.89928,
              30.908437
            ],
            [
              75.899568,
              30.90821
            ],
            [
              75.899821,
              30.90798
            ],
            [
              75.900022,
              30.907855
            ],
            [
              75.900281,
              30.907739
            ],
            [
              75.900662,
              30.907587
            ],
            [
              75.901129,
              30.907389
            ],
            [
              75.901737,
              30.907109
            ],
            [
              75.902268,
              30.906866
            ],
            [
              75.902697,
              30.906676
            ],
            [
              75.903294,
              30.906411
            ],
            [
              75.903116,
              30.906122
            ],
            [
              75.902947,
              30.905849
            ],
            [
              75.902798,
              30.905602
            ],
            [
              75.902631,
              30.905323
            ],
            [
              75.902385,
              30.9049
            ],
            [
              75.902118,
              30.904465
            ],
            [
              75.901944,
              30.904188
            ],
            [
              75.901564,
              30.903573
            ],
            [
              75.901307,
              30.903152
            ],
            [
              75.901184,
              30.90287
            ],
            [
              75.90107,
              30.902671
            ],
            [
              75.900754,
              30.902233
            ],
            [
              75.900482,
              30.901824
            ],
            [
              75.900207,
              30.901394
            ],
            [
              75.899819,
              30.900783
            ],
            [
              75.899585,
              30.900413
            ],
            [
              75.899235,
              30.899857
            ],
            [
              75.899222,
              30.899838
            ],
            [
              75.899298,
              30.899607
            ],
            [
              75.899302,
              30.89946
            ],
            [
              75.899333,
              30.898473
            ],
            [
              75.899302,
              30.897541
            ],
            [
              75.899226,
              30.89649
            ],
            [
              75.898521,
              30.8965
            ],
            [
              75.897643,
              30.896473
            ],
            [
              75.897231,
              30.896457
            ],
            [
              75.897046,
              30.896233
            ],
            [
              75.896902,
              30.896018
            ],
            [
              75.896809,
              30.89588
            ],
            [
              75.896471,
              30.895336
            ],
            [
              75.894852,
              30.896113
            ],
            [
              75.893967,
              30.896583
            ],
            [
              75.894674,
              30.897648
            ],
            [
              75.895215,
              30.89841
            ],
            [
              75.894861,
              30.89889
            ],
            [
              75.894386,
              30.899316
            ],
            [
              75.894062,
              30.899526
            ],
            [
              75.893498,
              30.899724
            ],
            [
              75.892993,
              30.89983
            ],
            [
              75.892676,
              30.899839
            ],
            [
              75.892283,
              30.899803
            ],
            [
              75.891793,
              30.899769
            ],
            [
              75.889483,
              30.899773
            ],
            [
              75.889328,
              30.900874
            ],
            [
              75.889235,
              30.901115
            ],
            [
              75.888898,
              30.901242
            ],
            [
              75.888172,
              30.901536
            ],
            [
              75.887775,
              30.901675
            ],
            [
              75.887754,
              30.901715
            ],
            [
              75.887627,
              30.902024
            ],
            [
              75.887362,
              30.90285
            ],
            [
              75.887203,
              30.903352
            ],
            [
              75.887152,
              30.903424
            ],
            [
              75.886943,
              30.903755
            ],
            [
              75.886817,
              30.904006
            ],
            [
              75.886642,
              30.904402
            ],
            [
              75.886438,
              30.904891
            ],
            [
              75.886393,
              30.905084
            ],
            [
              75.886402,
              30.90519
            ],
            [
              75.886478,
              30.905466
            ],
            [
              75.886627,
              30.905955
            ],
            [
              75.886922,
              30.906539
            ],
            [
              75.887161,
              30.907046
            ],
            [
              75.887355,
              30.907442
            ],
            [
              75.887489,
              30.907696
            ],
            [
              75.887438,
              30.907715
            ],
            [
              75.88657,
              30.908061
            ],
            [
              75.886159,
              30.908214
            ],
            [
              75.885949,
              30.908296
            ],
            [
              75.88619,
              30.908713
            ],
            [
              75.886638,
              30.90948
            ],
            [
              75.886954,
              30.90982
            ],
            [
              75.887238,
              30.910117
            ],
            [
              75.887628,
              30.910499
            ],
            [
              75.88793,
              30.910796
            ],
            [
              75.888485,
              30.911247
            ],
            [
              75.888796,
              30.911629
            ],
            [
              75.889233,
              30.911433
            ],
            [
              75.889817,
              30.911197
            ],
            [
              75.8906,
              30.910847
            ],
            [
              75.891413,
              30.910495
            ],
            [
              75.892263,
              30.910127
            ],
            [
              75.893153,
              30.909737
            ],
            [
              75.894129,
              30.909297
            ],
            [
              75.894302,
              30.909224
            ],
            [
              75.894318,
              30.909252
            ],
            [
              75.89478,
              30.910082
            ],
            [
              75.895099,
              30.910627
            ],
            [
              75.895123,
              30.910672
            ]
          ]
        ]
      }
    },
    {
      "type": "Feature",
      "properties": {
        "ward_no": 78,
        "ward_name": "Ward 78",
        "zone": "A",
        "area_sq_km": 0.655,
        "centroid": [
          75.863396,
          30.908938
        ]
      },
      "geometry": {
        "type": "Polygon",
        "coordinates": [
          [
            [
              75.864062,
              30.911814
            ],
            [
              75.864294,
              30.911809
            ],
            [
              75.865115,
              30.911804
            ],
            [
              75.865121,
              30.911804
            ],
            [
              75.865677,
              30.911792
            ],
            [
              75.866143,
              30.911773
            ],
            [
              75.866946,
              30.911678
            ],
            [
              75.86762,
              30.911615
            ],
            [
              75.867983,
              30.91157
            ],
            [
              75.868229,
              30.911505
            ],
            [
              75.868473,
              30.911396
            ],
            [
              75.86876,
              30.91121
            ],
            [
              75.869412,
              30.910749
            ],
            [
              75.870006,
              30.910394
            ],
            [
              75.869593,
              30.909903
            ],
            [
              75.8693,
              30.909547
            ],
            [
              75.86916,
              30.909379
            ],
            [
              75.869139,
              30.909226
            ],
            [
              75.86917,
              30.909082
            ],
            [
              75.8692,
              30.908908
            ],
            [
              75.869024,
              30.908525
            ],
            [
              75.868775,
              30.907982
            ],
            [
              75.868593,
              30.907592
            ],
            [
              75.868421,
              30.907224
            ],
            [
              75.868295,
              30.906949
            ],
            [
              75.868182,
              30.906704
            ],
            [
              75.868076,
              30.906473
            ],
            [
              75.867897,
              30.90638
            ],
            [
              75.867622,
              30.906304
            ],
            [
              75.867148,
              30.906175
            ],
            [
              75.866903,
              30.906092
            ],
            [
              75.866526,
              30.905958
            ],
            [
              75.866037,
              30.905767
            ],
            [
              75.865661,
              30.905681
            ],
            [
              75.865195,
              30.905752
            ],
            [
              75.864798,
              30.905808
            ],
            [
              75.864341,
              30.905858
            ],
            [
              75.864239,
              30.905858
            ],
            [
              75.863689,
              30.905854
            ],
            [
              75.86283,
              30.905859
            ],
            [
              75.861952,
              30.905843
            ],
            [
              75.86136,
              30.905821
            ],
            [
              75.860394,
              30.905757
            ],
            [
              75.859891,
              30.905741
            ],
            [
              75.85974,
              30.905727
            ],
            [
              75.859219,
              30.905878
            ],
            [
              75.859309,
              30.906478
            ],
            [
              75.859453,
              30.907346
            ],
            [
              75.859273,
              30.90737
            ],
            [
              75.858496,
              30.907482
            ],
            [
              75.857357,
              30.907584
            ],
            [
              75.856789,
              30.907626
            ],
            [
              75.856047,
              30.907697
            ],
            [
              75.856163,
              30.907922
            ],
            [
              75.856522,
              30.9084
            ],
            [
              75.856875,
              30.908859
            ],
            [
              75.857299,
              30.909477
            ],
            [
              75.857468,
              30.909757
            ],
            [
              75.85759,
              30.910058
            ],
            [
              75.857645,
              30.910214
            ],
            [
              75.857692,
              30.910469
            ],
            [
              75.858072,
              30.910486
            ],
            [
              75.858424,
              30.910487
            ],
            [
              75.858932,
              30.910515
            ],
            [
              75.859359,
              30.910521
            ],
            [
              75.859649,
              30.910527
            ],
            [
              75.859906,
              30.910594
            ],
            [
              75.860191,
              30.910626
            ],
            [
              75.860646,
              30.910636
            ],
            [
              75.860671,
              30.910971
            ],
            [
              75.860698,
              30.911361
            ],
            [
              75.860752,
              30.911837
            ],
            [
              75.860766,
              30.911985
            ],
            [
              75.861387,
              30.911953
            ],
            [
              75.861927,
              30.911914
            ],
            [
              75.863261,
              30.911851
            ],
            [
              75.863983,
              30.911816
            ],
            [
              75.864062,
              30.911814
            ]
          ]
        ]
      }
    },
    {
      "type": "Feature",
      "properties": {
        "ward_no": 61,
        "ward_name": "Ward 61",
        "zone": "A",
        "area_sq_km": 6.004,
        "centroid": [
          75.813947,
          30.907152
        ]
      },
      "geometry": {
        "type": "Polygon",
        "coordinates": [
          [
            [
              75.809303,
              30.908735
            ],
            [
              75.80992,
              30.909398
            ],
            [
              75.811341,
              30.909769
            ],
            [
              75.812876,
              30.910068
            ],
            [
              75.813047,
              30.909352
            ],
            [
              75.811922,
              30.908784
            ],
            [
              75.812225,
              30.906984
            ],
            [
              75.812411,
              30.906172
            ],
            [
              75.813712,
              30.90637
            ],
            [
              75.813299,
              30.909118
            ],
            [
              75.813899,
              30.909375
            ],
            [
              75.813862,
              30.910875
            ],
            [
              75.815242,
              30.911075
            ],
            [
              75.81554,
              30.911161
            ],
            [
              75.816017,
              30.911303
            ],
            [
              75.816022,
              30.911286
            ],
            [
              75.816417,
              30.911358
            ],
            [
              75.818278,
              30.911641
            ],
            [
              75.819348,
              30.911823
            ],
            [
              75.819677,
              30.911885
            ],
            [
              75.819731,
              30.911666
            ],
            [
              75.819763,
              30.911467
            ],
            [
              75.81984,
              30.910901
            ],
            [
              75.819919,
              30.91002
            ],
            [
              75.820029,
              30.909015
            ],
            [
              75.821132,
              30.909095
            ],
            [
              75.821355,
              30.909123
            ],
            [
              75.821894,
              30.909306
            ],
            [
              75.822661,
              30.909638
            ],
            [
              75.823624,
              30.910079
            ],
            [
              75.824154,
              30.91032
            ],
            [
              75.824761,
              30.909308
            ],
            [
              75.825079,
              30.908773
            ],
            [
              75.825419,
              30.908191
            ],
            [
              75.82555,
              30.907934
            ],
            [
              75.825704,
              30.907722
            ],
            [
              75.825877,
              30.907585
            ],
            [
              75.825953,
              30.907616
            ],
            [
              75.826423,
              30.907811
            ],
            [
              75.82719,
              30.908145
            ],
            [
              75.827826,
              30.908442
            ],
            [
              75.828278,
              30.908635
            ],
            [
              75.828649,
              30.908795
            ],
            [
              75.829157,
              30.909018
            ],
            [
              75.82965,
              30.909249
            ],
            [
              75.830048,
              30.909414
            ],
            [
              75.830515,
              30.909614
            ],
            [
              75.831131,
              30.909883
            ],
            [
              75.831513,
              30.910061
            ],
            [
              75.831586,
              30.909806
            ],
            [
              75.83167,
              30.909308
            ],
            [
              75.831782,
              30.908711
            ],
            [
              75.831875,
              30.908241
            ],
            [
              75.831944,
              30.90789
            ],
            [
              75.832029,
              30.907396
            ],
            [
              75.832159,
              30.906845
            ],
            [
              75.832265,
              30.906442
            ],
            [
              75.832464,
              30.905888
            ],
            [
              75.832581,
              30.905482
            ],
            [
              75.832442,
              30.905378
            ],
            [
              75.832372,
              30.905319
            ],
            [
              75.831801,
              30.904839
            ],
            [
              75.831025,
              30.904202
            ],
            [
              75.830286,
              30.903612
            ],
            [
              75.829687,
              30.903129
            ],
            [
              75.828735,
              30.902342
            ],
            [
              75.828149,
              30.901937
            ],
            [
              75.827283,
              30.90121
            ],
            [
              75.826636,
              30.900629
            ],
            [
              75.826739,
              30.90039
            ],
            [
              75.824093,
              30.89946
            ],
            [
              75.822267,
              30.898805
            ],
            [
              75.820757,
              30.898275
            ],
            [
              75.820216,
              30.898067
            ],
            [
              75.81908,
              30.897631
            ],
            [
              75.817596,
              30.897101
            ],
            [
              75.815889,
              30.89646
            ],
            [
              75.813322,
              30.895543
            ],
            [
              75.811451,
              30.894852
            ],
            [
              75.808731,
              30.893851
            ],
            [
              75.807221,
              30.893389
            ],
            [
              75.806372,
              30.893115
            ],
            [
              75.802473,
              30.894602
            ],
            [
              75.798113,
              30.896244
            ],
            [
              75.785377,
              30.901275
            ],
            [
              75.784859,
              30.901456
            ],
            [
              75.784575,
              30.901554
            ],
            [
              75.784527,
              30.907787
            ],
            [
              75.784486,
              30.911417
            ],
            [
              75.784539,
              30.914691
            ],
            [
              75.784744,
              30.914701
            ],
            [
              75.784798,
              30.914756
            ],
            [
              75.785696,
              30.914679
            ],
            [
              75.786005,
              30.914567
            ],
            [
              75.786886,
              30.914111
            ],
            [
              75.787446,
              30.913944
            ],
            [
              75.788224,
              30.913057
            ],
            [
              75.788715,
              30.91261
            ],
            [
              75.78923,
              30.912227
            ],
            [
              75.789848,
              30.911575
            ],
            [
              75.790002,
              30.911318
            ],
            [
              75.792823,
              30.911339
            ],
            [
              75.792829,
              30.909522
            ],
            [
              75.797947,
              30.9095
            ],
            [
              75.798976,
              30.90953
            ],
            [
              75.798784,
              30.908663
            ],
            [
              75.7997,
              30.908725
            ],
            [
              75.799594,
              30.908293
            ],
            [
              75.799393,
              30.907867
            ],
            [
              75.799062,
              30.906992
            ],
            [
              75.798925,
              30.906811
            ],
            [
              75.802719,
              30.906762
            ],
            [
              75.806003,
              30.906782
            ],
            [
              75.806723,
              30.907141
            ],
            [
              75.807003,
              30.907281
            ],
            [
              75.807803,
              30.907266
            ],
            [
              75.807968,
              30.907301
            ],
            [
              75.809303,
              30.908735
            ]
          ]
        ]
      }
    },
    {
      "type": "Feature",
      "properties": {
        "ward_no": 71,
        "ward_name": "Ward 71",
        "zone": "A",
        "area_sq_km": 1.532,
        "centroid": [
          75.835075,
          30.90909
        ]
      },
      "geometry": {
        "type": "Polygon",
        "coordinates": [
          [
            [
              75.840175,
              30.913922
            ],
            [
              75.840661,
              30.913866
            ],
            [
              75.841254,
              30.913836
            ],
            [
              75.841545,
              30.913739
            ],
            [
              75.841711,
              30.91362
            ],
            [
              75.841954,
              30.913377
            ],
            [
              75.842144,
              30.913176
            ],
            [
              75.842366,
              30.912935
            ],
            [
              75.842446,
              30.91284
            ],
            [
              75.842534,
              30.912699
            ],
            [
              75.842624,
              30.912531
            ],
            [
              75.842735,
              30.912284
            ],
            [
              75.842846,
              30.911996
            ],
            [
              75.842947,
              30.911708
            ],
            [
              75.843062,
              30.911517
            ],
            [
              75.843548,
              30.910992
            ],
            [
              75.844034,
              30.910454
            ],
            [
              75.84432,
              30.910142
            ],
            [
              75.844551,
              30.909903
            ],
            [
              75.845233,
              30.909242
            ],
            [
              75.845589,
              30.908918
            ],
            [
              75.84582,
              30.908625
            ],
            [
              75.84591,
              30.908487
            ],
            [
              75.846146,
              30.90804
            ],
            [
              75.846485,
              30.90732
            ],
            [
              75.846727,
              30.906843
            ],
            [
              75.846556,
              30.906776
            ],
            [
              75.845653,
              30.906374
            ],
            [
              75.844476,
              30.905878
            ],
            [
              75.843399,
              30.905454
            ],
            [
              75.84246,
              30.905085
            ],
            [
              75.841147,
              30.904601
            ],
            [
              75.840414,
              30.904344
            ],
            [
              75.840108,
              30.904236
            ],
            [
              75.837998,
              30.903302
            ],
            [
              75.837452,
              30.903081
            ],
            [
              75.83703,
              30.902916
            ],
            [
              75.836625,
              30.902788
            ],
            [
              75.836042,
              30.902672
            ],
            [
              75.835747,
              30.902648
            ],
            [
              75.835539,
              30.902638
            ],
            [
              75.835103,
              30.902642
            ],
            [
              75.834603,
              30.902642
            ],
            [
              75.833873,
              30.902642
            ],
            [
              75.833419,
              30.902598
            ],
            [
              75.833117,
              30.902528
            ],
            [
              75.832792,
              30.902446
            ],
            [
              75.832422,
              30.902319
            ],
            [
              75.832095,
              30.902208
            ],
            [
              75.832146,
              30.9025
            ],
            [
              75.832191,
              30.902928
            ],
            [
              75.832235,
              30.903527
            ],
            [
              75.832266,
              30.904095
            ],
            [
              75.832344,
              30.904783
            ],
            [
              75.832372,
              30.905319
            ],
            [
              75.832442,
              30.905378
            ],
            [
              75.832581,
              30.905482
            ],
            [
              75.832464,
              30.905888
            ],
            [
              75.832265,
              30.906442
            ],
            [
              75.832159,
              30.906845
            ],
            [
              75.832029,
              30.907396
            ],
            [
              75.831944,
              30.90789
            ],
            [
              75.831875,
              30.908241
            ],
            [
              75.831782,
              30.908711
            ],
            [
              75.83167,
              30.909308
            ],
            [
              75.831586,
              30.909806
            ],
            [
              75.831513,
              30.910061
            ],
            [
              75.831131,
              30.909883
            ],
            [
              75.830515,
              30.909614
            ],
            [
              75.830048,
              30.909414
            ],
            [
              75.82965,
              30.909249
            ],
            [
              75.829157,
              30.909018
            ],
            [
              75.828649,
              30.908795
            ],
            [
              75.828278,
              30.908635
            ],
            [
              75.827826,
              30.908442
            ],
            [
              75.82719,
              30.908145
            ],
            [
              75.826423,
              30.907811
            ],
            [
              75.825953,
              30.907616
            ],
            [
              75.825877,
              30.907585
            ],
            [
              75.825704,
              30.907722
            ],
            [
              75.82555,
              30.907934
            ],
            [
              75.825419,
              30.908191
            ],
            [
              75.825079,
              30.908773
            ],
            [
              75.824761,
              30.909308
            ],
            [
              75.824154,
              30.91032
            ],
            [
              75.824224,
              30.910351
            ],
            [
              75.82495,
              30.910653
            ],
            [
              75.825703,
              30.91099
            ],
            [
              75.826673,
              30.911424
            ],
            [
              75.827398,
              30.911725
            ],
            [
              75.828162,
              30.912028
            ],
            [
              75.828756,
              30.912275
            ],
            [
              75.829329,
              30.912527
            ],
            [
              75.8298,
              30.912731
            ],
            [
              75.829922,
              30.912784
            ],
            [
              75.830037,
              30.912828
            ],
            [
              75.830159,
              30.912808
            ],
            [
              75.830365,
              30.912809
            ],
            [
              75.830742,
              30.912877
            ],
            [
              75.831186,
              30.91293
            ],
            [
              75.831732,
              30.913025
            ],
            [
              75.832092,
              30.913075
            ],
            [
              75.832374,
              30.913129
            ],
            [
              75.832997,
              30.913226
            ],
            [
              75.833121,
              30.912692
            ],
            [
              75.833614,
              30.912761
            ],
            [
              75.834084,
              30.912844
            ],
            [
              75.834652,
              30.912968
            ],
            [
              75.835009,
              30.913034
            ],
            [
              75.835478,
              30.913132
            ],
            [
              75.836059,
              30.91325
            ],
            [
              75.836507,
              30.913333
            ],
            [
              75.837128,
              30.913455
            ],
            [
              75.837845,
              30.913602
            ],
            [
              75.838441,
              30.913728
            ],
            [
              75.839054,
              30.913862
            ],
            [
              75.839675,
              30.913984
            ],
            [
              75.839841,
              30.914007
            ],
            [
              75.840175,
              30.913922
            ]
          ]
        ]
      }
    },
    {
      "type": "Feature",
      "properties": {
        "ward_no": 79,
        "ward_name": "Ward 79",
        "zone": "A",
        "area_sq_km": 0.471,
        "centroid": [
          75.871228,
          30.909371
        ]
      },
      "geometry": {
        "type": "Polygon",
        "coordinates": [
          [
            [
              75.870868,
              30.913167
            ],
            [
              75.87108,
              30.912715
            ],
            [
              75.871193,
              30.91268
            ],
            [
              75.871373,
              30.912636
            ],
            [
              75.871552,
              30.912589
            ],
            [
              75.871772,
              30.912453
            ],
            [
              75.871929,
              30.912337
            ],
            [
              75.872174,
              30.912128
            ],
            [
              75.872417,
              30.91192
            ],
            [
              75.872656,
              30.911703
            ],
            [
              75.873137,
              30.911265
            ],
            [
              75.873619,
              30.910854
            ],
            [
              75.87422,
              30.910336
            ],
            [
              75.87447,
              30.91008
            ],
            [
              75.874576,
              30.909843
            ],
            [
              75.874734,
              30.909501
            ],
            [
              75.874968,
              30.909021
            ],
            [
              75.875258,
              30.908453
            ],
            [
              75.875489,
              30.907956
            ],
            [
              75.87578,
              30.907282
            ],
            [
              75.876061,
              30.906674
            ],
            [
              75.876361,
              30.90604
            ],
            [
              75.876687,
              30.905325
            ],
            [
              75.876647,
              30.905244
            ],
            [
              75.876127,
              30.904237
            ],
            [
              75.875795,
              30.903588
            ],
            [
              75.875417,
              30.902779
            ],
            [
              75.875048,
              30.902813
            ],
            [
              75.874658,
              30.902841
            ],
            [
              75.874533,
              30.902806
            ],
            [
              75.874139,
              30.90283
            ],
            [
              75.874039,
              30.902857
            ],
            [
              75.873276,
              30.903299
            ],
            [
              75.873234,
              30.903323
            ],
            [
              75.872856,
              30.90353
            ],
            [
              75.87234,
              30.903837
            ],
            [
              75.871888,
              30.904124
            ],
            [
              75.871318,
              30.904521
            ],
            [
              75.870597,
              30.905056
            ],
            [
              75.870922,
              30.905366
            ],
            [
              75.871094,
              30.905556
            ],
            [
              75.871244,
              30.905449
            ],
            [
              75.871647,
              30.905873
            ],
            [
              75.872114,
              30.906341
            ],
            [
              75.872746,
              30.906939
            ],
            [
              75.873174,
              30.90733
            ],
            [
              75.873695,
              30.907939
            ],
            [
              75.872847,
              30.908512
            ],
            [
              75.871781,
              30.909182
            ],
            [
              75.870645,
              30.909918
            ],
            [
              75.870006,
              30.910394
            ],
            [
              75.869412,
              30.910749
            ],
            [
              75.86876,
              30.91121
            ],
            [
              75.868473,
              30.911396
            ],
            [
              75.868229,
              30.911505
            ],
            [
              75.867983,
              30.91157
            ],
            [
              75.86762,
              30.911615
            ],
            [
              75.866946,
              30.911678
            ],
            [
              75.866143,
              30.911773
            ],
            [
              75.865677,
              30.911792
            ],
            [
              75.865121,
              30.911804
            ],
            [
              75.865115,
              30.911804
            ],
            [
              75.865323,
              30.912281
            ],
            [
              75.865523,
              30.912697
            ],
            [
              75.86578,
              30.913245
            ],
            [
              75.866068,
              30.913811
            ],
            [
              75.866318,
              30.914342
            ],
            [
              75.866621,
              30.914207
            ],
            [
              75.866913,
              30.914061
            ],
            [
              75.867355,
              30.913896
            ],
            [
              75.867631,
              30.913813
            ],
            [
              75.867912,
              30.91372
            ],
            [
              75.868063,
              30.91368
            ],
            [
              75.868345,
              30.913606
            ],
            [
              75.869006,
              30.91346
            ],
            [
              75.869221,
              30.913418
            ],
            [
              75.869887,
              30.913321
            ],
            [
              75.870495,
              30.913227
            ],
            [
              75.870868,
              30.913167
            ]
          ]
        ]
      }
    },
    {
      "type": "Feature",
      "properties": {
        "ward_no": 77,
        "ward_name": "Ward 77",
        "zone": "A",
        "area_sq_km": 0.329,
        "centroid": [
          75.85899,
          30.912828
        ]
      },
      "geometry": {
        "type": "Polygon",
        "coordinates": [
          [
            [
              75.864062,
              30.911814
            ],
            [
              75.863983,
              30.911816
            ],
            [
              75.863261,
              30.911851
            ],
            [
              75.861927,
              30.911914
            ],
            [
              75.861387,
              30.911953
            ],
            [
              75.860766,
              30.911985
            ],
            [
              75.860752,
              30.911837
            ],
            [
              75.860698,
              30.911361
            ],
            [
              75.860671,
              30.910971
            ],
            [
              75.860646,
              30.910636
            ],
            [
              75.860191,
              30.910626
            ],
            [
              75.859906,
              30.910594
            ],
            [
              75.859649,
              30.910527
            ],
            [
              75.859359,
              30.910521
            ],
            [
              75.858932,
              30.910515
            ],
            [
              75.858424,
              30.910487
            ],
            [
              75.858072,
              30.910486
            ],
            [
              75.857692,
              30.910469
            ],
            [
              75.857645,
              30.910214
            ],
            [
              75.85759,
              30.910058
            ],
            [
              75.857468,
              30.909757
            ],
            [
              75.856724,
              30.91024
            ],
            [
              75.85608,
              30.910631
            ],
            [
              75.855559,
              30.910876
            ],
            [
              75.854771,
              30.911191
            ],
            [
              75.854735,
              30.911208
            ],
            [
              75.854833,
              30.91172
            ],
            [
              75.85488,
              30.9121
            ],
            [
              75.854941,
              30.912449
            ],
            [
              75.855012,
              30.913026
            ],
            [
              75.855092,
              30.913519
            ],
            [
              75.854542,
              30.913557
            ],
            [
              75.854105,
              30.913564
            ],
            [
              75.853888,
              30.913597
            ],
            [
              75.853993,
              30.914214
            ],
            [
              75.854025,
              30.914513
            ],
            [
              75.854027,
              30.914553
            ],
            [
              75.85477,
              30.914457
            ],
            [
              75.85519,
              30.914303
            ],
            [
              75.855375,
              30.914247
            ],
            [
              75.855763,
              30.914212
            ],
            [
              75.856093,
              30.914186
            ],
            [
              75.856472,
              30.914174
            ],
            [
              75.856907,
              30.914196
            ],
            [
              75.857411,
              30.914198
            ],
            [
              75.858149,
              30.914255
            ],
            [
              75.858819,
              30.914293
            ],
            [
              75.859415,
              30.914348
            ],
            [
              75.860172,
              30.91438
            ],
            [
              75.860569,
              30.914412
            ],
            [
              75.860964,
              30.914426
            ],
            [
              75.861522,
              30.914883
            ],
            [
              75.861884,
              30.915218
            ],
            [
              75.862072,
              30.915386
            ],
            [
              75.862235,
              30.915456
            ],
            [
              75.862407,
              30.915497
            ],
            [
              75.86243,
              30.915515
            ],
            [
              75.86258,
              30.915367
            ],
            [
              75.862723,
              30.915081
            ],
            [
              75.86293,
              30.914585
            ],
            [
              75.863109,
              30.914126
            ],
            [
              75.863315,
              30.913691
            ],
            [
              75.863483,
              30.91333
            ],
            [
              75.863573,
              30.913085
            ],
            [
              75.86373,
              30.912702
            ],
            [
              75.863899,
              30.91228
            ],
            [
              75.864062,
              30.911814
            ]
          ]
        ]
      }
    },
    {
      "type": "Feature",
      "properties": {
        "ward_no": 69,
        "ward_name": "Ward 69",
        "zone": "A",
        "area_sq_km": 1.192,
        "centroid": [
          75.827993,
          30.914084
        ]
      },
      "geometry": {
        "type": "Polygon",
        "coordinates": [
          [
            [
              75.824297,
              30.916759
            ],
            [
              75.824418,
              30.91675
            ],
            [
              75.825048,
              30.916721
            ],
            [
              75.82571,
              30.916666
            ],
            [
              75.826237,
              30.91664
            ],
            [
              75.827256,
              30.916557
            ],
            [
              75.828119,
              30.916477
            ],
            [
              75.829024,
              30.916413
            ],
            [
              75.830407,
              30.916364
            ],
            [
              75.830945,
              30.916326
            ],
            [
              75.831687,
              30.916279
            ],
            [
              75.832393,
              30.916243
            ],
            [
              75.832657,
              30.916202
            ],
            [
              75.83301,
              30.916163
            ],
            [
              75.833821,
              30.916098
            ],
            [
              75.83459,
              30.916051
            ],
            [
              75.835913,
              30.915934
            ],
            [
              75.836952,
              30.91584
            ],
            [
              75.837768,
              30.91578
            ],
            [
              75.838108,
              30.915801
            ],
            [
              75.838776,
              30.915895
            ],
            [
              75.839017,
              30.915935
            ],
            [
              75.839393,
              30.916083
            ],
            [
              75.84017,
              30.916333
            ],
            [
              75.840342,
              30.916363
            ],
            [
              75.841333,
              30.91644
            ],
            [
              75.841532,
              30.91646
            ],
            [
              75.841504,
              30.916227
            ],
            [
              75.841445,
              30.915989
            ],
            [
              75.841349,
              30.915732
            ],
            [
              75.841026,
              30.915265
            ],
            [
              75.840616,
              30.91466
            ],
            [
              75.840297,
              30.914174
            ],
            [
              75.840175,
              30.913922
            ],
            [
              75.839841,
              30.914007
            ],
            [
              75.839675,
              30.913984
            ],
            [
              75.839054,
              30.913862
            ],
            [
              75.838441,
              30.913728
            ],
            [
              75.837845,
              30.913602
            ],
            [
              75.837128,
              30.913455
            ],
            [
              75.836507,
              30.913333
            ],
            [
              75.836059,
              30.91325
            ],
            [
              75.835478,
              30.913132
            ],
            [
              75.835009,
              30.913034
            ],
            [
              75.834652,
              30.912968
            ],
            [
              75.834084,
              30.912844
            ],
            [
              75.833614,
              30.912761
            ],
            [
              75.833121,
              30.912692
            ],
            [
              75.832997,
              30.913226
            ],
            [
              75.832374,
              30.913129
            ],
            [
              75.832092,
              30.913075
            ],
            [
              75.831732,
              30.913025
            ],
            [
              75.831186,
              30.91293
            ],
            [
              75.830742,
              30.912877
            ],
            [
              75.830365,
              30.912809
            ],
            [
              75.830159,
              30.912808
            ],
            [
              75.830037,
              30.912828
            ],
            [
              75.829922,
              30.912784
            ],
            [
              75.8298,
              30.912731
            ],
            [
              75.829329,
              30.912527
            ],
            [
              75.828756,
              30.912275
            ],
            [
              75.828162,
              30.912028
            ],
            [
              75.827398,
              30.911725
            ],
            [
              75.826673,
              30.911424
            ],
            [
              75.825703,
              30.91099
            ],
            [
              75.82495,
              30.910653
            ],
            [
              75.824224,
              30.910351
            ],
            [
              75.824154,
              30.91032
            ],
            [
              75.823624,
              30.910079
            ],
            [
              75.822661,
              30.909638
            ],
            [
              75.821894,
              30.909306
            ],
            [
              75.821355,
              30.909123
            ],
            [
              75.821132,
              30.909095
            ],
            [
              75.820029,
              30.909015
            ],
            [
              75.819919,
              30.91002
            ],
            [
              75.81984,
              30.910901
            ],
            [
              75.819763,
              30.911467
            ],
            [
              75.819731,
              30.911666
            ],
            [
              75.819677,
              30.911885
            ],
            [
              75.819348,
              30.911823
            ],
            [
              75.818278,
              30.911641
            ],
            [
              75.816417,
              30.911358
            ],
            [
              75.816022,
              30.911286
            ],
            [
              75.816017,
              30.911303
            ],
            [
              75.81554,
              30.911161
            ],
            [
              75.815412,
              30.911731
            ],
            [
              75.815318,
              30.912151
            ],
            [
              75.815128,
              30.912826
            ],
            [
              75.814902,
              30.913632
            ],
            [
              75.814669,
              30.914647
            ],
            [
              75.814792,
              30.915601
            ],
            [
              75.814824,
              30.916095
            ],
            [
              75.815489,
              30.916045
            ],
            [
              75.816145,
              30.916079
            ],
            [
              75.816868,
              30.916095
            ],
            [
              75.817386,
              30.916134
            ],
            [
              75.817944,
              30.916177
            ],
            [
              75.81873,
              30.916247
            ],
            [
              75.819651,
              30.916259
            ],
            [
              75.819886,
              30.916261
            ],
            [
              75.819907,
              30.916261
            ],
            [
              75.820454,
              30.916272
            ],
            [
              75.820819,
              30.916316
            ],
            [
              75.821055,
              30.916372
            ],
            [
              75.823028,
              30.916694
            ],
            [
              75.823311,
              30.916744
            ],
            [
              75.823538,
              30.916772
            ],
            [
              75.823775,
              30.916782
            ],
            [
              75.824039,
              30.916778
            ],
            [
              75.824297,
              30.916759
            ]
          ]
        ]
      }
    },
    {
      "type": "Feature",
      "properties": {
        "ward_no": 73,
        "ward_name": "Ward 73",
        "zone": "A",
        "area_sq_km": 1.674,
        "centroid": [
          75.846803,
          30.9048
        ]
      },
      "geometry": {
        "type": "Polygon",
        "coordinates": [
          [
            [
              75.853487,
              30.90459
            ],
            [
              75.853572,
              30.904382
            ],
            [
              75.853728,
              30.903909
            ],
            [
              75.853914,
              30.903274
            ],
            [
              75.85426,
              30.901984
            ],
            [
              75.854389,
              30.90129
            ],
            [
              75.854491,
              30.900635
            ],
            [
              75.854496,
              30.900281
            ],
            [
              75.854514,
              30.89964
            ],
            [
              75.854485,
              30.899054
            ],
            [
              75.85447,
              30.898903
            ],
            [
              75.854206,
              30.898918
            ],
            [
              75.853958,
              30.898925
            ],
            [
              75.853772,
              30.898955
            ],
            [
              75.853608,
              30.899004
            ],
            [
              75.853466,
              30.898983
            ],
            [
              75.85332,
              30.898981
            ],
            [
              75.853081,
              30.898988
            ],
            [
              75.852861,
              30.899025
            ],
            [
              75.852932,
              30.899318
            ],
            [
              75.853066,
              30.899804
            ],
            [
              75.853155,
              30.900283
            ],
            [
              75.853076,
              30.900295
            ],
            [
              75.851646,
              30.900609
            ],
            [
              75.851334,
              30.899652
            ],
            [
              75.851227,
              30.899678
            ],
            [
              75.851022,
              30.899712
            ],
            [
              75.850771,
              30.898583
            ],
            [
              75.850237,
              30.896767
            ],
            [
              75.850442,
              30.896684
            ],
            [
              75.850529,
              30.896342
            ],
            [
              75.850297,
              30.896194
            ],
            [
              75.849977,
              30.896038
            ],
            [
              75.849547,
              30.895846
            ],
            [
              75.849124,
              30.895714
            ],
            [
              75.848545,
              30.895557
            ],
            [
              75.848094,
              30.895416
            ],
            [
              75.847426,
              30.895207
            ],
            [
              75.846775,
              30.895027
            ],
            [
              75.846037,
              30.894772
            ],
            [
              75.845708,
              30.895427
            ],
            [
              75.845435,
              30.895953
            ],
            [
              75.845128,
              30.896568
            ],
            [
              75.844931,
              30.896954
            ],
            [
              75.844731,
              30.897339
            ],
            [
              75.844596,
              30.897605
            ],
            [
              75.844495,
              30.897802
            ],
            [
              75.84426,
              30.898134
            ],
            [
              75.844035,
              30.898445
            ],
            [
              75.843539,
              30.899147
            ],
            [
              75.843256,
              30.899534
            ],
            [
              75.843045,
              30.899825
            ],
            [
              75.842827,
              30.900118
            ],
            [
              75.842622,
              30.900396
            ],
            [
              75.842408,
              30.900688
            ],
            [
              75.842173,
              30.901013
            ],
            [
              75.841989,
              30.901261
            ],
            [
              75.841909,
              30.901375
            ],
            [
              75.841835,
              30.901491
            ],
            [
              75.84179,
              30.901568
            ],
            [
              75.841639,
              30.901848
            ],
            [
              75.841506,
              30.902104
            ],
            [
              75.841336,
              30.902438
            ],
            [
              75.840937,
              30.903253
            ],
            [
              75.840753,
              30.903626
            ],
            [
              75.840414,
              30.904344
            ],
            [
              75.841147,
              30.904601
            ],
            [
              75.84246,
              30.905085
            ],
            [
              75.843399,
              30.905454
            ],
            [
              75.844476,
              30.905878
            ],
            [
              75.845653,
              30.906374
            ],
            [
              75.846556,
              30.906776
            ],
            [
              75.846727,
              30.906843
            ],
            [
              75.846485,
              30.90732
            ],
            [
              75.846146,
              30.90804
            ],
            [
              75.84591,
              30.908487
            ],
            [
              75.84582,
              30.908625
            ],
            [
              75.845589,
              30.908918
            ],
            [
              75.845233,
              30.909242
            ],
            [
              75.844551,
              30.909903
            ],
            [
              75.84432,
              30.910142
            ],
            [
              75.844034,
              30.910454
            ],
            [
              75.843548,
              30.910992
            ],
            [
              75.843062,
              30.911517
            ],
            [
              75.842947,
              30.911708
            ],
            [
              75.842846,
              30.911996
            ],
            [
              75.842735,
              30.912284
            ],
            [
              75.842624,
              30.912531
            ],
            [
              75.842534,
              30.912699
            ],
            [
              75.842446,
              30.91284
            ],
            [
              75.842366,
              30.912935
            ],
            [
              75.842144,
              30.913176
            ],
            [
              75.841954,
              30.913377
            ],
            [
              75.841711,
              30.91362
            ],
            [
              75.841545,
              30.913739
            ],
            [
              75.841254,
              30.913836
            ],
            [
              75.840661,
              30.913866
            ],
            [
              75.840175,
              30.913922
            ],
            [
              75.840297,
              30.914174
            ],
            [
              75.840616,
              30.91466
            ],
            [
              75.841026,
              30.915265
            ],
            [
              75.841349,
              30.915732
            ],
            [
              75.841445,
              30.915989
            ],
            [
              75.841504,
              30.916227
            ],
            [
              75.841532,
              30.91646
            ],
            [
              75.841791,
              30.916485
            ],
            [
              75.8423,
              30.916525
            ],
            [
              75.843019,
              30.916596
            ],
            [
              75.843813,
              30.916646
            ],
            [
              75.844828,
              30.916727
            ],
            [
              75.845712,
              30.91679
            ],
            [
              75.845785,
              30.91661
            ],
            [
              75.84747,
              30.913228
            ],
            [
              75.849249,
              30.910297
            ],
            [
              75.84971,
              30.909614
            ],
            [
              75.850371,
              30.908705
            ],
            [
              75.851562,
              30.907315
            ],
            [
              75.852005,
              30.906814
            ],
            [
              75.852353,
              30.90637
            ],
            [
              75.85284,
              30.905691
            ],
            [
              75.853073,
              30.905349
            ],
            [
              75.853282,
              30.904999
            ],
            [
              75.853468,
              30.904636
            ],
            [
              75.853487,
              30.90459
            ]
          ]
        ]
      }
    },
    {
      "type": "Feature",
      "properties": {
        "ward_no": 29,
        "ward_name": "Ward 29",
        "zone": "A",
        "area_sq_km": 0.702,
        "centroid": [
          75.884588,
          30.913691
        ]
      },
      "geometry": {
        "type": "Polygon",
        "coordinates": [
          [
            [
              75.88347,
              30.916761
            ],
            [
              75.883603,
              30.916511
            ],
            [
              75.883809,
              30.916172
            ],
            [
              75.884014,
              30.915858
            ],
            [
              75.884205,
              30.915571
            ],
            [
              75.884432,
              30.915226
            ],
            [
              75.88442,
              30.915211
            ],
            [
              75.884438,
              30.915151
            ],
            [
              75.884849,
              30.91479
            ],
            [
              75.88532,
              30.914371
            ],
            [
              75.885499,
              30.914366
            ],
            [
              75.885602,
              30.914389
            ],
            [
              75.885763,
              30.914451
            ],
            [
              75.886291,
              30.914075
            ],
            [
              75.886331,
              30.914215
            ],
            [
              75.8864,
              30.914436
            ],
            [
              75.886536,
              30.914875
            ],
            [
              75.886699,
              30.914834
            ],
            [
              75.887361,
              30.914568
            ],
            [
              75.887909,
              30.914371
            ],
            [
              75.888556,
              30.914134
            ],
            [
              75.888879,
              30.914005
            ],
            [
              75.889101,
              30.914411
            ],
            [
              75.88928,
              30.914801
            ],
            [
              75.889588,
              30.915425
            ],
            [
              75.8902,
              30.915133
            ],
            [
              75.890532,
              30.914996
            ],
            [
              75.890708,
              30.914959
            ],
            [
              75.890847,
              30.914971
            ],
            [
              75.890927,
              30.914954
            ],
            [
              75.890706,
              30.914307
            ],
            [
              75.890475,
              30.913846
            ],
            [
              75.890047,
              30.912909
            ],
            [
              75.889603,
              30.912258
            ],
            [
              75.889424,
              30.91211
            ],
            [
              75.889325,
              30.912133
            ],
            [
              75.888796,
              30.911629
            ],
            [
              75.888485,
              30.911247
            ],
            [
              75.88793,
              30.910796
            ],
            [
              75.887628,
              30.910499
            ],
            [
              75.887238,
              30.910117
            ],
            [
              75.886954,
              30.90982
            ],
            [
              75.886638,
              30.90948
            ],
            [
              75.88619,
              30.908713
            ],
            [
              75.885949,
              30.908296
            ],
            [
              75.8851,
              30.908627
            ],
            [
              75.884123,
              30.909001
            ],
            [
              75.883154,
              30.909381
            ],
            [
              75.881903,
              30.909861
            ],
            [
              75.880944,
              30.910225
            ],
            [
              75.87993,
              30.910625
            ],
            [
              75.879406,
              30.91086
            ],
            [
              75.879116,
              30.911582
            ],
            [
              75.878871,
              30.91218
            ],
            [
              75.878692,
              30.912618
            ],
            [
              75.878518,
              30.913054
            ],
            [
              75.878384,
              30.913393
            ],
            [
              75.878222,
              30.913777
            ],
            [
              75.878064,
              30.914188
            ],
            [
              75.877825,
              30.914797
            ],
            [
              75.877527,
              30.915519
            ],
            [
              75.877246,
              30.916192
            ],
            [
              75.877147,
              30.916424
            ],
            [
              75.877621,
              30.916483
            ],
            [
              75.878222,
              30.916564
            ],
            [
              75.878938,
              30.91664
            ],
            [
              75.879706,
              30.91674
            ],
            [
              75.880254,
              30.916787
            ],
            [
              75.880862,
              30.916804
            ],
            [
              75.881551,
              30.91681
            ],
            [
              75.88347,
              30.916761
            ]
          ]
        ]
      }
    },
    {
      "type": "Feature",
      "properties": {
        "ward_no": 18,
        "ward_name": "Ward 18",
        "zone": "A",
        "area_sq_km": 0.49,
        "centroid": [
          75.890093,
          30.91419
        ]
      },
      "geometry": {
        "type": "Polygon",
        "coordinates": [
          [
            [
              75.895123,
              30.910672
            ],
            [
              75.895099,
              30.910627
            ],
            [
              75.89478,
              30.910082
            ],
            [
              75.894318,
              30.909252
            ],
            [
              75.894302,
              30.909224
            ],
            [
              75.894129,
              30.909297
            ],
            [
              75.893153,
              30.909737
            ],
            [
              75.892263,
              30.910127
            ],
            [
              75.891413,
              30.910495
            ],
            [
              75.8906,
              30.910847
            ],
            [
              75.889817,
              30.911197
            ],
            [
              75.889233,
              30.911433
            ],
            [
              75.888796,
              30.911629
            ],
            [
              75.889325,
              30.912133
            ],
            [
              75.889424,
              30.91211
            ],
            [
              75.889603,
              30.912258
            ],
            [
              75.890047,
              30.912909
            ],
            [
              75.890475,
              30.913846
            ],
            [
              75.890706,
              30.914307
            ],
            [
              75.890927,
              30.914954
            ],
            [
              75.890847,
              30.914971
            ],
            [
              75.890708,
              30.914959
            ],
            [
              75.890532,
              30.914996
            ],
            [
              75.8902,
              30.915133
            ],
            [
              75.889588,
              30.915425
            ],
            [
              75.88928,
              30.914801
            ],
            [
              75.889101,
              30.914411
            ],
            [
              75.888879,
              30.914005
            ],
            [
              75.888556,
              30.914134
            ],
            [
              75.887909,
              30.914371
            ],
            [
              75.887361,
              30.914568
            ],
            [
              75.886699,
              30.914834
            ],
            [
              75.886536,
              30.914875
            ],
            [
              75.8864,
              30.914436
            ],
            [
              75.886331,
              30.914215
            ],
            [
              75.886291,
              30.914075
            ],
            [
              75.885763,
              30.914451
            ],
            [
              75.885602,
              30.914389
            ],
            [
              75.885499,
              30.914366
            ],
            [
              75.88532,
              30.914371
            ],
            [
              75.884849,
              30.91479
            ],
            [
              75.884438,
              30.915151
            ],
            [
              75.88442,
              30.915211
            ],
            [
              75.884432,
              30.915226
            ],
            [
              75.884205,
              30.915571
            ],
            [
              75.884014,
              30.915858
            ],
            [
              75.883809,
              30.916172
            ],
            [
              75.883603,
              30.916511
            ],
            [
              75.88347,
              30.916761
            ],
            [
              75.88392,
              30.91675
            ],
            [
              75.884728,
              30.916721
            ],
            [
              75.885616,
              30.916662
            ],
            [
              75.886106,
              30.916651
            ],
            [
              75.886878,
              30.916616
            ],
            [
              75.88776,
              30.916618
            ],
            [
              75.888373,
              30.916634
            ],
            [
              75.888662,
              30.916676
            ],
            [
              75.888967,
              30.9167
            ],
            [
              75.889509,
              30.916726
            ],
            [
              75.890161,
              30.916749
            ],
            [
              75.890725,
              30.916767
            ],
            [
              75.891529,
              30.916812
            ],
            [
              75.892036,
              30.916843
            ],
            [
              75.892503,
              30.916857
            ],
            [
              75.893042,
              30.916878
            ],
            [
              75.893766,
              30.916877
            ],
            [
              75.894127,
              30.916882
            ],
            [
              75.894275,
              30.916894
            ],
            [
              75.894437,
              30.916919
            ],
            [
              75.894514,
              30.916508
            ],
            [
              75.894615,
              30.916042
            ],
            [
              75.894747,
              30.915475
            ],
            [
              75.89492,
              30.914715
            ],
            [
              75.895105,
              30.913911
            ],
            [
              75.895296,
              30.913094
            ],
            [
              75.895473,
              30.912326
            ],
            [
              75.89549,
              30.91223
            ],
            [
              75.895519,
              30.912009
            ],
            [
              75.895513,
              30.911745
            ],
            [
              75.895475,
              30.911543
            ],
            [
              75.89539,
              30.911208
            ],
            [
              75.895247,
              30.910907
            ],
            [
              75.895123,
              30.910672
            ]
          ]
        ]
      }
    },
    {
      "type": "Feature",
      "properties": {
        "ward_no": 81,
        "ward_name": "Ward 81",
        "zone": "A",
        "area_sq_km": 0.622,
        "centroid": [
          75.874329,
          30.912861
        ]
      },
      "geometry": {
        "type": "Polygon",
        "coordinates": [
          [
            [
              75.87685,
              30.917144
            ],
            [
              75.87703,
              30.9167
            ],
            [
              75.877147,
              30.916424
            ],
            [
              75.877246,
              30.916192
            ],
            [
              75.877527,
              30.915519
            ],
            [
              75.877825,
              30.914797
            ],
            [
              75.878064,
              30.914188
            ],
            [
              75.878222,
              30.913777
            ],
            [
              75.878384,
              30.913393
            ],
            [
              75.878518,
              30.913054
            ],
            [
              75.878692,
              30.912618
            ],
            [
              75.878871,
              30.91218
            ],
            [
              75.879116,
              30.911582
            ],
            [
              75.879406,
              30.91086
            ],
            [
              75.879022,
              30.910078
            ],
            [
              75.878598,
              30.909233
            ],
            [
              75.878334,
              30.908646
            ],
            [
              75.877828,
              30.907664
            ],
            [
              75.87759,
              30.907148
            ],
            [
              75.877321,
              30.90659
            ],
            [
              75.876987,
              30.90593
            ],
            [
              75.876687,
              30.905325
            ],
            [
              75.876361,
              30.90604
            ],
            [
              75.876061,
              30.906674
            ],
            [
              75.87578,
              30.907282
            ],
            [
              75.875489,
              30.907956
            ],
            [
              75.875258,
              30.908453
            ],
            [
              75.874968,
              30.909021
            ],
            [
              75.874734,
              30.909501
            ],
            [
              75.874576,
              30.909843
            ],
            [
              75.87447,
              30.91008
            ],
            [
              75.87422,
              30.910336
            ],
            [
              75.873619,
              30.910854
            ],
            [
              75.873137,
              30.911265
            ],
            [
              75.872656,
              30.911703
            ],
            [
              75.872417,
              30.91192
            ],
            [
              75.872174,
              30.912128
            ],
            [
              75.871929,
              30.912337
            ],
            [
              75.871772,
              30.912453
            ],
            [
              75.871552,
              30.912589
            ],
            [
              75.871373,
              30.912636
            ],
            [
              75.871193,
              30.91268
            ],
            [
              75.87108,
              30.912715
            ],
            [
              75.870868,
              30.913167
            ],
            [
              75.871087,
              30.913132
            ],
            [
              75.870842,
              30.913604
            ],
            [
              75.870586,
              30.914088
            ],
            [
              75.870311,
              30.914604
            ],
            [
              75.870127,
              30.914972
            ],
            [
              75.86995,
              30.915349
            ],
            [
              75.869895,
              30.91564
            ],
            [
              75.869796,
              30.916089
            ],
            [
              75.869664,
              30.91657
            ],
            [
              75.86986,
              30.916516
            ],
            [
              75.869933,
              30.916497
            ],
            [
              75.87018,
              30.917235
            ],
            [
              75.870298,
              30.917216
            ],
            [
              75.870909,
              30.917122
            ],
            [
              75.871696,
              30.917009
            ],
            [
              75.872316,
              30.916932
            ],
            [
              75.872641,
              30.916876
            ],
            [
              75.87327,
              30.916838
            ],
            [
              75.873619,
              30.916862
            ],
            [
              75.874257,
              30.916883
            ],
            [
              75.875173,
              30.916891
            ],
            [
              75.875855,
              30.916917
            ],
            [
              75.87685,
              30.917144
            ]
          ]
        ]
      }
    },
    {
      "type": "Feature",
      "properties": {
        "ward_no": 62,
        "ward_name": "Ward 62",
        "zone": "A",
        "area_sq_km": 1.343,
        "centroid": [
          75.797763,
          30.912915
        ]
      },
      "geometry": {
        "type": "Polygon",
        "coordinates": [
          [
            [
              75.806974,
              30.912267
            ],
            [
              75.806842,
              30.911061
            ],
            [
              75.806607,
              30.911081
            ],
            [
              75.806377,
              30.909107
            ],
            [
              75.808668,
              30.90884
            ],
            [
              75.809303,
              30.908735
            ],
            [
              75.807968,
              30.907301
            ],
            [
              75.807803,
              30.907266
            ],
            [
              75.807003,
              30.907281
            ],
            [
              75.806723,
              30.907141
            ],
            [
              75.806003,
              30.906782
            ],
            [
              75.802719,
              30.906762
            ],
            [
              75.798925,
              30.906811
            ],
            [
              75.799062,
              30.906992
            ],
            [
              75.799393,
              30.907867
            ],
            [
              75.799594,
              30.908293
            ],
            [
              75.7997,
              30.908725
            ],
            [
              75.798784,
              30.908663
            ],
            [
              75.798976,
              30.90953
            ],
            [
              75.797947,
              30.9095
            ],
            [
              75.792829,
              30.909522
            ],
            [
              75.792823,
              30.911339
            ],
            [
              75.790002,
              30.911318
            ],
            [
              75.789848,
              30.911575
            ],
            [
              75.78923,
              30.912227
            ],
            [
              75.788715,
              30.91261
            ],
            [
              75.788224,
              30.913057
            ],
            [
              75.787446,
              30.913944
            ],
            [
              75.786886,
              30.914111
            ],
            [
              75.786005,
              30.914567
            ],
            [
              75.785696,
              30.914679
            ],
            [
              75.784798,
              30.914756
            ],
            [
              75.784989,
              30.914951
            ],
            [
              75.789001,
              30.91904
            ],
            [
              75.789293,
              30.918995
            ],
            [
              75.78998,
              30.918897
            ],
            [
              75.790356,
              30.918849
            ],
            [
              75.790817,
              30.918789
            ],
            [
              75.791342,
              30.918708
            ],
            [
              75.792882,
              30.918504
            ],
            [
              75.793255,
              30.918457
            ],
            [
              75.794035,
              30.918357
            ],
            [
              75.794461,
              30.918298
            ],
            [
              75.794919,
              30.918236
            ],
            [
              75.794896,
              30.917521
            ],
            [
              75.794878,
              30.916721
            ],
            [
              75.794862,
              30.915924
            ],
            [
              75.794837,
              30.915247
            ],
            [
              75.79483,
              30.914296
            ],
            [
              75.79663,
              30.914239
            ],
            [
              75.796938,
              30.914233
            ],
            [
              75.797339,
              30.914267
            ],
            [
              75.797731,
              30.914277
            ],
            [
              75.79811,
              30.914301
            ],
            [
              75.798442,
              30.914319
            ],
            [
              75.798925,
              30.914379
            ],
            [
              75.79905,
              30.913848
            ],
            [
              75.799195,
              30.913199
            ],
            [
              75.799686,
              30.913254
            ],
            [
              75.800005,
              30.913291
            ],
            [
              75.800463,
              30.91334
            ],
            [
              75.800604,
              30.913347
            ],
            [
              75.800986,
              30.913292
            ],
            [
              75.801442,
              30.913238
            ],
            [
              75.801386,
              30.91283
            ],
            [
              75.802143,
              30.912728
            ],
            [
              75.802705,
              30.912681
            ],
            [
              75.803199,
              30.912631
            ],
            [
              75.803857,
              30.912565
            ],
            [
              75.804372,
              30.912509
            ],
            [
              75.804873,
              30.91246
            ],
            [
              75.805485,
              30.912407
            ],
            [
              75.806389,
              30.912316
            ],
            [
              75.806974,
              30.912267
            ]
          ]
        ]
      }
    },
    {
      "type": "Feature",
      "properties": {
        "ward_no": 82,
        "ward_name": "Ward 82",
        "zone": "A",
        "area_sq_km": 0.417,
        "centroid": [
          75.864125,
          30.916108
        ]
      },
      "geometry": {
        "type": "Polygon",
        "coordinates": [
          [
            [
              75.869664,
              30.91657
            ],
            [
              75.869796,
              30.916089
            ],
            [
              75.869895,
              30.91564
            ],
            [
              75.86995,
              30.915349
            ],
            [
              75.870127,
              30.914972
            ],
            [
              75.870311,
              30.914604
            ],
            [
              75.870586,
              30.914088
            ],
            [
              75.870842,
              30.913604
            ],
            [
              75.871087,
              30.913132
            ],
            [
              75.870868,
              30.913167
            ],
            [
              75.870495,
              30.913227
            ],
            [
              75.869887,
              30.913321
            ],
            [
              75.869221,
              30.913418
            ],
            [
              75.869006,
              30.91346
            ],
            [
              75.868345,
              30.913606
            ],
            [
              75.868063,
              30.91368
            ],
            [
              75.867912,
              30.91372
            ],
            [
              75.867631,
              30.913813
            ],
            [
              75.867355,
              30.913896
            ],
            [
              75.866913,
              30.914061
            ],
            [
              75.866621,
              30.914207
            ],
            [
              75.866318,
              30.914342
            ],
            [
              75.866068,
              30.913811
            ],
            [
              75.86578,
              30.913245
            ],
            [
              75.865523,
              30.912697
            ],
            [
              75.865323,
              30.912281
            ],
            [
              75.865115,
              30.911804
            ],
            [
              75.864294,
              30.911809
            ],
            [
              75.864062,
              30.911814
            ],
            [
              75.863899,
              30.91228
            ],
            [
              75.86373,
              30.912702
            ],
            [
              75.863573,
              30.913085
            ],
            [
              75.863483,
              30.91333
            ],
            [
              75.863315,
              30.913691
            ],
            [
              75.863109,
              30.914126
            ],
            [
              75.86293,
              30.914585
            ],
            [
              75.862723,
              30.915081
            ],
            [
              75.86258,
              30.915367
            ],
            [
              75.86243,
              30.915515
            ],
            [
              75.862551,
              30.915609
            ],
            [
              75.862755,
              30.915819
            ],
            [
              75.862178,
              30.915842
            ],
            [
              75.862021,
              30.915864
            ],
            [
              75.861289,
              30.916105
            ],
            [
              75.860557,
              30.91632
            ],
            [
              75.860057,
              30.916472
            ],
            [
              75.859301,
              30.916694
            ],
            [
              75.858449,
              30.916962
            ],
            [
              75.857622,
              30.917207
            ],
            [
              75.857537,
              30.917541
            ],
            [
              75.857381,
              30.918024
            ],
            [
              75.857226,
              30.918542
            ],
            [
              75.857618,
              30.918641
            ],
            [
              75.857965,
              30.918754
            ],
            [
              75.858223,
              30.918816
            ],
            [
              75.858514,
              30.918923
            ],
            [
              75.858779,
              30.919016
            ],
            [
              75.858879,
              30.919052
            ],
            [
              75.859029,
              30.91912
            ],
            [
              75.859238,
              30.919212
            ],
            [
              75.859455,
              30.919268
            ],
            [
              75.859863,
              30.91928
            ],
            [
              75.860167,
              30.919304
            ],
            [
              75.860312,
              30.919339
            ],
            [
              75.860357,
              30.919071
            ],
            [
              75.860464,
              30.919037
            ],
            [
              75.860665,
              30.918953
            ],
            [
              75.860853,
              30.918876
            ],
            [
              75.860982,
              30.918587
            ],
            [
              75.861056,
              30.91841
            ],
            [
              75.861144,
              30.918268
            ],
            [
              75.8614,
              30.917901
            ],
            [
              75.861725,
              30.917419
            ],
            [
              75.861941,
              30.917132
            ],
            [
              75.862231,
              30.916707
            ],
            [
              75.862463,
              30.916365
            ],
            [
              75.862718,
              30.91595
            ],
            [
              75.862946,
              30.916156
            ],
            [
              75.863418,
              30.916582
            ],
            [
              75.863716,
              30.916803
            ],
            [
              75.86392,
              30.916943
            ],
            [
              75.864219,
              30.917107
            ],
            [
              75.864595,
              30.9173
            ],
            [
              75.864873,
              30.917446
            ],
            [
              75.865175,
              30.917586
            ],
            [
              75.865512,
              30.917718
            ],
            [
              75.86573,
              30.91775
            ],
            [
              75.865948,
              30.917764
            ],
            [
              75.866254,
              30.917761
            ],
            [
              75.86658,
              30.917771
            ],
            [
              75.866698,
              30.917759
            ],
            [
              75.867225,
              30.917507
            ],
            [
              75.867494,
              30.917397
            ],
            [
              75.868376,
              30.917054
            ],
            [
              75.869052,
              30.916777
            ],
            [
              75.869462,
              30.916638
            ],
            [
              75.869581,
              30.916593
            ],
            [
              75.869664,
              30.91657
            ]
          ]
        ]
      }
    },
    {
      "type": "Feature",
      "properties": {
        "ward_no": 74,
        "ward_name": "Ward 74",
        "zone": "A",
        "area_sq_km": 1.365,
        "centroid": [
          75.859432,
          30.895887
        ]
      },
      "geometry": {
        "type": "Polygon",
        "coordinates": [
          [
            [
              75.864047,
              30.8983
            ],
            [
              75.864886,
              30.897857
            ],
            [
              75.865992,
              30.897277
            ],
            [
              75.866954,
              30.896781
            ],
            [
              75.868005,
              30.896222
            ],
            [
              75.869157,
              30.895625
            ],
            [
              75.870097,
              30.895103
            ],
            [
              75.870322,
              30.89499
            ],
            [
              75.86999,
              30.894509
            ],
            [
              75.86977,
              30.894234
            ],
            [
              75.869407,
              30.893861
            ],
            [
              75.868991,
              30.893458
            ],
            [
              75.868695,
              30.893201
            ],
            [
              75.867922,
              30.892618
            ],
            [
              75.866891,
              30.891933
            ],
            [
              75.865714,
              30.891102
            ],
            [
              75.865044,
              30.890661
            ],
            [
              75.864912,
              30.890571
            ],
            [
              75.864598,
              30.890355
            ],
            [
              75.863993,
              30.890025
            ],
            [
              75.863016,
              30.889651
            ],
            [
              75.861836,
              30.88936
            ],
            [
              75.861321,
              30.889306
            ],
            [
              75.860671,
              30.889273
            ],
            [
              75.860172,
              30.88927
            ],
            [
              75.8597,
              30.889279
            ],
            [
              75.859002,
              30.889267
            ],
            [
              75.858489,
              30.88925
            ],
            [
              75.858487,
              30.889465
            ],
            [
              75.858477,
              30.889855
            ],
            [
              75.858444,
              30.890347
            ],
            [
              75.858416,
              30.890761
            ],
            [
              75.858411,
              30.891021
            ],
            [
              75.85839,
              30.891433
            ],
            [
              75.858377,
              30.891812
            ],
            [
              75.858365,
              30.892106
            ],
            [
              75.858361,
              30.892301
            ],
            [
              75.858114,
              30.892312
            ],
            [
              75.856702,
              30.892486
            ],
            [
              75.85628,
              30.892557
            ],
            [
              75.855313,
              30.892701
            ],
            [
              75.854843,
              30.892751
            ],
            [
              75.854056,
              30.892813
            ],
            [
              75.85407,
              30.893115
            ],
            [
              75.854095,
              30.8935
            ],
            [
              75.854118,
              30.893845
            ],
            [
              75.854137,
              30.894128
            ],
            [
              75.854157,
              30.894433
            ],
            [
              75.854179,
              30.894767
            ],
            [
              75.85421,
              30.89522
            ],
            [
              75.854311,
              30.896443
            ],
            [
              75.854352,
              30.89715
            ],
            [
              75.854396,
              30.897735
            ],
            [
              75.854408,
              30.898246
            ],
            [
              75.85447,
              30.898903
            ],
            [
              75.854485,
              30.899054
            ],
            [
              75.854514,
              30.89964
            ],
            [
              75.854496,
              30.900281
            ],
            [
              75.854491,
              30.900635
            ],
            [
              75.854389,
              30.90129
            ],
            [
              75.85426,
              30.901984
            ],
            [
              75.853914,
              30.903274
            ],
            [
              75.853728,
              30.903909
            ],
            [
              75.853572,
              30.904382
            ],
            [
              75.853487,
              30.90459
            ],
            [
              75.853904,
              30.904754
            ],
            [
              75.854079,
              30.904578
            ],
            [
              75.854441,
              30.904241
            ],
            [
              75.854896,
              30.903819
            ],
            [
              75.855283,
              30.9035
            ],
            [
              75.855826,
              30.903069
            ],
            [
              75.85633,
              30.902695
            ],
            [
              75.856791,
              30.902361
            ],
            [
              75.857512,
              30.901871
            ],
            [
              75.858521,
              30.901224
            ],
            [
              75.859341,
              30.900752
            ],
            [
              75.860119,
              30.900336
            ],
            [
              75.86116,
              30.899795
            ],
            [
              75.862021,
              30.899355
            ],
            [
              75.862653,
              30.899021
            ],
            [
              75.863638,
              30.898516
            ],
            [
              75.864047,
              30.8983
            ]
          ]
        ]
      }
    },
    {
      "type": "Feature",
      "properties": {
        "ward_no": 63,
        "ward_name": "Ward 63",
        "zone": "A",
        "area_sq_km": 0.78,
        "centroid": [
          75.808659,
          30.915672
        ]
      },
      "geometry": {
        "type": "Polygon",
        "coordinates": [
          [
            [
              75.814824,
              30.916095
            ],
            [
              75.814792,
              30.915601
            ],
            [
              75.814669,
              30.914647
            ],
            [
              75.814902,
              30.913632
            ],
            [
              75.815128,
              30.912826
            ],
            [
              75.815318,
              30.912151
            ],
            [
              75.815412,
              30.911731
            ],
            [
              75.81554,
              30.911161
            ],
            [
              75.815242,
              30.911075
            ],
            [
              75.813862,
              30.910875
            ],
            [
              75.813899,
              30.909375
            ],
            [
              75.813299,
              30.909118
            ],
            [
              75.813712,
              30.90637
            ],
            [
              75.812411,
              30.906172
            ],
            [
              75.812225,
              30.906984
            ],
            [
              75.811922,
              30.908784
            ],
            [
              75.813047,
              30.909352
            ],
            [
              75.812876,
              30.910068
            ],
            [
              75.811341,
              30.909769
            ],
            [
              75.80992,
              30.909398
            ],
            [
              75.809303,
              30.908735
            ],
            [
              75.808668,
              30.90884
            ],
            [
              75.806377,
              30.909107
            ],
            [
              75.806607,
              30.911081
            ],
            [
              75.806842,
              30.911061
            ],
            [
              75.806974,
              30.912267
            ],
            [
              75.806984,
              30.912266
            ],
            [
              75.807461,
              30.912217
            ],
            [
              75.808736,
              30.912125
            ],
            [
              75.809502,
              30.912036
            ],
            [
              75.810148,
              30.911968
            ],
            [
              75.810265,
              30.912549
            ],
            [
              75.80922,
              30.912528
            ],
            [
              75.809159,
              30.912599
            ],
            [
              75.80914,
              30.913182
            ],
            [
              75.809041,
              30.913276
            ],
            [
              75.808851,
              30.913308
            ],
            [
              75.808757,
              30.913625
            ],
            [
              75.808734,
              30.914312
            ],
            [
              75.808773,
              30.914634
            ],
            [
              75.808854,
              30.914667
            ],
            [
              75.808861,
              30.915571
            ],
            [
              75.808865,
              30.916186
            ],
            [
              75.808857,
              30.916508
            ],
            [
              75.80761,
              30.916623
            ],
            [
              75.806887,
              30.916695
            ],
            [
              75.806093,
              30.916784
            ],
            [
              75.804664,
              30.916909
            ],
            [
              75.803602,
              30.917018
            ],
            [
              75.803343,
              30.917044
            ],
            [
              75.803364,
              30.917715
            ],
            [
              75.803349,
              30.918395
            ],
            [
              75.802952,
              30.918642
            ],
            [
              75.802716,
              30.918782
            ],
            [
              75.802505,
              30.919018
            ],
            [
              75.802342,
              30.919366
            ],
            [
              75.802181,
              30.919647
            ],
            [
              75.801938,
              30.920078
            ],
            [
              75.802203,
              30.920147
            ],
            [
              75.802314,
              30.919974
            ],
            [
              75.802513,
              30.919628
            ],
            [
              75.802766,
              30.919651
            ],
            [
              75.803211,
              30.919654
            ],
            [
              75.8035,
              30.919667
            ],
            [
              75.803737,
              30.919679
            ],
            [
              75.803732,
              30.920006
            ],
            [
              75.804169,
              30.920046
            ],
            [
              75.804659,
              30.920061
            ],
            [
              75.804651,
              30.9194
            ],
            [
              75.805607,
              30.9194
            ],
            [
              75.805633,
              30.919013
            ],
            [
              75.806051,
              30.919019
            ],
            [
              75.806071,
              30.918865
            ],
            [
              75.806547,
              30.918846
            ],
            [
              75.806559,
              30.919056
            ],
            [
              75.806554,
              30.919637
            ],
            [
              75.806658,
              30.919637
            ],
            [
              75.806655,
              30.920274
            ],
            [
              75.807567,
              30.920282
            ],
            [
              75.807563,
              30.920361
            ],
            [
              75.808214,
              30.920393
            ],
            [
              75.808281,
              30.920216
            ],
            [
              75.808426,
              30.919803
            ],
            [
              75.808615,
              30.919241
            ],
            [
              75.808797,
              30.918742
            ],
            [
              75.808839,
              30.918607
            ],
            [
              75.808868,
              30.918376
            ],
            [
              75.808876,
              30.917984
            ],
            [
              75.809317,
              30.917963
            ],
            [
              75.809805,
              30.917938
            ],
            [
              75.810443,
              30.917882
            ],
            [
              75.811202,
              30.917829
            ],
            [
              75.811947,
              30.917769
            ],
            [
              75.812495,
              30.917721
            ],
            [
              75.813024,
              30.917686
            ],
            [
              75.81298,
              30.917118
            ],
            [
              75.812659,
              30.91718
            ],
            [
              75.812531,
              30.916635
            ],
            [
              75.812488,
              30.916279
            ],
            [
              75.814016,
              30.916173
            ],
            [
              75.814813,
              30.916096
            ],
            [
              75.814824,
              30.916095
            ]
          ]
        ]
      }
    },
    {
      "type": "Feature",
      "properties": {
        "ward_no": 20,
        "ward_name": "Ward 20",
        "zone": "A",
        "area_sq_km": 2.479,
        "centroid": [
          75.905468,
          30.91265
        ]
      },
      "geometry": {
        "type": "Polygon",
        "coordinates": [
          [
            [
              75.91763,
              30.911351
            ],
            [
              75.91759,
              30.911328
            ],
            [
              75.917237,
              30.911111
            ],
            [
              75.916902,
              30.910921
            ],
            [
              75.916292,
              30.910576
            ],
            [
              75.915903,
              30.910383
            ],
            [
              75.915178,
              30.910011
            ],
            [
              75.914648,
              30.909743
            ],
            [
              75.914,
              30.909414
            ],
            [
              75.913458,
              30.909151
            ],
            [
              75.912835,
              30.908832
            ],
            [
              75.912436,
              30.908632
            ],
            [
              75.91181,
              30.90832
            ],
            [
              75.911353,
              30.90807
            ],
            [
              75.911103,
              30.907939
            ],
            [
              75.910633,
              30.90769
            ],
            [
              75.910178,
              30.907468
            ],
            [
              75.90967,
              30.907205
            ],
            [
              75.909122,
              30.90691
            ],
            [
              75.908524,
              30.906605
            ],
            [
              75.908347,
              30.906514
            ],
            [
              75.908042,
              30.906343
            ],
            [
              75.907681,
              30.906164
            ],
            [
              75.907141,
              30.905914
            ],
            [
              75.906657,
              30.905664
            ],
            [
              75.906172,
              30.905407
            ],
            [
              75.905579,
              30.905102
            ],
            [
              75.904908,
              30.90475
            ],
            [
              75.904393,
              30.904469
            ],
            [
              75.903984,
              30.904231
            ],
            [
              75.903593,
              30.904016
            ],
            [
              75.90305,
              30.903759
            ],
            [
              75.902484,
              30.903456
            ],
            [
              75.901835,
              30.903108
            ],
            [
              75.901413,
              30.902916
            ],
            [
              75.901184,
              30.90287
            ],
            [
              75.901307,
              30.903152
            ],
            [
              75.901564,
              30.903573
            ],
            [
              75.901944,
              30.904188
            ],
            [
              75.902118,
              30.904465
            ],
            [
              75.902385,
              30.9049
            ],
            [
              75.902631,
              30.905323
            ],
            [
              75.902798,
              30.905602
            ],
            [
              75.902947,
              30.905849
            ],
            [
              75.903116,
              30.906122
            ],
            [
              75.903294,
              30.906411
            ],
            [
              75.902697,
              30.906676
            ],
            [
              75.902268,
              30.906866
            ],
            [
              75.901737,
              30.907109
            ],
            [
              75.901129,
              30.907389
            ],
            [
              75.900662,
              30.907587
            ],
            [
              75.900281,
              30.907739
            ],
            [
              75.900022,
              30.907855
            ],
            [
              75.899821,
              30.90798
            ],
            [
              75.899568,
              30.90821
            ],
            [
              75.89928,
              30.908437
            ],
            [
              75.898976,
              30.908708
            ],
            [
              75.89844,
              30.909154
            ],
            [
              75.898297,
              30.909255
            ],
            [
              75.8979,
              30.909431
            ],
            [
              75.896785,
              30.909928
            ],
            [
              75.895123,
              30.910672
            ],
            [
              75.895247,
              30.910907
            ],
            [
              75.89539,
              30.911208
            ],
            [
              75.895475,
              30.911543
            ],
            [
              75.895513,
              30.911745
            ],
            [
              75.895519,
              30.912009
            ],
            [
              75.89549,
              30.91223
            ],
            [
              75.895473,
              30.912326
            ],
            [
              75.895296,
              30.913094
            ],
            [
              75.895105,
              30.913911
            ],
            [
              75.89492,
              30.914715
            ],
            [
              75.894747,
              30.915475
            ],
            [
              75.894615,
              30.916042
            ],
            [
              75.894514,
              30.916508
            ],
            [
              75.894437,
              30.916919
            ],
            [
              75.894584,
              30.916942
            ],
            [
              75.894713,
              30.916962
            ],
            [
              75.895138,
              30.917049
            ],
            [
              75.895732,
              30.917143
            ],
            [
              75.896773,
              30.917318
            ],
            [
              75.897471,
              30.917442
            ],
            [
              75.898762,
              30.917672
            ],
            [
              75.899839,
              30.917877
            ],
            [
              75.900447,
              30.917995
            ],
            [
              75.901158,
              30.918132
            ],
            [
              75.901662,
              30.918207
            ],
            [
              75.902131,
              30.91828
            ],
            [
              75.902401,
              30.918323
            ],
            [
              75.902723,
              30.918367
            ],
            [
              75.903025,
              30.918412
            ],
            [
              75.903236,
              30.91844
            ],
            [
              75.903417,
              30.918454
            ],
            [
              75.903615,
              30.918463
            ],
            [
              75.903865,
              30.918451
            ],
            [
              75.904353,
              30.918412
            ],
            [
              75.904929,
              30.918499
            ],
            [
              75.905137,
              30.918566
            ],
            [
              75.905399,
              30.918697
            ],
            [
              75.905582,
              30.918851
            ],
            [
              75.905771,
              30.919117
            ],
            [
              75.905925,
              30.919314
            ],
            [
              75.905991,
              30.919374
            ],
            [
              75.906053,
              30.919421
            ],
            [
              75.906194,
              30.919504
            ],
            [
              75.906288,
              30.919552
            ],
            [
              75.906434,
              30.919603
            ],
            [
              75.907348,
              30.919657
            ],
            [
              75.907927,
              30.919719
            ],
            [
              75.908485,
              30.919767
            ],
            [
              75.909055,
              30.919803
            ],
            [
              75.909696,
              30.919799
            ],
            [
              75.910258,
              30.919812
            ],
            [
              75.910956,
              30.919843
            ],
            [
              75.912035,
              30.919879
            ],
            [
              75.913602,
              30.919909
            ],
            [
              75.915115,
              30.920526
            ],
            [
              75.915544,
              30.920699
            ],
            [
              75.915954,
              30.920865
            ],
            [
              75.916031,
              30.920892
            ],
            [
              75.915911,
              30.920557
            ],
            [
              75.915889,
              30.920498
            ],
            [
              75.915757,
              30.920129
            ],
            [
              75.91575,
              30.920107
            ],
            [
              75.915687,
              30.919932
            ],
            [
              75.915687,
              30.919932
            ],
            [
              75.915233,
              30.918663
            ],
            [
              75.915177,
              30.917453
            ],
            [
              75.915215,
              30.914711
            ],
            [
              75.915159,
              30.914094
            ],
            [
              75.915238,
              30.913835
            ],
            [
              75.915656,
              30.913401
            ],
            [
              75.916104,
              30.912936
            ],
            [
              75.91763,
              30.911351
            ]
          ]
        ]
      }
    },
    {
      "type": "Feature",
      "properties": {
        "ward_no": 84,
        "ward_name": "Ward 84",
        "zone": "A",
        "area_sq_km": 0.361,
        "centroid": [
          75.856628,
          30.918349
        ]
      },
      "geometry": {
        "type": "Polygon",
        "coordinates": [
          [
            [
              75.857226,
              30.918542
            ],
            [
              75.857381,
              30.918024
            ],
            [
              75.857537,
              30.917541
            ],
            [
              75.857622,
              30.917207
            ],
            [
              75.858449,
              30.916962
            ],
            [
              75.859301,
              30.916694
            ],
            [
              75.860057,
              30.916472
            ],
            [
              75.860557,
              30.91632
            ],
            [
              75.861289,
              30.916105
            ],
            [
              75.862021,
              30.915864
            ],
            [
              75.862178,
              30.915842
            ],
            [
              75.862755,
              30.915819
            ],
            [
              75.862551,
              30.915609
            ],
            [
              75.86243,
              30.915515
            ],
            [
              75.862407,
              30.915497
            ],
            [
              75.862235,
              30.915456
            ],
            [
              75.862072,
              30.915386
            ],
            [
              75.861884,
              30.915218
            ],
            [
              75.861522,
              30.914883
            ],
            [
              75.860964,
              30.914426
            ],
            [
              75.860569,
              30.914412
            ],
            [
              75.860172,
              30.91438
            ],
            [
              75.859415,
              30.914348
            ],
            [
              75.858819,
              30.914293
            ],
            [
              75.858149,
              30.914255
            ],
            [
              75.857411,
              30.914198
            ],
            [
              75.857308,
              30.914638
            ],
            [
              75.857182,
              30.915115
            ],
            [
              75.857122,
              30.91543
            ],
            [
              75.857002,
              30.916068
            ],
            [
              75.856942,
              30.916215
            ],
            [
              75.85687,
              30.916554
            ],
            [
              75.856655,
              30.916546
            ],
            [
              75.856582,
              30.917144
            ],
            [
              75.856536,
              30.917589
            ],
            [
              75.855828,
              30.917553
            ],
            [
              75.854984,
              30.917538
            ],
            [
              75.854336,
              30.91751
            ],
            [
              75.853444,
              30.917482
            ],
            [
              75.852402,
              30.917458
            ],
            [
              75.851619,
              30.917417
            ],
            [
              75.851396,
              30.917979
            ],
            [
              75.851056,
              30.918646
            ],
            [
              75.850929,
              30.91895
            ],
            [
              75.850841,
              30.919301
            ],
            [
              75.850786,
              30.919738
            ],
            [
              75.850793,
              30.919831
            ],
            [
              75.850818,
              30.920128
            ],
            [
              75.851048,
              30.920352
            ],
            [
              75.85123,
              30.920478
            ],
            [
              75.851577,
              30.920721
            ],
            [
              75.851999,
              30.920683
            ],
            [
              75.852327,
              30.920681
            ],
            [
              75.85255,
              30.92072
            ],
            [
              75.85315,
              30.920849
            ],
            [
              75.853415,
              30.920915
            ],
            [
              75.853734,
              30.921011
            ],
            [
              75.854029,
              30.921131
            ],
            [
              75.854557,
              30.921329
            ],
            [
              75.854727,
              30.921377
            ],
            [
              75.855011,
              30.921583
            ],
            [
              75.855313,
              30.921883
            ],
            [
              75.855407,
              30.921976
            ],
            [
              75.855755,
              30.921867
            ],
            [
              75.856038,
              30.921749
            ],
            [
              75.856451,
              30.92159
            ],
            [
              75.856848,
              30.921408
            ],
            [
              75.857276,
              30.921189
            ],
            [
              75.857407,
              30.921112
            ],
            [
              75.857438,
              30.921043
            ],
            [
              75.857433,
              30.920974
            ],
            [
              75.857426,
              30.920779
            ],
            [
              75.857381,
              30.920646
            ],
            [
              75.857351,
              30.920564
            ],
            [
              75.857274,
              30.920466
            ],
            [
              75.857116,
              30.920342
            ],
            [
              75.856929,
              30.920234
            ],
            [
              75.857007,
              30.920065
            ],
            [
              75.857007,
              30.919988
            ],
            [
              75.856963,
              30.91986
            ],
            [
              75.856934,
              30.919638
            ],
            [
              75.856952,
              30.919444
            ],
            [
              75.857001,
              30.919227
            ],
            [
              75.8571,
              30.918939
            ],
            [
              75.857223,
              30.918552
            ],
            [
              75.857226,
              30.918542
            ]
          ]
        ]
      }
    },
    {
      "type": "Feature",
      "properties": {
        "ward_no": 70,
        "ward_name": "Ward 70",
        "zone": "A",
        "area_sq_km": 0.87,
        "centroid": [
          75.83537,
          30.919234
        ]
      },
      "geometry": {
        "type": "Polygon",
        "coordinates": [
          [
            [
              75.843069,
              30.921753
            ],
            [
              75.843221,
              30.921511
            ],
            [
              75.84378,
              30.92055
            ],
            [
              75.844126,
              30.919953
            ],
            [
              75.84483,
              30.918676
            ],
            [
              75.84518,
              30.918109
            ],
            [
              75.845712,
              30.91679
            ],
            [
              75.844828,
              30.916727
            ],
            [
              75.843813,
              30.916646
            ],
            [
              75.843019,
              30.916596
            ],
            [
              75.8423,
              30.916525
            ],
            [
              75.841791,
              30.916485
            ],
            [
              75.841532,
              30.91646
            ],
            [
              75.841333,
              30.91644
            ],
            [
              75.840342,
              30.916363
            ],
            [
              75.84017,
              30.916333
            ],
            [
              75.839393,
              30.916083
            ],
            [
              75.839017,
              30.915935
            ],
            [
              75.838776,
              30.915895
            ],
            [
              75.838108,
              30.915801
            ],
            [
              75.837768,
              30.91578
            ],
            [
              75.836952,
              30.91584
            ],
            [
              75.835913,
              30.915934
            ],
            [
              75.83459,
              30.916051
            ],
            [
              75.833821,
              30.916098
            ],
            [
              75.83301,
              30.916163
            ],
            [
              75.832657,
              30.916202
            ],
            [
              75.832393,
              30.916243
            ],
            [
              75.831687,
              30.916279
            ],
            [
              75.830945,
              30.916326
            ],
            [
              75.830407,
              30.916364
            ],
            [
              75.829024,
              30.916413
            ],
            [
              75.828119,
              30.916477
            ],
            [
              75.827256,
              30.916557
            ],
            [
              75.826237,
              30.91664
            ],
            [
              75.82571,
              30.916666
            ],
            [
              75.825048,
              30.916721
            ],
            [
              75.824418,
              30.91675
            ],
            [
              75.824297,
              30.916759
            ],
            [
              75.824507,
              30.916957
            ],
            [
              75.824884,
              30.917268
            ],
            [
              75.825437,
              30.917681
            ],
            [
              75.825743,
              30.917927
            ],
            [
              75.826147,
              30.918198
            ],
            [
              75.82667,
              30.918389
            ],
            [
              75.827325,
              30.918613
            ],
            [
              75.827706,
              30.918795
            ],
            [
              75.828163,
              30.918833
            ],
            [
              75.8291,
              30.918957
            ],
            [
              75.829893,
              30.919116
            ],
            [
              75.830795,
              30.91935
            ],
            [
              75.830674,
              30.919877
            ],
            [
              75.830586,
              30.920315
            ],
            [
              75.830516,
              30.920839
            ],
            [
              75.830492,
              30.921077
            ],
            [
              75.830747,
              30.921186
            ],
            [
              75.831073,
              30.921359
            ],
            [
              75.831198,
              30.9214
            ],
            [
              75.831455,
              30.92145
            ],
            [
              75.831738,
              30.921505
            ],
            [
              75.832045,
              30.921593
            ],
            [
              75.832361,
              30.921705
            ],
            [
              75.83277,
              30.92188
            ],
            [
              75.832838,
              30.921906
            ],
            [
              75.832875,
              30.921855
            ],
            [
              75.83326,
              30.922034
            ],
            [
              75.833549,
              30.922241
            ],
            [
              75.834068,
              30.922835
            ],
            [
              75.834265,
              30.922745
            ],
            [
              75.834453,
              30.922641
            ],
            [
              75.834674,
              30.922427
            ],
            [
              75.834893,
              30.92222
            ],
            [
              75.835098,
              30.922052
            ],
            [
              75.835263,
              30.921908
            ],
            [
              75.835457,
              30.921778
            ],
            [
              75.835833,
              30.921515
            ],
            [
              75.836251,
              30.921183
            ],
            [
              75.836377,
              30.921087
            ],
            [
              75.83642,
              30.920752
            ],
            [
              75.837058,
              30.920698
            ],
            [
              75.837473,
              30.920644
            ],
            [
              75.837778,
              30.920624
            ],
            [
              75.838532,
              30.920489
            ],
            [
              75.839188,
              30.920401
            ],
            [
              75.840074,
              30.920288
            ],
            [
              75.84069,
              30.920245
            ],
            [
              75.841757,
              30.920105
            ],
            [
              75.841825,
              30.920572
            ],
            [
              75.841854,
              30.920747
            ],
            [
              75.841831,
              30.92085
            ],
            [
              75.841824,
              30.920885
            ],
            [
              75.84216,
              30.920975
            ],
            [
              75.842081,
              30.92124
            ],
            [
              75.842053,
              30.921479
            ],
            [
              75.842045,
              30.921732
            ],
            [
              75.8425,
              30.92172
            ],
            [
              75.842778,
              30.921687
            ],
            [
              75.842845,
              30.921641
            ],
            [
              75.843069,
              30.921753
            ]
          ]
        ]
      }
    },
    {
      "type": "Feature",
      "properties": {
        "ward_no": 64,
        "ward_name": "Ward 64",
        "zone": "A",
        "area_sq_km": 1.211,
        "centroid": [
          75.800543,
          30.916574
        ]
      },
      "geometry": {
        "type": "Polygon",
        "coordinates": [
          [
            [
              75.797393,
              30.9232
            ],
            [
              75.797394,
              30.922968
            ],
            [
              75.798214,
              30.922439
            ],
            [
              75.798727,
              30.922211
            ],
            [
              75.799784,
              30.921586
            ],
            [
              75.80041,
              30.921336
            ],
            [
              75.801187,
              30.920959
            ],
            [
              75.801933,
              30.920085
            ],
            [
              75.801938,
              30.920078
            ],
            [
              75.802181,
              30.919647
            ],
            [
              75.802342,
              30.919366
            ],
            [
              75.802505,
              30.919018
            ],
            [
              75.802716,
              30.918782
            ],
            [
              75.802952,
              30.918642
            ],
            [
              75.803349,
              30.918395
            ],
            [
              75.803364,
              30.917715
            ],
            [
              75.803343,
              30.917044
            ],
            [
              75.803602,
              30.917018
            ],
            [
              75.804664,
              30.916909
            ],
            [
              75.806093,
              30.916784
            ],
            [
              75.806887,
              30.916695
            ],
            [
              75.80761,
              30.916623
            ],
            [
              75.808857,
              30.916508
            ],
            [
              75.808865,
              30.916186
            ],
            [
              75.808861,
              30.915571
            ],
            [
              75.808854,
              30.914667
            ],
            [
              75.808773,
              30.914634
            ],
            [
              75.808734,
              30.914312
            ],
            [
              75.808757,
              30.913625
            ],
            [
              75.808851,
              30.913308
            ],
            [
              75.809041,
              30.913276
            ],
            [
              75.80914,
              30.913182
            ],
            [
              75.809159,
              30.912599
            ],
            [
              75.80922,
              30.912528
            ],
            [
              75.810265,
              30.912549
            ],
            [
              75.810148,
              30.911968
            ],
            [
              75.809502,
              30.912036
            ],
            [
              75.808736,
              30.912125
            ],
            [
              75.807461,
              30.912217
            ],
            [
              75.806984,
              30.912266
            ],
            [
              75.806974,
              30.912267
            ],
            [
              75.806389,
              30.912316
            ],
            [
              75.805485,
              30.912407
            ],
            [
              75.804873,
              30.91246
            ],
            [
              75.804372,
              30.912509
            ],
            [
              75.803857,
              30.912565
            ],
            [
              75.803199,
              30.912631
            ],
            [
              75.802705,
              30.912681
            ],
            [
              75.802143,
              30.912728
            ],
            [
              75.801386,
              30.91283
            ],
            [
              75.801442,
              30.913238
            ],
            [
              75.800986,
              30.913292
            ],
            [
              75.800604,
              30.913347
            ],
            [
              75.800463,
              30.91334
            ],
            [
              75.800005,
              30.913291
            ],
            [
              75.799686,
              30.913254
            ],
            [
              75.799195,
              30.913199
            ],
            [
              75.79905,
              30.913848
            ],
            [
              75.798925,
              30.914379
            ],
            [
              75.798442,
              30.914319
            ],
            [
              75.79811,
              30.914301
            ],
            [
              75.797731,
              30.914277
            ],
            [
              75.797339,
              30.914267
            ],
            [
              75.796938,
              30.914233
            ],
            [
              75.79663,
              30.914239
            ],
            [
              75.79483,
              30.914296
            ],
            [
              75.794837,
              30.915247
            ],
            [
              75.794862,
              30.915924
            ],
            [
              75.794878,
              30.916721
            ],
            [
              75.794896,
              30.917521
            ],
            [
              75.794919,
              30.918236
            ],
            [
              75.794461,
              30.918298
            ],
            [
              75.794035,
              30.918357
            ],
            [
              75.793255,
              30.918457
            ],
            [
              75.792882,
              30.918504
            ],
            [
              75.791342,
              30.918708
            ],
            [
              75.790817,
              30.918789
            ],
            [
              75.790356,
              30.918849
            ],
            [
              75.78998,
              30.918897
            ],
            [
              75.789293,
              30.918995
            ],
            [
              75.789001,
              30.91904
            ],
            [
              75.789044,
              30.919083
            ],
            [
              75.789083,
              30.919123
            ],
            [
              75.789088,
              30.919122
            ],
            [
              75.79002,
              30.919968
            ],
            [
              75.790748,
              30.920628
            ],
            [
              75.795442,
              30.924885
            ],
            [
              75.795442,
              30.924886
            ],
            [
              75.796387,
              30.924634
            ],
            [
              75.796401,
              30.924615
            ],
            [
              75.797393,
              30.9232
            ]
          ]
        ]
      }
    },
    {
      "type": "Feature",
      "properties": {
        "ward_no": 65,
        "ward_name": "Ward 65",
        "zone": "A",
        "area_sq_km": 1.01,
        "centroid": [
          75.808982,
          30.920026
        ]
      },
      "geometry": {
        "type": "Polygon",
        "coordinates": [
          [
            [
              75.815057,
              30.921107
            ],
            [
              75.815828,
              30.920828
            ],
            [
              75.81643,
              30.920607
            ],
            [
              75.816839,
              30.920452
            ],
            [
              75.81711,
              30.920349
            ],
            [
              75.817765,
              30.920014
            ],
            [
              75.818217,
              30.919805
            ],
            [
              75.818694,
              30.919628
            ],
            [
              75.818815,
              30.919222
            ],
            [
              75.818984,
              30.918719
            ],
            [
              75.819186,
              30.918166
            ],
            [
              75.819269,
              30.917912
            ],
            [
              75.819406,
              30.917461
            ],
            [
              75.819474,
              30.91722
            ],
            [
              75.819504,
              30.917114
            ],
            [
              75.819586,
              30.916917
            ],
            [
              75.819798,
              30.916516
            ],
            [
              75.819907,
              30.916261
            ],
            [
              75.819886,
              30.916261
            ],
            [
              75.819651,
              30.916259
            ],
            [
              75.81873,
              30.916247
            ],
            [
              75.817944,
              30.916177
            ],
            [
              75.817386,
              30.916134
            ],
            [
              75.816868,
              30.916095
            ],
            [
              75.816145,
              30.916079
            ],
            [
              75.815489,
              30.916045
            ],
            [
              75.814824,
              30.916095
            ],
            [
              75.814813,
              30.916096
            ],
            [
              75.814016,
              30.916173
            ],
            [
              75.812488,
              30.916279
            ],
            [
              75.812531,
              30.916635
            ],
            [
              75.812659,
              30.91718
            ],
            [
              75.81298,
              30.917118
            ],
            [
              75.813024,
              30.917686
            ],
            [
              75.812495,
              30.917721
            ],
            [
              75.811947,
              30.917769
            ],
            [
              75.811202,
              30.917829
            ],
            [
              75.810443,
              30.917882
            ],
            [
              75.809805,
              30.917938
            ],
            [
              75.809317,
              30.917963
            ],
            [
              75.808876,
              30.917984
            ],
            [
              75.808868,
              30.918376
            ],
            [
              75.808839,
              30.918607
            ],
            [
              75.808797,
              30.918742
            ],
            [
              75.808615,
              30.919241
            ],
            [
              75.808426,
              30.919803
            ],
            [
              75.808281,
              30.920216
            ],
            [
              75.808214,
              30.920393
            ],
            [
              75.807563,
              30.920361
            ],
            [
              75.807567,
              30.920282
            ],
            [
              75.806655,
              30.920274
            ],
            [
              75.806658,
              30.919637
            ],
            [
              75.806554,
              30.919637
            ],
            [
              75.806559,
              30.919056
            ],
            [
              75.806547,
              30.918846
            ],
            [
              75.806071,
              30.918865
            ],
            [
              75.806051,
              30.919019
            ],
            [
              75.805633,
              30.919013
            ],
            [
              75.805607,
              30.9194
            ],
            [
              75.804651,
              30.9194
            ],
            [
              75.804659,
              30.920061
            ],
            [
              75.804169,
              30.920046
            ],
            [
              75.803732,
              30.920006
            ],
            [
              75.803737,
              30.919679
            ],
            [
              75.8035,
              30.919667
            ],
            [
              75.803211,
              30.919654
            ],
            [
              75.802766,
              30.919651
            ],
            [
              75.802513,
              30.919628
            ],
            [
              75.802314,
              30.919974
            ],
            [
              75.802203,
              30.920147
            ],
            [
              75.801938,
              30.920078
            ],
            [
              75.801933,
              30.920085
            ],
            [
              75.801187,
              30.920959
            ],
            [
              75.80041,
              30.921336
            ],
            [
              75.799784,
              30.921586
            ],
            [
              75.798727,
              30.922211
            ],
            [
              75.798214,
              30.922439
            ],
            [
              75.797394,
              30.922968
            ],
            [
              75.797393,
              30.9232
            ],
            [
              75.798035,
              30.923599
            ],
            [
              75.798942,
              30.924163
            ],
            [
              75.799511,
              30.924159
            ],
            [
              75.799716,
              30.924157
            ],
            [
              75.799813,
              30.924141
            ],
            [
              75.799094,
              30.92493
            ],
            [
              75.79926,
              30.924931
            ],
            [
              75.799343,
              30.925004
            ],
            [
              75.799346,
              30.925007
            ],
            [
              75.799398,
              30.925007
            ],
            [
              75.80112,
              30.924996
            ],
            [
              75.80203,
              30.924987
            ],
            [
              75.803066,
              30.924992
            ],
            [
              75.803197,
              30.92501
            ],
            [
              75.8043,
              30.925051
            ],
            [
              75.806795,
              30.92508
            ],
            [
              75.806884,
              30.924081
            ],
            [
              75.808503,
              30.923513
            ],
            [
              75.809452,
              30.923168
            ],
            [
              75.811335,
              30.922482
            ],
            [
              75.812719,
              30.921956
            ],
            [
              75.813825,
              30.921558
            ],
            [
              75.815052,
              30.921109
            ],
            [
              75.815057,
              30.921107
            ]
          ]
        ]
      }
    },
    {
      "type": "Feature",
      "properties": {
        "ward_no": 83,
        "ward_name": "Ward 83",
        "zone": "A",
        "area_sq_km": 0.565,
        "centroid": [
          75.861021,
          30.920209
        ]
      },
      "geometry": {
        "type": "Polygon",
        "coordinates": [
          [
            [
              75.860061,
              30.924726
            ],
            [
              75.860129,
              30.924672
            ],
            [
              75.860885,
              30.924117
            ],
            [
              75.861574,
              30.92355
            ],
            [
              75.86183,
              30.923309
            ],
            [
              75.862398,
              30.922816
            ],
            [
              75.863026,
              30.92231
            ],
            [
              75.863529,
              30.921923
            ],
            [
              75.863532,
              30.921921
            ],
            [
              75.864145,
              30.921347
            ],
            [
              75.86479,
              30.920735
            ],
            [
              75.86519,
              30.920381
            ],
            [
              75.86575,
              30.919879
            ],
            [
              75.866216,
              30.919465
            ],
            [
              75.866704,
              30.919069
            ],
            [
              75.867029,
              30.918891
            ],
            [
              75.867627,
              30.918634
            ],
            [
              75.867969,
              30.918442
            ],
            [
              75.868272,
              30.91826
            ],
            [
              75.868528,
              30.918092
            ],
            [
              75.868929,
              30.917649
            ],
            [
              75.86909,
              30.917534
            ],
            [
              75.869451,
              30.917357
            ],
            [
              75.87018,
              30.917235
            ],
            [
              75.869933,
              30.916497
            ],
            [
              75.86986,
              30.916516
            ],
            [
              75.869664,
              30.91657
            ],
            [
              75.869581,
              30.916593
            ],
            [
              75.869462,
              30.916638
            ],
            [
              75.869052,
              30.916777
            ],
            [
              75.868376,
              30.917054
            ],
            [
              75.867494,
              30.917397
            ],
            [
              75.867225,
              30.917507
            ],
            [
              75.866698,
              30.917759
            ],
            [
              75.86658,
              30.917771
            ],
            [
              75.866254,
              30.917761
            ],
            [
              75.865948,
              30.917764
            ],
            [
              75.86573,
              30.91775
            ],
            [
              75.865512,
              30.917718
            ],
            [
              75.865175,
              30.917586
            ],
            [
              75.864873,
              30.917446
            ],
            [
              75.864595,
              30.9173
            ],
            [
              75.864219,
              30.917107
            ],
            [
              75.86392,
              30.916943
            ],
            [
              75.863716,
              30.916803
            ],
            [
              75.863418,
              30.916582
            ],
            [
              75.862946,
              30.916156
            ],
            [
              75.862718,
              30.91595
            ],
            [
              75.862463,
              30.916365
            ],
            [
              75.862231,
              30.916707
            ],
            [
              75.861941,
              30.917132
            ],
            [
              75.861725,
              30.917419
            ],
            [
              75.8614,
              30.917901
            ],
            [
              75.861144,
              30.918268
            ],
            [
              75.861056,
              30.91841
            ],
            [
              75.860982,
              30.918587
            ],
            [
              75.860853,
              30.918876
            ],
            [
              75.860665,
              30.918953
            ],
            [
              75.860464,
              30.919037
            ],
            [
              75.860357,
              30.919071
            ],
            [
              75.860312,
              30.919339
            ],
            [
              75.860167,
              30.919304
            ],
            [
              75.859863,
              30.91928
            ],
            [
              75.859455,
              30.919268
            ],
            [
              75.859238,
              30.919212
            ],
            [
              75.859029,
              30.91912
            ],
            [
              75.858879,
              30.919052
            ],
            [
              75.858779,
              30.919016
            ],
            [
              75.858514,
              30.918923
            ],
            [
              75.858223,
              30.918816
            ],
            [
              75.857965,
              30.918754
            ],
            [
              75.857618,
              30.918641
            ],
            [
              75.857226,
              30.918542
            ],
            [
              75.857223,
              30.918552
            ],
            [
              75.8571,
              30.918939
            ],
            [
              75.857001,
              30.919227
            ],
            [
              75.856952,
              30.919444
            ],
            [
              75.856934,
              30.919638
            ],
            [
              75.856963,
              30.91986
            ],
            [
              75.857007,
              30.919988
            ],
            [
              75.857007,
              30.920065
            ],
            [
              75.856929,
              30.920234
            ],
            [
              75.857116,
              30.920342
            ],
            [
              75.857274,
              30.920466
            ],
            [
              75.857351,
              30.920564
            ],
            [
              75.857381,
              30.920646
            ],
            [
              75.857426,
              30.920779
            ],
            [
              75.857433,
              30.920974
            ],
            [
              75.857438,
              30.921043
            ],
            [
              75.857407,
              30.921112
            ],
            [
              75.857276,
              30.921189
            ],
            [
              75.856848,
              30.921408
            ],
            [
              75.856451,
              30.92159
            ],
            [
              75.856038,
              30.921749
            ],
            [
              75.855755,
              30.921867
            ],
            [
              75.855407,
              30.921976
            ],
            [
              75.855408,
              30.921977
            ],
            [
              75.855566,
              30.92213
            ],
            [
              75.855698,
              30.922383
            ],
            [
              75.855749,
              30.922647
            ],
            [
              75.855817,
              30.922757
            ],
            [
              75.855904,
              30.922788
            ],
            [
              75.856013,
              30.922793
            ],
            [
              75.856074,
              30.922809
            ],
            [
              75.856132,
              30.92289
            ],
            [
              75.85618,
              30.922995
            ],
            [
              75.856246,
              30.923084
            ],
            [
              75.856352,
              30.923185
            ],
            [
              75.856522,
              30.923349
            ],
            [
              75.856645,
              30.923414
            ],
            [
              75.856717,
              30.923465
            ],
            [
              75.856833,
              30.923598
            ],
            [
              75.856921,
              30.923773
            ],
            [
              75.857135,
              30.924179
            ],
            [
              75.85727,
              30.924415
            ],
            [
              75.857442,
              30.924616
            ],
            [
              75.857484,
              30.924647
            ],
            [
              75.857906,
              30.924815
            ],
            [
              75.858302,
              30.924956
            ],
            [
              75.858733,
              30.925162
            ],
            [
              75.859397,
              30.925455
            ],
            [
              75.859487,
              30.925296
            ],
            [
              75.85964,
              30.925096
            ],
            [
              75.859901,
              30.924852
            ],
            [
              75.860061,
              30.924726
            ]
          ]
        ]
      }
    },
    {
      "type": "Feature",
      "properties": {
        "ward_no": 16,
        "ward_name": "Ward 16",
        "zone": "A",
        "area_sq_km": 1.076,
        "centroid": [
          75.88775,
          30.919628
        ]
      },
      "geometry": {
        "type": "Polygon",
        "coordinates": [
          [
            [
              75.894584,
              30.916942
            ],
            [
              75.894437,
              30.916919
            ],
            [
              75.894275,
              30.916894
            ],
            [
              75.894127,
              30.916882
            ],
            [
              75.893766,
              30.916877
            ],
            [
              75.893042,
              30.916878
            ],
            [
              75.892503,
              30.916857
            ],
            [
              75.892036,
              30.916843
            ],
            [
              75.891529,
              30.916812
            ],
            [
              75.890725,
              30.916767
            ],
            [
              75.890161,
              30.916749
            ],
            [
              75.889509,
              30.916726
            ],
            [
              75.888967,
              30.9167
            ],
            [
              75.888662,
              30.916676
            ],
            [
              75.888373,
              30.916634
            ],
            [
              75.88776,
              30.916618
            ],
            [
              75.886878,
              30.916616
            ],
            [
              75.886106,
              30.916651
            ],
            [
              75.885616,
              30.916662
            ],
            [
              75.884728,
              30.916721
            ],
            [
              75.88392,
              30.91675
            ],
            [
              75.88347,
              30.916761
            ],
            [
              75.881551,
              30.91681
            ],
            [
              75.880862,
              30.916804
            ],
            [
              75.880254,
              30.916787
            ],
            [
              75.879706,
              30.91674
            ],
            [
              75.878938,
              30.91664
            ],
            [
              75.878222,
              30.916564
            ],
            [
              75.877621,
              30.916483
            ],
            [
              75.877147,
              30.916424
            ],
            [
              75.87703,
              30.9167
            ],
            [
              75.87685,
              30.917144
            ],
            [
              75.876774,
              30.917334
            ],
            [
              75.876729,
              30.917442
            ],
            [
              75.877199,
              30.917707
            ],
            [
              75.877464,
              30.917854
            ],
            [
              75.877801,
              30.918073
            ],
            [
              75.878225,
              30.918359
            ],
            [
              75.87855,
              30.918562
            ],
            [
              75.878996,
              30.918836
            ],
            [
              75.879407,
              30.919073
            ],
            [
              75.879789,
              30.919279
            ],
            [
              75.880154,
              30.919473
            ],
            [
              75.880556,
              30.919769
            ],
            [
              75.880635,
              30.919827
            ],
            [
              75.881002,
              30.920033
            ],
            [
              75.881292,
              30.920076
            ],
            [
              75.881834,
              30.920072
            ],
            [
              75.882343,
              30.920049
            ],
            [
              75.882693,
              30.920097
            ],
            [
              75.883273,
              30.920218
            ],
            [
              75.884175,
              30.920451
            ],
            [
              75.885109,
              30.920864
            ],
            [
              75.885735,
              30.92114
            ],
            [
              75.886472,
              30.921441
            ],
            [
              75.887082,
              30.92169
            ],
            [
              75.887612,
              30.921933
            ],
            [
              75.888246,
              30.922322
            ],
            [
              75.888985,
              30.922761
            ],
            [
              75.889517,
              30.923097
            ],
            [
              75.890149,
              30.923465
            ],
            [
              75.890817,
              30.923864
            ],
            [
              75.891509,
              30.924314
            ],
            [
              75.891781,
              30.924478
            ],
            [
              75.892405,
              30.924728
            ],
            [
              75.892991,
              30.924957
            ],
            [
              75.89337,
              30.92512
            ],
            [
              75.893743,
              30.92526
            ],
            [
              75.894173,
              30.925448
            ],
            [
              75.894411,
              30.925555
            ],
            [
              75.894975,
              30.925769
            ],
            [
              75.895049,
              30.925662
            ],
            [
              75.895157,
              30.925488
            ],
            [
              75.89554,
              30.924856
            ],
            [
              75.896058,
              30.924006
            ],
            [
              75.896487,
              30.923281
            ],
            [
              75.89671,
              30.922889
            ],
            [
              75.897037,
              30.922335
            ],
            [
              75.897537,
              30.921459
            ],
            [
              75.89818,
              30.920419
            ],
            [
              75.898447,
              30.919944
            ],
            [
              75.898843,
              30.919353
            ],
            [
              75.898896,
              30.919151
            ],
            [
              75.897327,
              30.918958
            ],
            [
              75.895925,
              30.918829
            ],
            [
              75.894432,
              30.918686
            ],
            [
              75.894477,
              30.918195
            ],
            [
              75.894584,
              30.916942
            ]
          ]
        ]
      }
    },
    {
      "type": "Feature",
      "properties": {
        "ward_no": 91,
        "ward_name": "Ward 91",
        "zone": "A",
        "area_sq_km": 0.56,
        "centroid": [
          75.831173,
          30.920546
        ]
      },
      "geometry": {
        "type": "Polygon",
        "coordinates": [
          [
            [
              75.843069,
              30.921753
            ],
            [
              75.842845,
              30.921641
            ],
            [
              75.842778,
              30.921687
            ],
            [
              75.8425,
              30.92172
            ],
            [
              75.842045,
              30.921732
            ],
            [
              75.842053,
              30.921479
            ],
            [
              75.842081,
              30.92124
            ],
            [
              75.84216,
              30.920975
            ],
            [
              75.841824,
              30.920885
            ],
            [
              75.841831,
              30.92085
            ],
            [
              75.841854,
              30.920747
            ],
            [
              75.841825,
              30.920572
            ],
            [
              75.841757,
              30.920105
            ],
            [
              75.84069,
              30.920245
            ],
            [
              75.840074,
              30.920288
            ],
            [
              75.839188,
              30.920401
            ],
            [
              75.838532,
              30.920489
            ],
            [
              75.837778,
              30.920624
            ],
            [
              75.837473,
              30.920644
            ],
            [
              75.837058,
              30.920698
            ],
            [
              75.83642,
              30.920752
            ],
            [
              75.836377,
              30.921087
            ],
            [
              75.836251,
              30.921183
            ],
            [
              75.835833,
              30.921515
            ],
            [
              75.835457,
              30.921778
            ],
            [
              75.835263,
              30.921908
            ],
            [
              75.835098,
              30.922052
            ],
            [
              75.834893,
              30.92222
            ],
            [
              75.834674,
              30.922427
            ],
            [
              75.834453,
              30.922641
            ],
            [
              75.834265,
              30.922745
            ],
            [
              75.834068,
              30.922835
            ],
            [
              75.833549,
              30.922241
            ],
            [
              75.83326,
              30.922034
            ],
            [
              75.832875,
              30.921855
            ],
            [
              75.832838,
              30.921906
            ],
            [
              75.83277,
              30.92188
            ],
            [
              75.832361,
              30.921705
            ],
            [
              75.832045,
              30.921593
            ],
            [
              75.831738,
              30.921505
            ],
            [
              75.831455,
              30.92145
            ],
            [
              75.831198,
              30.9214
            ],
            [
              75.831073,
              30.921359
            ],
            [
              75.830747,
              30.921186
            ],
            [
              75.830492,
              30.921077
            ],
            [
              75.830516,
              30.920839
            ],
            [
              75.830586,
              30.920315
            ],
            [
              75.830674,
              30.919877
            ],
            [
              75.830795,
              30.91935
            ],
            [
              75.829893,
              30.919116
            ],
            [
              75.8291,
              30.918957
            ],
            [
              75.828163,
              30.918833
            ],
            [
              75.827706,
              30.918795
            ],
            [
              75.827325,
              30.918613
            ],
            [
              75.82667,
              30.918389
            ],
            [
              75.826147,
              30.918198
            ],
            [
              75.825743,
              30.917927
            ],
            [
              75.825437,
              30.917681
            ],
            [
              75.824884,
              30.917268
            ],
            [
              75.824507,
              30.916957
            ],
            [
              75.824297,
              30.916759
            ],
            [
              75.824039,
              30.916778
            ],
            [
              75.823775,
              30.916782
            ],
            [
              75.823538,
              30.916772
            ],
            [
              75.823311,
              30.916744
            ],
            [
              75.823028,
              30.916694
            ],
            [
              75.821055,
              30.916372
            ],
            [
              75.820819,
              30.916316
            ],
            [
              75.820454,
              30.916272
            ],
            [
              75.819907,
              30.916261
            ],
            [
              75.819798,
              30.916516
            ],
            [
              75.819586,
              30.916917
            ],
            [
              75.819504,
              30.917114
            ],
            [
              75.819474,
              30.91722
            ],
            [
              75.819717,
              30.917282
            ],
            [
              75.820015,
              30.917289
            ],
            [
              75.82053,
              30.917358
            ],
            [
              75.820806,
              30.917415
            ],
            [
              75.821185,
              30.917475
            ],
            [
              75.821476,
              30.917522
            ],
            [
              75.821797,
              30.917559
            ],
            [
              75.822219,
              30.917678
            ],
            [
              75.822476,
              30.917735
            ],
            [
              75.822546,
              30.91775
            ],
            [
              75.82281,
              30.917777
            ],
            [
              75.823258,
              30.917862
            ],
            [
              75.823702,
              30.917983
            ],
            [
              75.824089,
              30.918063
            ],
            [
              75.824442,
              30.918223
            ],
            [
              75.824705,
              30.91836
            ],
            [
              75.825101,
              30.918541
            ],
            [
              75.825341,
              30.918732
            ],
            [
              75.82555,
              30.918973
            ],
            [
              75.825736,
              30.919114
            ],
            [
              75.825989,
              30.919275
            ],
            [
              75.826227,
              30.919355
            ],
            [
              75.826448,
              30.919436
            ],
            [
              75.826815,
              30.919573
            ],
            [
              75.827108,
              30.919694
            ],
            [
              75.827435,
              30.919836
            ],
            [
              75.827889,
              30.920039
            ],
            [
              75.828268,
              30.920186
            ],
            [
              75.828652,
              30.920404
            ],
            [
              75.829002,
              30.92059
            ],
            [
              75.829313,
              30.920756
            ],
            [
              75.829665,
              30.920934
            ],
            [
              75.829999,
              30.921059
            ],
            [
              75.83029,
              30.921138
            ],
            [
              75.830522,
              30.921214
            ],
            [
              75.8309,
              30.921368
            ],
            [
              75.83139,
              30.921637
            ],
            [
              75.831705,
              30.921782
            ],
            [
              75.831941,
              30.92188
            ],
            [
              75.832444,
              30.9221
            ],
            [
              75.832749,
              30.922456
            ],
            [
              75.832911,
              30.922676
            ],
            [
              75.833092,
              30.922906
            ],
            [
              75.833216,
              30.923035
            ],
            [
              75.833476,
              30.92328
            ],
            [
              75.833747,
              30.923514
            ],
            [
              75.834134,
              30.923844
            ],
            [
              75.834443,
              30.924173
            ],
            [
              75.834746,
              30.924422
            ],
            [
              75.835116,
              30.924697
            ],
            [
              75.835616,
              30.925119
            ],
            [
              75.835993,
              30.925466
            ],
            [
              75.836401,
              30.925976
            ],
            [
              75.836539,
              30.92617
            ],
            [
              75.836943,
              30.926855
            ],
            [
              75.837335,
              30.927291
            ],
            [
              75.837673,
              30.927486
            ],
            [
              75.839026,
              30.926178
            ],
            [
              75.839872,
              30.925326
            ],
            [
              75.840412,
              30.924815
            ],
            [
              75.841269,
              30.923969
            ],
            [
              75.842142,
              30.923037
            ],
            [
              75.84279,
              30.922197
            ],
            [
              75.843069,
              30.921753
            ]
          ]
        ]
      }
    },
    {
      "type": "Feature",
      "properties": {
        "ward_no": 68,
        "ward_name": "Ward 68",
        "zone": "A",
        "area_sq_km": 0.657,
        "centroid": [
          75.828083,
          30.922577
        ]
      },
      "geometry": {
        "type": "Polygon",
        "coordinates": [
          [
            [
              75.837673,
              30.927486
            ],
            [
              75.837335,
              30.927291
            ],
            [
              75.836943,
              30.926855
            ],
            [
              75.836539,
              30.92617
            ],
            [
              75.836401,
              30.925976
            ],
            [
              75.835993,
              30.925466
            ],
            [
              75.835616,
              30.925119
            ],
            [
              75.835116,
              30.924697
            ],
            [
              75.834746,
              30.924422
            ],
            [
              75.834443,
              30.924173
            ],
            [
              75.834134,
              30.923844
            ],
            [
              75.833747,
              30.923514
            ],
            [
              75.833476,
              30.92328
            ],
            [
              75.833216,
              30.923035
            ],
            [
              75.833092,
              30.922906
            ],
            [
              75.832911,
              30.922676
            ],
            [
              75.832749,
              30.922456
            ],
            [
              75.832444,
              30.9221
            ],
            [
              75.831941,
              30.92188
            ],
            [
              75.831705,
              30.921782
            ],
            [
              75.83139,
              30.921637
            ],
            [
              75.8309,
              30.921368
            ],
            [
              75.830522,
              30.921214
            ],
            [
              75.83029,
              30.921138
            ],
            [
              75.829999,
              30.921059
            ],
            [
              75.829665,
              30.920934
            ],
            [
              75.829313,
              30.920756
            ],
            [
              75.829002,
              30.92059
            ],
            [
              75.828652,
              30.920404
            ],
            [
              75.828268,
              30.920186
            ],
            [
              75.827889,
              30.920039
            ],
            [
              75.827435,
              30.919836
            ],
            [
              75.827108,
              30.919694
            ],
            [
              75.826815,
              30.919573
            ],
            [
              75.826448,
              30.919436
            ],
            [
              75.826227,
              30.919355
            ],
            [
              75.825989,
              30.919275
            ],
            [
              75.825736,
              30.919114
            ],
            [
              75.82555,
              30.918973
            ],
            [
              75.825341,
              30.918732
            ],
            [
              75.825101,
              30.918541
            ],
            [
              75.824705,
              30.91836
            ],
            [
              75.824442,
              30.918223
            ],
            [
              75.824089,
              30.918063
            ],
            [
              75.823702,
              30.917983
            ],
            [
              75.823258,
              30.917862
            ],
            [
              75.82281,
              30.917777
            ],
            [
              75.822546,
              30.91775
            ],
            [
              75.822476,
              30.917735
            ],
            [
              75.822401,
              30.91808
            ],
            [
              75.822305,
              30.918442
            ],
            [
              75.822296,
              30.918462
            ],
            [
              75.822181,
              30.918639
            ],
            [
              75.821953,
              30.91896
            ],
            [
              75.821381,
              30.918648
            ],
            [
              75.820929,
              30.918416
            ],
            [
              75.820744,
              30.919113
            ],
            [
              75.820287,
              30.919017
            ],
            [
              75.820114,
              30.919688
            ],
            [
              75.81985,
              30.919651
            ],
            [
              75.819454,
              30.919578
            ],
            [
              75.819465,
              30.920204
            ],
            [
              75.819485,
              30.920579
            ],
            [
              75.819481,
              30.920952
            ],
            [
              75.819473,
              30.92159
            ],
            [
              75.819471,
              30.92211
            ],
            [
              75.820548,
              30.922099
            ],
            [
              75.821584,
              30.92213
            ],
            [
              75.821576,
              30.922647
            ],
            [
              75.821591,
              30.922919
            ],
            [
              75.821608,
              30.923281
            ],
            [
              75.821596,
              30.924123
            ],
            [
              75.821595,
              30.924602
            ],
            [
              75.822103,
              30.924584
            ],
            [
              75.822858,
              30.924555
            ],
            [
              75.8229,
              30.924554
            ],
            [
              75.823202,
              30.924546
            ],
            [
              75.823556,
              30.92448
            ],
            [
              75.823918,
              30.924406
            ],
            [
              75.824382,
              30.924435
            ],
            [
              75.824934,
              30.924466
            ],
            [
              75.825289,
              30.924479
            ],
            [
              75.825655,
              30.924506
            ],
            [
              75.826015,
              30.924536
            ],
            [
              75.826444,
              30.924566
            ],
            [
              75.826472,
              30.924206
            ],
            [
              75.826512,
              30.923689
            ],
            [
              75.826576,
              30.923192
            ],
            [
              75.826894,
              30.923248
            ],
            [
              75.827284,
              30.923332
            ],
            [
              75.827827,
              30.923431
            ],
            [
              75.828253,
              30.923521
            ],
            [
              75.828645,
              30.923576
            ],
            [
              75.82905,
              30.923646
            ],
            [
              75.829375,
              30.923719
            ],
            [
              75.829696,
              30.923776
            ],
            [
              75.829802,
              30.923577
            ],
            [
              75.830003,
              30.923283
            ],
            [
              75.830453,
              30.923567
            ],
            [
              75.830812,
              30.923789
            ],
            [
              75.831194,
              30.924032
            ],
            [
              75.831733,
              30.924369
            ],
            [
              75.832175,
              30.924704
            ],
            [
              75.832423,
              30.924888
            ],
            [
              75.832717,
              30.925063
            ],
            [
              75.833038,
              30.925253
            ],
            [
              75.833995,
              30.925794
            ],
            [
              75.834419,
              30.926029
            ],
            [
              75.834865,
              30.926303
            ],
            [
              75.835392,
              30.926588
            ],
            [
              75.835888,
              30.926828
            ],
            [
              75.836374,
              30.927073
            ],
            [
              75.83677,
              30.927284
            ],
            [
              75.836932,
              30.92737
            ],
            [
              75.837162,
              30.927473
            ],
            [
              75.837383,
              30.92758
            ],
            [
              75.837505,
              30.927648
            ],
            [
              75.837673,
              30.927486
            ]
          ]
        ]
      }
    },
    {
      "type": "Feature",
      "properties": {
        "ward_no": 67,
        "ward_name": "Ward 67",
        "zone": "A",
        "area_sq_km": 0.686,
        "centroid": [
          75.818838,
          30.923296
        ]
      },
      "geometry": {
        "type": "Polygon",
        "coordinates": [
          [
            [
              75.819954,
              30.92848
            ],
            [
              75.819967,
              30.928185
            ],
            [
              75.819965,
              30.928086
            ],
            [
              75.819958,
              30.927994
            ],
            [
              75.81995,
              30.927912
            ],
            [
              75.819934,
              30.927777
            ],
            [
              75.819942,
              30.927669
            ],
            [
              75.819922,
              30.926632
            ],
            [
              75.820299,
              30.926628
            ],
            [
              75.820959,
              30.926638
            ],
            [
              75.821366,
              30.926633
            ],
            [
              75.821882,
              30.926646
            ],
            [
              75.822103,
              30.926643
            ],
            [
              75.822106,
              30.926186
            ],
            [
              75.822409,
              30.92618
            ],
            [
              75.822407,
              30.926144
            ],
            [
              75.822827,
              30.926144
            ],
            [
              75.822848,
              30.926144
            ],
            [
              75.822856,
              30.924832
            ],
            [
              75.822858,
              30.924555
            ],
            [
              75.822103,
              30.924584
            ],
            [
              75.821595,
              30.924602
            ],
            [
              75.821596,
              30.924123
            ],
            [
              75.821608,
              30.923281
            ],
            [
              75.821591,
              30.922919
            ],
            [
              75.821576,
              30.922647
            ],
            [
              75.821584,
              30.92213
            ],
            [
              75.820548,
              30.922099
            ],
            [
              75.819471,
              30.92211
            ],
            [
              75.819473,
              30.92159
            ],
            [
              75.819481,
              30.920952
            ],
            [
              75.819485,
              30.920579
            ],
            [
              75.819465,
              30.920204
            ],
            [
              75.819454,
              30.919578
            ],
            [
              75.81985,
              30.919651
            ],
            [
              75.820114,
              30.919688
            ],
            [
              75.820287,
              30.919017
            ],
            [
              75.820744,
              30.919113
            ],
            [
              75.820929,
              30.918416
            ],
            [
              75.821381,
              30.918648
            ],
            [
              75.821953,
              30.91896
            ],
            [
              75.822181,
              30.918639
            ],
            [
              75.822296,
              30.918462
            ],
            [
              75.822305,
              30.918442
            ],
            [
              75.822401,
              30.91808
            ],
            [
              75.822476,
              30.917735
            ],
            [
              75.822219,
              30.917678
            ],
            [
              75.821797,
              30.917559
            ],
            [
              75.821476,
              30.917522
            ],
            [
              75.821185,
              30.917475
            ],
            [
              75.820806,
              30.917415
            ],
            [
              75.82053,
              30.917358
            ],
            [
              75.820015,
              30.917289
            ],
            [
              75.819717,
              30.917282
            ],
            [
              75.819474,
              30.91722
            ],
            [
              75.819406,
              30.917461
            ],
            [
              75.819269,
              30.917912
            ],
            [
              75.819186,
              30.918166
            ],
            [
              75.818984,
              30.918719
            ],
            [
              75.818815,
              30.919222
            ],
            [
              75.818694,
              30.919628
            ],
            [
              75.818217,
              30.919805
            ],
            [
              75.817765,
              30.920014
            ],
            [
              75.81711,
              30.920349
            ],
            [
              75.816839,
              30.920452
            ],
            [
              75.81643,
              30.920607
            ],
            [
              75.815828,
              30.920828
            ],
            [
              75.815057,
              30.921107
            ],
            [
              75.815069,
              30.921681
            ],
            [
              75.815044,
              30.922326
            ],
            [
              75.815051,
              30.922888
            ],
            [
              75.815064,
              30.923536
            ],
            [
              75.815058,
              30.924164
            ],
            [
              75.815073,
              30.924593
            ],
            [
              75.815073,
              30.924629
            ],
            [
              75.813133,
              30.924636
            ],
            [
              75.813139,
              30.925404
            ],
            [
              75.813138,
              30.925942
            ],
            [
              75.813145,
              30.92632
            ],
            [
              75.813143,
              30.92683
            ],
            [
              75.813421,
              30.926833
            ],
            [
              75.813421,
              30.92739
            ],
            [
              75.813434,
              30.928219
            ],
            [
              75.813448,
              30.928746
            ],
            [
              75.813582,
              30.928748
            ],
            [
              75.813559,
              30.92959
            ],
            [
              75.813857,
              30.929591
            ],
            [
              75.814287,
              30.929593
            ],
            [
              75.815659,
              30.929585
            ],
            [
              75.816647,
              30.929582
            ],
            [
              75.816646,
              30.929474
            ],
            [
              75.816662,
              30.928725
            ],
            [
              75.816668,
              30.928497
            ],
            [
              75.81777,
              30.92849
            ],
            [
              75.819034,
              30.92848
            ],
            [
              75.819954,
              30.92848
            ]
          ]
        ]
      }
    },
    {
      "type": "Feature",
      "properties": {
        "ward_no": 89,
        "ward_name": "Ward 89",
        "zone": "A",
        "area_sq_km": 0.75,
        "centroid": [
          75.844619,
          30.923811
        ]
      },
      "geometry": {
        "type": "Polygon",
        "coordinates": [
          [
            [
              75.843919,
              30.928009
            ],
            [
              75.84436,
              30.927449
            ],
            [
              75.844879,
              30.926918
            ],
            [
              75.845348,
              30.926349
            ],
            [
              75.845573,
              30.926067
            ],
            [
              75.845782,
              30.925794
            ],
            [
              75.846062,
              30.925434
            ],
            [
              75.846278,
              30.925154
            ],
            [
              75.846608,
              30.924727
            ],
            [
              75.846858,
              30.924401
            ],
            [
              75.847069,
              30.924127
            ],
            [
              75.847336,
              30.923784
            ],
            [
              75.847339,
              30.923781
            ],
            [
              75.847587,
              30.923471
            ],
            [
              75.847885,
              30.923082
            ],
            [
              75.848078,
              30.922841
            ],
            [
              75.848229,
              30.9226
            ],
            [
              75.848327,
              30.9224
            ],
            [
              75.848495,
              30.922022
            ],
            [
              75.84866,
              30.921634
            ],
            [
              75.848792,
              30.921314
            ],
            [
              75.848942,
              30.920977
            ],
            [
              75.849125,
              30.920541
            ],
            [
              75.849159,
              30.9204
            ],
            [
              75.849161,
              30.920274
            ],
            [
              75.849127,
              30.92011
            ],
            [
              75.849083,
              30.919953
            ],
            [
              75.849047,
              30.91971
            ],
            [
              75.849018,
              30.919429
            ],
            [
              75.84898,
              30.919076
            ],
            [
              75.848907,
              30.918662
            ],
            [
              75.848818,
              30.918328
            ],
            [
              75.848703,
              30.917904
            ],
            [
              75.848636,
              30.917514
            ],
            [
              75.848537,
              30.916936
            ],
            [
              75.848505,
              30.91674
            ],
            [
              75.847283,
              30.916758
            ],
            [
              75.845795,
              30.916796
            ],
            [
              75.845712,
              30.91679
            ],
            [
              75.84518,
              30.918109
            ],
            [
              75.84483,
              30.918676
            ],
            [
              75.844126,
              30.919953
            ],
            [
              75.84378,
              30.92055
            ],
            [
              75.843221,
              30.921511
            ],
            [
              75.843069,
              30.921753
            ],
            [
              75.84279,
              30.922197
            ],
            [
              75.842142,
              30.923037
            ],
            [
              75.841269,
              30.923969
            ],
            [
              75.840412,
              30.924815
            ],
            [
              75.839872,
              30.925326
            ],
            [
              75.839026,
              30.926178
            ],
            [
              75.837673,
              30.927486
            ],
            [
              75.837505,
              30.927648
            ],
            [
              75.83689,
              30.928243
            ],
            [
              75.836461,
              30.928682
            ],
            [
              75.836917,
              30.929562
            ],
            [
              75.837062,
              30.929855
            ],
            [
              75.837337,
              30.92975
            ],
            [
              75.837786,
              30.92963
            ],
            [
              75.838319,
              30.929541
            ],
            [
              75.839562,
              30.92953
            ],
            [
              75.840744,
              30.92954
            ],
            [
              75.840866,
              30.929288
            ],
            [
              75.841797,
              30.929555
            ],
            [
              75.84211,
              30.929652
            ],
            [
              75.842672,
              30.929824
            ],
            [
              75.84279,
              30.929671
            ],
            [
              75.843356,
              30.928865
            ],
            [
              75.843836,
              30.928116
            ],
            [
              75.843919,
              30.928009
            ]
          ]
        ]
      }
    },
    {
      "type": "Feature",
      "properties": {
        "ward_no": 85,
        "ward_name": "Ward 85",
        "zone": "A",
        "area_sq_km": 0.528,
        "centroid": [
          75.853688,
          30.924305
        ]
      },
      "geometry": {
        "type": "Polygon",
        "coordinates": [
          [
            [
              75.859397,
              30.925455
            ],
            [
              75.858733,
              30.925162
            ],
            [
              75.858302,
              30.924956
            ],
            [
              75.857906,
              30.924815
            ],
            [
              75.857484,
              30.924647
            ],
            [
              75.857442,
              30.924616
            ],
            [
              75.85727,
              30.924415
            ],
            [
              75.857135,
              30.924179
            ],
            [
              75.856921,
              30.923773
            ],
            [
              75.856833,
              30.923598
            ],
            [
              75.856717,
              30.923465
            ],
            [
              75.856645,
              30.923414
            ],
            [
              75.856522,
              30.923349
            ],
            [
              75.856352,
              30.923185
            ],
            [
              75.856246,
              30.923084
            ],
            [
              75.85618,
              30.922995
            ],
            [
              75.856132,
              30.92289
            ],
            [
              75.856074,
              30.922809
            ],
            [
              75.856013,
              30.922793
            ],
            [
              75.855904,
              30.922788
            ],
            [
              75.855817,
              30.922757
            ],
            [
              75.855749,
              30.922647
            ],
            [
              75.855698,
              30.922383
            ],
            [
              75.855566,
              30.92213
            ],
            [
              75.855408,
              30.921977
            ],
            [
              75.855407,
              30.921976
            ],
            [
              75.855313,
              30.921883
            ],
            [
              75.855011,
              30.921583
            ],
            [
              75.854727,
              30.921377
            ],
            [
              75.854557,
              30.921329
            ],
            [
              75.854029,
              30.921131
            ],
            [
              75.853734,
              30.921011
            ],
            [
              75.853415,
              30.920915
            ],
            [
              75.85315,
              30.920849
            ],
            [
              75.85255,
              30.92072
            ],
            [
              75.852327,
              30.920681
            ],
            [
              75.851999,
              30.920683
            ],
            [
              75.851577,
              30.920721
            ],
            [
              75.85123,
              30.920478
            ],
            [
              75.851048,
              30.920352
            ],
            [
              75.850818,
              30.920128
            ],
            [
              75.850793,
              30.919831
            ],
            [
              75.850368,
              30.919859
            ],
            [
              75.850042,
              30.919878
            ],
            [
              75.849564,
              30.919911
            ],
            [
              75.849083,
              30.919953
            ],
            [
              75.849127,
              30.92011
            ],
            [
              75.849161,
              30.920274
            ],
            [
              75.849159,
              30.9204
            ],
            [
              75.849125,
              30.920541
            ],
            [
              75.848942,
              30.920977
            ],
            [
              75.848792,
              30.921314
            ],
            [
              75.84866,
              30.921634
            ],
            [
              75.848495,
              30.922022
            ],
            [
              75.848327,
              30.9224
            ],
            [
              75.848229,
              30.9226
            ],
            [
              75.848078,
              30.922841
            ],
            [
              75.847885,
              30.923082
            ],
            [
              75.847587,
              30.923471
            ],
            [
              75.847339,
              30.923781
            ],
            [
              75.847336,
              30.923784
            ],
            [
              75.84795,
              30.923962
            ],
            [
              75.848263,
              30.924053
            ],
            [
              75.848619,
              30.924156
            ],
            [
              75.849244,
              30.924345
            ],
            [
              75.849689,
              30.924474
            ],
            [
              75.850168,
              30.924604
            ],
            [
              75.849968,
              30.925608
            ],
            [
              75.849958,
              30.925703
            ],
            [
              75.8505,
              30.925896
            ],
            [
              75.851,
              30.926084
            ],
            [
              75.851208,
              30.926086
            ],
            [
              75.851345,
              30.926085
            ],
            [
              75.851713,
              30.926013
            ],
            [
              75.851733,
              30.926055
            ],
            [
              75.851897,
              30.926048
            ],
            [
              75.852089,
              30.926036
            ],
            [
              75.852252,
              30.92602
            ],
            [
              75.852736,
              30.92593
            ],
            [
              75.852771,
              30.926052
            ],
            [
              75.853198,
              30.925912
            ],
            [
              75.853329,
              30.92618
            ],
            [
              75.853372,
              30.926311
            ],
            [
              75.85382,
              30.926209
            ],
            [
              75.854099,
              30.926141
            ],
            [
              75.85432,
              30.926083
            ],
            [
              75.85428,
              30.92596
            ],
            [
              75.854556,
              30.925893
            ],
            [
              75.854484,
              30.925659
            ],
            [
              75.85504,
              30.925472
            ],
            [
              75.855287,
              30.925772
            ],
            [
              75.855515,
              30.926086
            ],
            [
              75.855641,
              30.926249
            ],
            [
              75.855716,
              30.9264
            ],
            [
              75.855772,
              30.927005
            ],
            [
              75.855838,
              30.927476
            ],
            [
              75.8559,
              30.927889
            ],
            [
              75.855904,
              30.928189
            ],
            [
              75.85597,
              30.928896
            ],
            [
              75.855968,
              30.929232
            ],
            [
              75.855993,
              30.929431
            ],
            [
              75.856126,
              30.929836
            ],
            [
              75.856176,
              30.929992
            ],
            [
              75.85623,
              30.929977
            ],
            [
              75.856722,
              30.929613
            ],
            [
              75.856912,
              30.929417
            ],
            [
              75.857076,
              30.929213
            ],
            [
              75.857314,
              30.92887
            ],
            [
              75.857589,
              30.928379
            ],
            [
              75.857916,
              30.927827
            ],
            [
              75.858181,
              30.927383
            ],
            [
              75.858532,
              30.926807
            ],
            [
              75.858807,
              30.926381
            ],
            [
              75.859021,
              30.926072
            ],
            [
              75.859241,
              30.925731
            ],
            [
              75.859397,
              30.925455
            ]
          ]
        ]
      }
    },
    {
      "type": "Feature",
      "properties": {
        "ward_no": 14,
        "ward_name": "Ward 14",
        "zone": "A",
        "area_sq_km": 0.846,
        "centroid": [
          75.886959,
          30.925417
        ]
      },
      "geometry": {
        "type": "Polygon",
        "coordinates": [
          [
            [
              75.894959,
              30.925793
            ],
            [
              75.894975,
              30.925769
            ],
            [
              75.894411,
              30.925555
            ],
            [
              75.894173,
              30.925448
            ],
            [
              75.893743,
              30.92526
            ],
            [
              75.89337,
              30.92512
            ],
            [
              75.892991,
              30.924957
            ],
            [
              75.892405,
              30.924728
            ],
            [
              75.891781,
              30.924478
            ],
            [
              75.891509,
              30.924314
            ],
            [
              75.890817,
              30.923864
            ],
            [
              75.890149,
              30.923465
            ],
            [
              75.889517,
              30.923097
            ],
            [
              75.888985,
              30.922761
            ],
            [
              75.888246,
              30.922322
            ],
            [
              75.887612,
              30.921933
            ],
            [
              75.887082,
              30.92169
            ],
            [
              75.886472,
              30.921441
            ],
            [
              75.885735,
              30.92114
            ],
            [
              75.885109,
              30.920864
            ],
            [
              75.884175,
              30.920451
            ],
            [
              75.883273,
              30.920218
            ],
            [
              75.882693,
              30.920097
            ],
            [
              75.882343,
              30.920049
            ],
            [
              75.881834,
              30.920072
            ],
            [
              75.881292,
              30.920076
            ],
            [
              75.881002,
              30.920033
            ],
            [
              75.880635,
              30.919827
            ],
            [
              75.880556,
              30.919769
            ],
            [
              75.880509,
              30.919935
            ],
            [
              75.880488,
              30.920231
            ],
            [
              75.880844,
              30.920867
            ],
            [
              75.881197,
              30.921357
            ],
            [
              75.881392,
              30.921636
            ],
            [
              75.881897,
              30.922281
            ],
            [
              75.882018,
              30.922452
            ],
            [
              75.88184,
              30.922577
            ],
            [
              75.881467,
              30.922714
            ],
            [
              75.881685,
              30.923451
            ],
            [
              75.881758,
              30.923739
            ],
            [
              75.881853,
              30.924138
            ],
            [
              75.881959,
              30.924541
            ],
            [
              75.882023,
              30.924896
            ],
            [
              75.882087,
              30.92528
            ],
            [
              75.882152,
              30.925569
            ],
            [
              75.88219,
              30.92569
            ],
            [
              75.882211,
              30.925951
            ],
            [
              75.88231,
              30.926389
            ],
            [
              75.882461,
              30.927009
            ],
            [
              75.882518,
              30.927316
            ],
            [
              75.882622,
              30.927854
            ],
            [
              75.882731,
              30.928192
            ],
            [
              75.883177,
              30.928112
            ],
            [
              75.883505,
              30.92804
            ],
            [
              75.884032,
              30.927936
            ],
            [
              75.884461,
              30.927854
            ],
            [
              75.884615,
              30.927832
            ],
            [
              75.884709,
              30.927844
            ],
            [
              75.885115,
              30.927955
            ],
            [
              75.885328,
              30.928024
            ],
            [
              75.885362,
              30.928035
            ],
            [
              75.885591,
              30.928112
            ],
            [
              75.885836,
              30.928194
            ],
            [
              75.886009,
              30.928243
            ],
            [
              75.886304,
              30.928346
            ],
            [
              75.886583,
              30.928479
            ],
            [
              75.886794,
              30.928579
            ],
            [
              75.887211,
              30.928769
            ],
            [
              75.887538,
              30.928921
            ],
            [
              75.887893,
              30.9291
            ],
            [
              75.88823,
              30.929222
            ],
            [
              75.888595,
              30.929349
            ],
            [
              75.88909,
              30.929535
            ],
            [
              75.889454,
              30.929655
            ],
            [
              75.89004,
              30.929853
            ],
            [
              75.890107,
              30.929864
            ],
            [
              75.891094,
              30.929889
            ],
            [
              75.892209,
              30.929903
            ],
            [
              75.892454,
              30.929921
            ],
            [
              75.892614,
              30.929675
            ],
            [
              75.892924,
              30.929189
            ],
            [
              75.893242,
              30.928649
            ],
            [
              75.893479,
              30.928279
            ],
            [
              75.89376,
              30.927782
            ],
            [
              75.894018,
              30.927373
            ],
            [
              75.894285,
              30.92689
            ],
            [
              75.894437,
              30.926648
            ],
            [
              75.894548,
              30.926455
            ],
            [
              75.894739,
              30.926149
            ],
            [
              75.894914,
              30.925857
            ],
            [
              75.894959,
              30.925793
            ]
          ]
        ]
      }
    },
    {
      "type": "Feature",
      "properties": {
        "ward_no": 88,
        "ward_name": "Ward 88",
        "zone": "A",
        "area_sq_km": 0.466,
        "centroid": [
          75.851353,
          30.927119
        ]
      },
      "geometry": {
        "type": "Polygon",
        "coordinates": [
          [
            [
              75.856176,
              30.929992
            ],
            [
              75.856126,
              30.929836
            ],
            [
              75.855993,
              30.929431
            ],
            [
              75.855968,
              30.929232
            ],
            [
              75.85597,
              30.928896
            ],
            [
              75.855904,
              30.928189
            ],
            [
              75.8559,
              30.927889
            ],
            [
              75.855838,
              30.927476
            ],
            [
              75.855772,
              30.927005
            ],
            [
              75.855716,
              30.9264
            ],
            [
              75.855641,
              30.926249
            ],
            [
              75.855515,
              30.926086
            ],
            [
              75.855287,
              30.925772
            ],
            [
              75.85504,
              30.925472
            ],
            [
              75.854484,
              30.925659
            ],
            [
              75.854556,
              30.925893
            ],
            [
              75.85428,
              30.92596
            ],
            [
              75.85432,
              30.926083
            ],
            [
              75.854099,
              30.926141
            ],
            [
              75.85382,
              30.926209
            ],
            [
              75.853372,
              30.926311
            ],
            [
              75.853329,
              30.92618
            ],
            [
              75.853198,
              30.925912
            ],
            [
              75.852771,
              30.926052
            ],
            [
              75.852736,
              30.92593
            ],
            [
              75.852252,
              30.92602
            ],
            [
              75.852089,
              30.926036
            ],
            [
              75.851897,
              30.926048
            ],
            [
              75.851733,
              30.926055
            ],
            [
              75.851713,
              30.926013
            ],
            [
              75.851345,
              30.926085
            ],
            [
              75.851208,
              30.926086
            ],
            [
              75.851,
              30.926084
            ],
            [
              75.8505,
              30.925896
            ],
            [
              75.849958,
              30.925703
            ],
            [
              75.849968,
              30.925608
            ],
            [
              75.850168,
              30.924604
            ],
            [
              75.849689,
              30.924474
            ],
            [
              75.849244,
              30.924345
            ],
            [
              75.848619,
              30.924156
            ],
            [
              75.848263,
              30.924053
            ],
            [
              75.84795,
              30.923962
            ],
            [
              75.847336,
              30.923784
            ],
            [
              75.847069,
              30.924127
            ],
            [
              75.846858,
              30.924401
            ],
            [
              75.846608,
              30.924727
            ],
            [
              75.846278,
              30.925154
            ],
            [
              75.846062,
              30.925434
            ],
            [
              75.845782,
              30.925794
            ],
            [
              75.845573,
              30.926067
            ],
            [
              75.845348,
              30.926349
            ],
            [
              75.844879,
              30.926918
            ],
            [
              75.84436,
              30.927449
            ],
            [
              75.843919,
              30.928009
            ],
            [
              75.844492,
              30.92833
            ],
            [
              75.844965,
              30.928413
            ],
            [
              75.845495,
              30.928493
            ],
            [
              75.846758,
              30.92866
            ],
            [
              75.847531,
              30.928813
            ],
            [
              75.848365,
              30.929011
            ],
            [
              75.84896,
              30.92913
            ],
            [
              75.849707,
              30.92923
            ],
            [
              75.850127,
              30.929302
            ],
            [
              75.850588,
              30.929407
            ],
            [
              75.850641,
              30.929415
            ],
            [
              75.850902,
              30.929452
            ],
            [
              75.851782,
              30.92957
            ],
            [
              75.852563,
              30.929691
            ],
            [
              75.853479,
              30.929839
            ],
            [
              75.854241,
              30.929973
            ],
            [
              75.854797,
              30.930115
            ],
            [
              75.855015,
              30.93015
            ],
            [
              75.855241,
              30.930179
            ],
            [
              75.855381,
              30.930184
            ],
            [
              75.856126,
              30.930006
            ],
            [
              75.856176,
              30.929992
            ]
          ]
        ]
      }
    },
    {
      "type": "Feature",
      "properties": {
        "ward_no": 11,
        "ward_name": "Ward 11",
        "zone": "A",
        "area_sq_km": 0.687,
        "centroid": [
          75.877037,
          30.924346
        ]
      },
      "geometry": {
        "type": "Polygon",
        "coordinates": [
          [
            [
              75.882152,
              30.925569
            ],
            [
              75.882087,
              30.92528
            ],
            [
              75.882023,
              30.924896
            ],
            [
              75.881959,
              30.924541
            ],
            [
              75.881853,
              30.924138
            ],
            [
              75.881758,
              30.923739
            ],
            [
              75.881685,
              30.923451
            ],
            [
              75.881467,
              30.922714
            ],
            [
              75.88184,
              30.922577
            ],
            [
              75.882018,
              30.922452
            ],
            [
              75.881897,
              30.922281
            ],
            [
              75.881392,
              30.921636
            ],
            [
              75.881197,
              30.921357
            ],
            [
              75.880844,
              30.920867
            ],
            [
              75.880488,
              30.920231
            ],
            [
              75.880509,
              30.919935
            ],
            [
              75.880556,
              30.919769
            ],
            [
              75.880154,
              30.919473
            ],
            [
              75.879789,
              30.919279
            ],
            [
              75.879407,
              30.919073
            ],
            [
              75.878996,
              30.918836
            ],
            [
              75.87855,
              30.918562
            ],
            [
              75.878225,
              30.918359
            ],
            [
              75.877801,
              30.918073
            ],
            [
              75.877464,
              30.917854
            ],
            [
              75.877199,
              30.917707
            ],
            [
              75.876729,
              30.917442
            ],
            [
              75.87639,
              30.918258
            ],
            [
              75.876256,
              30.918602
            ],
            [
              75.876133,
              30.918917
            ],
            [
              75.875904,
              30.919487
            ],
            [
              75.875771,
              30.919867
            ],
            [
              75.875661,
              30.920123
            ],
            [
              75.875443,
              30.920603
            ],
            [
              75.875265,
              30.921055
            ],
            [
              75.874973,
              30.921793
            ],
            [
              75.874799,
              30.922228
            ],
            [
              75.874724,
              30.922441
            ],
            [
              75.874664,
              30.922619
            ],
            [
              75.87454,
              30.922938
            ],
            [
              75.874366,
              30.923366
            ],
            [
              75.874037,
              30.924171
            ],
            [
              75.873705,
              30.924999
            ],
            [
              75.873442,
              30.92566
            ],
            [
              75.87311,
              30.926472
            ],
            [
              75.872892,
              30.92697
            ],
            [
              75.872706,
              30.927421
            ],
            [
              75.872508,
              30.927889
            ],
            [
              75.872349,
              30.928264
            ],
            [
              75.872183,
              30.92864
            ],
            [
              75.87205,
              30.928905
            ],
            [
              75.871907,
              30.929166
            ],
            [
              75.871796,
              30.929347
            ],
            [
              75.871684,
              30.929521
            ],
            [
              75.871987,
              30.929653
            ],
            [
              75.872599,
              30.929908
            ],
            [
              75.873472,
              30.930267
            ],
            [
              75.873964,
              30.930482
            ],
            [
              75.874112,
              30.930539
            ],
            [
              75.874356,
              30.930146
            ],
            [
              75.87471,
              30.929591
            ],
            [
              75.875056,
              30.928986
            ],
            [
              75.875286,
              30.928645
            ],
            [
              75.875368,
              30.928517
            ],
            [
              75.87519,
              30.928406
            ],
            [
              75.874657,
              30.928243
            ],
            [
              75.874714,
              30.928156
            ],
            [
              75.875225,
              30.927815
            ],
            [
              75.875304,
              30.927926
            ],
            [
              75.876512,
              30.927312
            ],
            [
              75.877487,
              30.926827
            ],
            [
              75.87845,
              30.92637
            ],
            [
              75.879025,
              30.926104
            ],
            [
              75.879159,
              30.926085
            ],
            [
              75.880063,
              30.926701
            ],
            [
              75.880488,
              30.927027
            ],
            [
              75.880958,
              30.926611
            ],
            [
              75.881421,
              30.926175
            ],
            [
              75.881909,
              30.925766
            ],
            [
              75.882152,
              30.925569
            ]
          ]
        ]
      }
    },
    {
      "type": "Feature",
      "properties": {
        "ward_no": 9,
        "ward_name": "Ward 9",
        "zone": "A",
        "area_sq_km": 0.711,
        "centroid": [
          75.869747,
          30.925432
        ]
      },
      "geometry": {
        "type": "Polygon",
        "coordinates": [
          [
            [
              75.870388,
              30.931021
            ],
            [
              75.870514,
              30.930903
            ],
            [
              75.870695,
              30.930728
            ],
            [
              75.870911,
              30.930504
            ],
            [
              75.871142,
              30.930251
            ],
            [
              75.871304,
              30.930057
            ],
            [
              75.871443,
              30.929886
            ],
            [
              75.87158,
              30.929684
            ],
            [
              75.871684,
              30.929521
            ],
            [
              75.871796,
              30.929347
            ],
            [
              75.871907,
              30.929166
            ],
            [
              75.87205,
              30.928905
            ],
            [
              75.872183,
              30.92864
            ],
            [
              75.872349,
              30.928264
            ],
            [
              75.872508,
              30.927889
            ],
            [
              75.872706,
              30.927421
            ],
            [
              75.872892,
              30.92697
            ],
            [
              75.87311,
              30.926472
            ],
            [
              75.873442,
              30.92566
            ],
            [
              75.873705,
              30.924999
            ],
            [
              75.874037,
              30.924171
            ],
            [
              75.874366,
              30.923366
            ],
            [
              75.87454,
              30.922938
            ],
            [
              75.874664,
              30.922619
            ],
            [
              75.874724,
              30.922441
            ],
            [
              75.874799,
              30.922228
            ],
            [
              75.874973,
              30.921793
            ],
            [
              75.875265,
              30.921055
            ],
            [
              75.875443,
              30.920603
            ],
            [
              75.875661,
              30.920123
            ],
            [
              75.875771,
              30.919867
            ],
            [
              75.875904,
              30.919487
            ],
            [
              75.876133,
              30.918917
            ],
            [
              75.876256,
              30.918602
            ],
            [
              75.876109,
              30.918699
            ],
            [
              75.875872,
              30.918854
            ],
            [
              75.874817,
              30.919708
            ],
            [
              75.873826,
              30.920334
            ],
            [
              75.87336,
              30.920643
            ],
            [
              75.872728,
              30.921053
            ],
            [
              75.872246,
              30.92139
            ],
            [
              75.871702,
              30.921738
            ],
            [
              75.871198,
              30.922022
            ],
            [
              75.870754,
              30.92231
            ],
            [
              75.870209,
              30.922647
            ],
            [
              75.869675,
              30.923038
            ],
            [
              75.86929,
              30.922296
            ],
            [
              75.868643,
              30.921586
            ],
            [
              75.868021,
              30.922152
            ],
            [
              75.867482,
              30.922645
            ],
            [
              75.867088,
              30.923018
            ],
            [
              75.866676,
              30.923383
            ],
            [
              75.866087,
              30.923881
            ],
            [
              75.865656,
              30.924237
            ],
            [
              75.865045,
              30.923691
            ],
            [
              75.864589,
              30.923276
            ],
            [
              75.864568,
              30.923606
            ],
            [
              75.864553,
              30.923789
            ],
            [
              75.864442,
              30.924121
            ],
            [
              75.864181,
              30.924721
            ],
            [
              75.863997,
              30.925137
            ],
            [
              75.86374,
              30.925665
            ],
            [
              75.863613,
              30.925981
            ],
            [
              75.863578,
              30.926065
            ],
            [
              75.863564,
              30.92624
            ],
            [
              75.863574,
              30.926383
            ],
            [
              75.863609,
              30.926526
            ],
            [
              75.863652,
              30.926647
            ],
            [
              75.863672,
              30.926728
            ],
            [
              75.863666,
              30.926787
            ],
            [
              75.863638,
              30.926822
            ],
            [
              75.864119,
              30.927095
            ],
            [
              75.864503,
              30.927332
            ],
            [
              75.864866,
              30.927528
            ],
            [
              75.865192,
              30.92772
            ],
            [
              75.865607,
              30.927972
            ],
            [
              75.866318,
              30.928387
            ],
            [
              75.866881,
              30.928724
            ],
            [
              75.867396,
              30.929032
            ],
            [
              75.867606,
              30.929158
            ],
            [
              75.867817,
              30.929265
            ],
            [
              75.868382,
              30.929581
            ],
            [
              75.868897,
              30.929914
            ],
            [
              75.869324,
              30.930239
            ],
            [
              75.869877,
              30.930711
            ],
            [
              75.870259,
              30.930994
            ],
            [
              75.870343,
              30.931064
            ],
            [
              75.870388,
              30.931021
            ]
          ]
        ]
      }
    },
    {
      "type": "Feature",
      "properties": {
        "ward_no": 92,
        "ward_name": "Ward 92",
        "zone": "A",
        "area_sq_km": 1.156,
        "centroid": [
          75.826717,
          30.927885
        ]
      },
      "geometry": {
        "type": "Polygon",
        "coordinates": [
          [
            [
              75.83677,
              30.927284
            ],
            [
              75.836374,
              30.927073
            ],
            [
              75.835888,
              30.926828
            ],
            [
              75.835392,
              30.926588
            ],
            [
              75.834865,
              30.926303
            ],
            [
              75.834419,
              30.926029
            ],
            [
              75.833995,
              30.925794
            ],
            [
              75.833038,
              30.925253
            ],
            [
              75.832717,
              30.925063
            ],
            [
              75.832423,
              30.924888
            ],
            [
              75.832175,
              30.924704
            ],
            [
              75.831733,
              30.924369
            ],
            [
              75.831194,
              30.924032
            ],
            [
              75.830812,
              30.923789
            ],
            [
              75.830453,
              30.923567
            ],
            [
              75.830003,
              30.923283
            ],
            [
              75.829802,
              30.923577
            ],
            [
              75.829696,
              30.923776
            ],
            [
              75.829375,
              30.923719
            ],
            [
              75.82905,
              30.923646
            ],
            [
              75.828645,
              30.923576
            ],
            [
              75.828253,
              30.923521
            ],
            [
              75.827827,
              30.923431
            ],
            [
              75.827284,
              30.923332
            ],
            [
              75.826894,
              30.923248
            ],
            [
              75.826576,
              30.923192
            ],
            [
              75.826512,
              30.923689
            ],
            [
              75.826472,
              30.924206
            ],
            [
              75.826444,
              30.924566
            ],
            [
              75.826015,
              30.924536
            ],
            [
              75.825655,
              30.924506
            ],
            [
              75.825289,
              30.924479
            ],
            [
              75.824934,
              30.924466
            ],
            [
              75.824382,
              30.924435
            ],
            [
              75.823918,
              30.924406
            ],
            [
              75.823556,
              30.92448
            ],
            [
              75.823202,
              30.924546
            ],
            [
              75.8229,
              30.924554
            ],
            [
              75.822858,
              30.924555
            ],
            [
              75.822856,
              30.924832
            ],
            [
              75.822848,
              30.926144
            ],
            [
              75.822827,
              30.926144
            ],
            [
              75.822407,
              30.926144
            ],
            [
              75.822409,
              30.92618
            ],
            [
              75.822106,
              30.926186
            ],
            [
              75.822103,
              30.926643
            ],
            [
              75.821882,
              30.926646
            ],
            [
              75.821366,
              30.926633
            ],
            [
              75.820959,
              30.926638
            ],
            [
              75.820299,
              30.926628
            ],
            [
              75.819922,
              30.926632
            ],
            [
              75.819942,
              30.927669
            ],
            [
              75.819934,
              30.927777
            ],
            [
              75.81995,
              30.927912
            ],
            [
              75.819958,
              30.927994
            ],
            [
              75.819965,
              30.928086
            ],
            [
              75.819967,
              30.928185
            ],
            [
              75.819954,
              30.92848
            ],
            [
              75.819948,
              30.928983
            ],
            [
              75.819965,
              30.929601
            ],
            [
              75.819969,
              30.929969
            ],
            [
              75.819973,
              30.930296
            ],
            [
              75.819977,
              30.930693
            ],
            [
              75.81998,
              30.931015
            ],
            [
              75.819982,
              30.931348
            ],
            [
              75.82031,
              30.93119
            ],
            [
              75.82079,
              30.930961
            ],
            [
              75.821303,
              30.93071
            ],
            [
              75.82187,
              30.930448
            ],
            [
              75.822244,
              30.930278
            ],
            [
              75.82224,
              30.930555
            ],
            [
              75.822235,
              30.930924
            ],
            [
              75.822216,
              30.931504
            ],
            [
              75.822208,
              30.931881
            ],
            [
              75.822216,
              30.932055
            ],
            [
              75.822537,
              30.932352
            ],
            [
              75.822897,
              30.932675
            ],
            [
              75.823941,
              30.932657
            ],
            [
              75.824481,
              30.93265
            ],
            [
              75.825414,
              30.932757
            ],
            [
              75.826075,
              30.932828
            ],
            [
              75.826763,
              30.9328
            ],
            [
              75.827327,
              30.932824
            ],
            [
              75.827746,
              30.932822
            ],
            [
              75.827743,
              30.93271
            ],
            [
              75.828438,
              30.932691
            ],
            [
              75.828469,
              30.931693
            ],
            [
              75.828647,
              30.9317
            ],
            [
              75.828646,
              30.931743
            ],
            [
              75.829742,
              30.932323
            ],
            [
              75.830212,
              30.932566
            ],
            [
              75.830942,
              30.932335
            ],
            [
              75.832061,
              30.931904
            ],
            [
              75.832364,
              30.931752
            ],
            [
              75.832443,
              30.931695
            ],
            [
              75.832949,
              30.931142
            ],
            [
              75.833549,
              30.930517
            ],
            [
              75.834174,
              30.929861
            ],
            [
              75.83471,
              30.929367
            ],
            [
              75.834962,
              30.929139
            ],
            [
              75.835421,
              30.928683
            ],
            [
              75.835921,
              30.92817
            ],
            [
              75.836325,
              30.927759
            ],
            [
              75.836756,
              30.927298
            ],
            [
              75.83677,
              30.927284
            ]
          ]
        ]
      }
    },
    {
      "type": "Feature",
      "properties": {
        "ward_no": 12,
        "ward_name": "Ward 12",
        "zone": "A",
        "area_sq_km": 0.467,
        "centroid": [
          75.879786,
          30.929167
        ]
      },
      "geometry": {
        "type": "Polygon",
        "coordinates": [
          [
            [
              75.882918,
              30.930517
            ],
            [
              75.883279,
              30.930362
            ],
            [
              75.883869,
              30.930186
            ],
            [
              75.884586,
              30.929959
            ],
            [
              75.884814,
              30.930133
            ],
            [
              75.884985,
              30.929531
            ],
            [
              75.885176,
              30.928633
            ],
            [
              75.885241,
              30.928322
            ],
            [
              75.885328,
              30.928024
            ],
            [
              75.885115,
              30.927955
            ],
            [
              75.884709,
              30.927844
            ],
            [
              75.884615,
              30.927832
            ],
            [
              75.884461,
              30.927854
            ],
            [
              75.884032,
              30.927936
            ],
            [
              75.883505,
              30.92804
            ],
            [
              75.883177,
              30.928112
            ],
            [
              75.882731,
              30.928192
            ],
            [
              75.882622,
              30.927854
            ],
            [
              75.882518,
              30.927316
            ],
            [
              75.882461,
              30.927009
            ],
            [
              75.88231,
              30.926389
            ],
            [
              75.882211,
              30.925951
            ],
            [
              75.88219,
              30.92569
            ],
            [
              75.882152,
              30.925569
            ],
            [
              75.881909,
              30.925766
            ],
            [
              75.881421,
              30.926175
            ],
            [
              75.880958,
              30.926611
            ],
            [
              75.880488,
              30.927027
            ],
            [
              75.880063,
              30.926701
            ],
            [
              75.879159,
              30.926085
            ],
            [
              75.879025,
              30.926104
            ],
            [
              75.87845,
              30.92637
            ],
            [
              75.877487,
              30.926827
            ],
            [
              75.876512,
              30.927312
            ],
            [
              75.875304,
              30.927926
            ],
            [
              75.875225,
              30.927815
            ],
            [
              75.874714,
              30.928156
            ],
            [
              75.874657,
              30.928243
            ],
            [
              75.87519,
              30.928406
            ],
            [
              75.875368,
              30.928517
            ],
            [
              75.875286,
              30.928645
            ],
            [
              75.875056,
              30.928986
            ],
            [
              75.87471,
              30.929591
            ],
            [
              75.874356,
              30.930146
            ],
            [
              75.874112,
              30.930539
            ],
            [
              75.874174,
              30.930563
            ],
            [
              75.874326,
              30.930626
            ],
            [
              75.874544,
              30.93068
            ],
            [
              75.874683,
              30.930704
            ],
            [
              75.874788,
              30.930733
            ],
            [
              75.875208,
              30.930936
            ],
            [
              75.875755,
              30.931291
            ],
            [
              75.876131,
              30.931477
            ],
            [
              75.876696,
              30.931725
            ],
            [
              75.8772,
              30.931968
            ],
            [
              75.877394,
              30.932002
            ],
            [
              75.877729,
              30.932018
            ],
            [
              75.878214,
              30.932116
            ],
            [
              75.878685,
              30.932216
            ],
            [
              75.879421,
              30.932355
            ],
            [
              75.879932,
              30.932443
            ],
            [
              75.880897,
              30.932623
            ],
            [
              75.880399,
              30.932156
            ],
            [
              75.880284,
              30.932017
            ],
            [
              75.881181,
              30.931454
            ],
            [
              75.881759,
              30.931099
            ],
            [
              75.88206,
              30.930913
            ],
            [
              75.882405,
              30.930738
            ],
            [
              75.882918,
              30.930517
            ]
          ]
        ]
      }
    },
    {
      "type": "Feature",
      "properties": {
        "ward_no": 66,
        "ward_name": "Ward 66",
        "zone": "A",
        "area_sq_km": 1.151,
        "centroid": [
          75.807795,
          30.928349
        ]
      },
      "geometry": {
        "type": "Polygon",
        "coordinates": [
          [
            [
              75.813857,
              30.929591
            ],
            [
              75.813559,
              30.92959
            ],
            [
              75.813582,
              30.928748
            ],
            [
              75.813448,
              30.928746
            ],
            [
              75.813434,
              30.928219
            ],
            [
              75.813421,
              30.92739
            ],
            [
              75.813421,
              30.926833
            ],
            [
              75.813143,
              30.92683
            ],
            [
              75.813145,
              30.92632
            ],
            [
              75.813138,
              30.925942
            ],
            [
              75.813139,
              30.925404
            ],
            [
              75.813133,
              30.924636
            ],
            [
              75.815073,
              30.924629
            ],
            [
              75.815073,
              30.924593
            ],
            [
              75.815058,
              30.924164
            ],
            [
              75.815064,
              30.923536
            ],
            [
              75.815051,
              30.922888
            ],
            [
              75.815044,
              30.922326
            ],
            [
              75.815069,
              30.921681
            ],
            [
              75.815057,
              30.921107
            ],
            [
              75.815052,
              30.921109
            ],
            [
              75.813825,
              30.921558
            ],
            [
              75.812719,
              30.921956
            ],
            [
              75.811335,
              30.922482
            ],
            [
              75.809452,
              30.923168
            ],
            [
              75.808503,
              30.923513
            ],
            [
              75.806884,
              30.924081
            ],
            [
              75.806795,
              30.92508
            ],
            [
              75.8043,
              30.925051
            ],
            [
              75.803197,
              30.92501
            ],
            [
              75.803066,
              30.924992
            ],
            [
              75.80203,
              30.924987
            ],
            [
              75.80112,
              30.924996
            ],
            [
              75.799398,
              30.925007
            ],
            [
              75.799346,
              30.925007
            ],
            [
              75.800085,
              30.925654
            ],
            [
              75.800385,
              30.925917
            ],
            [
              75.79947,
              30.926554
            ],
            [
              75.799086,
              30.92682
            ],
            [
              75.799074,
              30.927125
            ],
            [
              75.799335,
              30.927084
            ],
            [
              75.799368,
              30.927079
            ],
            [
              75.7994,
              30.927082
            ],
            [
              75.799401,
              30.927207
            ],
            [
              75.799402,
              30.927232
            ],
            [
              75.799644,
              30.927257
            ],
            [
              75.799743,
              30.927267
            ],
            [
              75.800242,
              30.927319
            ],
            [
              75.800318,
              30.927365
            ],
            [
              75.801123,
              30.927841
            ],
            [
              75.801404,
              30.928007
            ],
            [
              75.801427,
              30.92802
            ],
            [
              75.801701,
              30.928393
            ],
            [
              75.801831,
              30.928674
            ],
            [
              75.802276,
              30.929639
            ],
            [
              75.802281,
              30.92981
            ],
            [
              75.802284,
              30.929897
            ],
            [
              75.802344,
              30.930345
            ],
            [
              75.802671,
              30.930783
            ],
            [
              75.803129,
              30.93116
            ],
            [
              75.80342,
              30.931308
            ],
            [
              75.803866,
              30.931476
            ],
            [
              75.804011,
              30.931506
            ],
            [
              75.804324,
              30.931416
            ],
            [
              75.804743,
              30.931296
            ],
            [
              75.804997,
              30.931358
            ],
            [
              75.805957,
              30.93159
            ],
            [
              75.808711,
              30.932258
            ],
            [
              75.808962,
              30.932526
            ],
            [
              75.810491,
              30.934158
            ],
            [
              75.811534,
              30.935272
            ],
            [
              75.811582,
              30.935322
            ],
            [
              75.811888,
              30.935189
            ],
            [
              75.812141,
              30.935068
            ],
            [
              75.812275,
              30.935015
            ],
            [
              75.812362,
              30.934977
            ],
            [
              75.812476,
              30.934932
            ],
            [
              75.812621,
              30.93485
            ],
            [
              75.812702,
              30.934808
            ],
            [
              75.812683,
              30.934308
            ],
            [
              75.812669,
              30.933781
            ],
            [
              75.812688,
              30.933093
            ],
            [
              75.812696,
              30.932108
            ],
            [
              75.812651,
              30.932104
            ],
            [
              75.812662,
              30.931245
            ],
            [
              75.812785,
              30.931248
            ],
            [
              75.812792,
              30.930272
            ],
            [
              75.813869,
              30.930264
            ],
            [
              75.813857,
              30.929591
            ]
          ]
        ]
      }
    },
    {
      "type": "Feature",
      "properties": {
        "ward_no": 8,
        "ward_name": "Ward 8",
        "zone": "A",
        "area_sq_km": 0.756,
        "centroid": [
          75.863122,
          30.92935
        ]
      },
      "geometry": {
        "type": "Polygon",
        "coordinates": [
          [
            [
              75.860483,
              30.934459
            ],
            [
              75.860493,
              30.934456
            ],
            [
              75.861156,
              30.934289
            ],
            [
              75.862188,
              30.934032
            ],
            [
              75.862681,
              30.933912
            ],
            [
              75.863239,
              30.933775
            ],
            [
              75.863421,
              30.933736
            ],
            [
              75.863798,
              30.933643
            ],
            [
              75.864387,
              30.933487
            ],
            [
              75.864499,
              30.933458
            ],
            [
              75.864631,
              30.933424
            ],
            [
              75.865141,
              30.933287
            ],
            [
              75.865586,
              30.933185
            ],
            [
              75.866236,
              30.933028
            ],
            [
              75.866677,
              30.932932
            ],
            [
              75.866884,
              30.932873
            ],
            [
              75.867097,
              30.932811
            ],
            [
              75.867588,
              30.932642
            ],
            [
              75.868105,
              30.932451
            ],
            [
              75.868574,
              30.932239
            ],
            [
              75.869118,
              30.931945
            ],
            [
              75.869467,
              30.931734
            ],
            [
              75.869876,
              30.931448
            ],
            [
              75.870141,
              30.93123
            ],
            [
              75.870317,
              30.931089
            ],
            [
              75.870343,
              30.931064
            ],
            [
              75.870259,
              30.930994
            ],
            [
              75.869877,
              30.930711
            ],
            [
              75.869324,
              30.930239
            ],
            [
              75.868897,
              30.929914
            ],
            [
              75.868382,
              30.929581
            ],
            [
              75.867817,
              30.929265
            ],
            [
              75.867606,
              30.929158
            ],
            [
              75.867396,
              30.929032
            ],
            [
              75.866881,
              30.928724
            ],
            [
              75.866318,
              30.928387
            ],
            [
              75.865607,
              30.927972
            ],
            [
              75.865192,
              30.92772
            ],
            [
              75.864866,
              30.927528
            ],
            [
              75.864503,
              30.927332
            ],
            [
              75.864119,
              30.927095
            ],
            [
              75.863638,
              30.926822
            ],
            [
              75.863666,
              30.926787
            ],
            [
              75.863672,
              30.926728
            ],
            [
              75.863652,
              30.926647
            ],
            [
              75.863609,
              30.926526
            ],
            [
              75.863574,
              30.926383
            ],
            [
              75.863564,
              30.92624
            ],
            [
              75.863578,
              30.926065
            ],
            [
              75.863613,
              30.925981
            ],
            [
              75.86374,
              30.925665
            ],
            [
              75.863997,
              30.925137
            ],
            [
              75.864181,
              30.924721
            ],
            [
              75.864442,
              30.924121
            ],
            [
              75.864553,
              30.923789
            ],
            [
              75.864568,
              30.923606
            ],
            [
              75.864589,
              30.923276
            ],
            [
              75.864419,
              30.922719
            ],
            [
              75.864197,
              30.922454
            ],
            [
              75.863698,
              30.922061
            ],
            [
              75.863529,
              30.921923
            ],
            [
              75.863026,
              30.92231
            ],
            [
              75.862398,
              30.922816
            ],
            [
              75.86183,
              30.923309
            ],
            [
              75.861574,
              30.92355
            ],
            [
              75.860885,
              30.924117
            ],
            [
              75.860129,
              30.924672
            ],
            [
              75.860061,
              30.924726
            ],
            [
              75.860169,
              30.924851
            ],
            [
              75.860207,
              30.924951
            ],
            [
              75.860237,
              30.925089
            ],
            [
              75.860339,
              30.925424
            ],
            [
              75.860418,
              30.925696
            ],
            [
              75.860475,
              30.925809
            ],
            [
              75.860551,
              30.926079
            ],
            [
              75.860514,
              30.926209
            ],
            [
              75.860429,
              30.926468
            ],
            [
              75.860391,
              30.92674
            ],
            [
              75.860331,
              30.927389
            ],
            [
              75.860148,
              30.927958
            ],
            [
              75.860041,
              30.928277
            ],
            [
              75.85997,
              30.928515
            ],
            [
              75.859934,
              30.928901
            ],
            [
              75.859972,
              30.929502
            ],
            [
              75.859986,
              30.929744
            ],
            [
              75.859954,
              30.930295
            ],
            [
              75.85988,
              30.931048
            ],
            [
              75.859829,
              30.931679
            ],
            [
              75.859833,
              30.93218
            ],
            [
              75.859857,
              30.932442
            ],
            [
              75.859281,
              30.932832
            ],
            [
              75.858626,
              30.933286
            ],
            [
              75.85838,
              30.933464
            ],
            [
              75.858287,
              30.933507
            ],
            [
              75.858074,
              30.933586
            ],
            [
              75.857795,
              30.933669
            ],
            [
              75.857132,
              30.933871
            ],
            [
              75.857259,
              30.934778
            ],
            [
              75.857338,
              30.935253
            ],
            [
              75.857887,
              30.935114
            ],
            [
              75.858432,
              30.93498
            ],
            [
              75.858737,
              30.934905
            ],
            [
              75.859317,
              30.934761
            ],
            [
              75.859781,
              30.934644
            ],
            [
              75.860483,
              30.934459
            ]
          ]
        ]
      }
    },
    {
      "type": "Feature",
      "properties": {
        "ward_no": 86,
        "ward_name": "Ward 86",
        "zone": "A",
        "area_sq_km": 0.617,
        "centroid": [
          75.855444,
          30.930773
        ]
      },
      "geometry": {
        "type": "Polygon",
        "coordinates": [
          [
            [
              75.852659,
              30.936413
            ],
            [
              75.852901,
              30.93635
            ],
            [
              75.853505,
              30.936199
            ],
            [
              75.853796,
              30.936128
            ],
            [
              75.854535,
              30.935951
            ],
            [
              75.854957,
              30.935843
            ],
            [
              75.855277,
              30.935765
            ],
            [
              75.855685,
              30.935668
            ],
            [
              75.856022,
              30.935587
            ],
            [
              75.856467,
              30.935469
            ],
            [
              75.856847,
              30.935372
            ],
            [
              75.857252,
              30.935274
            ],
            [
              75.857298,
              30.935263
            ],
            [
              75.857338,
              30.935253
            ],
            [
              75.857259,
              30.934778
            ],
            [
              75.857132,
              30.933871
            ],
            [
              75.857795,
              30.933669
            ],
            [
              75.858074,
              30.933586
            ],
            [
              75.858287,
              30.933507
            ],
            [
              75.85838,
              30.933464
            ],
            [
              75.858626,
              30.933286
            ],
            [
              75.859281,
              30.932832
            ],
            [
              75.859857,
              30.932442
            ],
            [
              75.859833,
              30.93218
            ],
            [
              75.859829,
              30.931679
            ],
            [
              75.85988,
              30.931048
            ],
            [
              75.859954,
              30.930295
            ],
            [
              75.859986,
              30.929744
            ],
            [
              75.859972,
              30.929502
            ],
            [
              75.859934,
              30.928901
            ],
            [
              75.85997,
              30.928515
            ],
            [
              75.860041,
              30.928277
            ],
            [
              75.860148,
              30.927958
            ],
            [
              75.860331,
              30.927389
            ],
            [
              75.860391,
              30.92674
            ],
            [
              75.860429,
              30.926468
            ],
            [
              75.860514,
              30.926209
            ],
            [
              75.860551,
              30.926079
            ],
            [
              75.860475,
              30.925809
            ],
            [
              75.860418,
              30.925696
            ],
            [
              75.860339,
              30.925424
            ],
            [
              75.860237,
              30.925089
            ],
            [
              75.860207,
              30.924951
            ],
            [
              75.860169,
              30.924851
            ],
            [
              75.860061,
              30.924726
            ],
            [
              75.859901,
              30.924852
            ],
            [
              75.85964,
              30.925096
            ],
            [
              75.859487,
              30.925296
            ],
            [
              75.859397,
              30.925455
            ],
            [
              75.859241,
              30.925731
            ],
            [
              75.859021,
              30.926072
            ],
            [
              75.858807,
              30.926381
            ],
            [
              75.858532,
              30.926807
            ],
            [
              75.858181,
              30.927383
            ],
            [
              75.857916,
              30.927827
            ],
            [
              75.857589,
              30.928379
            ],
            [
              75.857314,
              30.92887
            ],
            [
              75.857076,
              30.929213
            ],
            [
              75.856912,
              30.929417
            ],
            [
              75.856722,
              30.929613
            ],
            [
              75.85623,
              30.929977
            ],
            [
              75.856176,
              30.929992
            ],
            [
              75.856126,
              30.930006
            ],
            [
              75.855381,
              30.930184
            ],
            [
              75.855241,
              30.930179
            ],
            [
              75.855015,
              30.93015
            ],
            [
              75.854797,
              30.930115
            ],
            [
              75.854241,
              30.929973
            ],
            [
              75.853479,
              30.929839
            ],
            [
              75.852563,
              30.929691
            ],
            [
              75.851782,
              30.92957
            ],
            [
              75.850902,
              30.929452
            ],
            [
              75.850641,
              30.929415
            ],
            [
              75.850586,
              30.929903
            ],
            [
              75.850295,
              30.929908
            ],
            [
              75.850292,
              30.930134
            ],
            [
              75.850031,
              30.930129
            ],
            [
              75.850012,
              30.930243
            ],
            [
              75.849879,
              30.930255
            ],
            [
              75.849872,
              30.930304
            ],
            [
              75.849858,
              30.930463
            ],
            [
              75.849709,
              30.93046
            ],
            [
              75.849706,
              30.930728
            ],
            [
              75.849489,
              30.930726
            ],
            [
              75.849429,
              30.930806
            ],
            [
              75.849453,
              30.930951
            ],
            [
              75.849478,
              30.931099
            ],
            [
              75.849549,
              30.931134
            ],
            [
              75.849621,
              30.931273
            ],
            [
              75.849697,
              30.931445
            ],
            [
              75.84986,
              30.931703
            ],
            [
              75.850083,
              30.931973
            ],
            [
              75.850414,
              30.932369
            ],
            [
              75.85062,
              30.932667
            ],
            [
              75.850833,
              30.933033
            ],
            [
              75.851096,
              30.933452
            ],
            [
              75.851212,
              30.933616
            ],
            [
              75.851343,
              30.933966
            ],
            [
              75.85154,
              30.934364
            ],
            [
              75.851779,
              30.934936
            ],
            [
              75.851904,
              30.935264
            ],
            [
              75.852189,
              30.935783
            ],
            [
              75.852508,
              30.936452
            ],
            [
              75.852659,
              30.936413
            ]
          ]
        ]
      }
    },
    {
      "type": "Feature",
      "properties": {
        "ward_no": 87,
        "ward_name": "Ward 87",
        "zone": "A",
        "area_sq_km": 0.885,
        "centroid": [
          75.845738,
          30.933598
        ]
      },
      "geometry": {
        "type": "Polygon",
        "coordinates": [
          [
            [
              75.845523,
              30.936727
            ],
            [
              75.845931,
              30.936725
            ],
            [
              75.846408,
              30.936723
            ],
            [
              75.846817,
              30.936727
            ],
            [
              75.847202,
              30.936728
            ],
            [
              75.847469,
              30.936723
            ],
            [
              75.847855,
              30.936723
            ],
            [
              75.848473,
              30.936726
            ],
            [
              75.849283,
              30.936732
            ],
            [
              75.849667,
              30.936736
            ],
            [
              75.850209,
              30.936744
            ],
            [
              75.850738,
              30.936735
            ],
            [
              75.850901,
              30.936728
            ],
            [
              75.851207,
              30.936705
            ],
            [
              75.851716,
              30.936621
            ],
            [
              75.852384,
              30.936484
            ],
            [
              75.852508,
              30.936452
            ],
            [
              75.852189,
              30.935783
            ],
            [
              75.851904,
              30.935264
            ],
            [
              75.851779,
              30.934936
            ],
            [
              75.85154,
              30.934364
            ],
            [
              75.851343,
              30.933966
            ],
            [
              75.851212,
              30.933616
            ],
            [
              75.851096,
              30.933452
            ],
            [
              75.850833,
              30.933033
            ],
            [
              75.85062,
              30.932667
            ],
            [
              75.850414,
              30.932369
            ],
            [
              75.850083,
              30.931973
            ],
            [
              75.84986,
              30.931703
            ],
            [
              75.849697,
              30.931445
            ],
            [
              75.849621,
              30.931273
            ],
            [
              75.849549,
              30.931134
            ],
            [
              75.849478,
              30.931099
            ],
            [
              75.849453,
              30.930951
            ],
            [
              75.849429,
              30.930806
            ],
            [
              75.849489,
              30.930726
            ],
            [
              75.849706,
              30.930728
            ],
            [
              75.849709,
              30.93046
            ],
            [
              75.849858,
              30.930463
            ],
            [
              75.849872,
              30.930304
            ],
            [
              75.849879,
              30.930255
            ],
            [
              75.850012,
              30.930243
            ],
            [
              75.850031,
              30.930129
            ],
            [
              75.850292,
              30.930134
            ],
            [
              75.850295,
              30.929908
            ],
            [
              75.850586,
              30.929903
            ],
            [
              75.850641,
              30.929415
            ],
            [
              75.850588,
              30.929407
            ],
            [
              75.850127,
              30.929302
            ],
            [
              75.849707,
              30.92923
            ],
            [
              75.84896,
              30.92913
            ],
            [
              75.848365,
              30.929011
            ],
            [
              75.847531,
              30.928813
            ],
            [
              75.846758,
              30.92866
            ],
            [
              75.845495,
              30.928493
            ],
            [
              75.844965,
              30.928413
            ],
            [
              75.844492,
              30.92833
            ],
            [
              75.843919,
              30.928009
            ],
            [
              75.843836,
              30.928116
            ],
            [
              75.843356,
              30.928865
            ],
            [
              75.84279,
              30.929671
            ],
            [
              75.842672,
              30.929824
            ],
            [
              75.842272,
              30.930338
            ],
            [
              75.841796,
              30.930954
            ],
            [
              75.841501,
              30.931348
            ],
            [
              75.840827,
              30.932221
            ],
            [
              75.840398,
              30.932763
            ],
            [
              75.840075,
              30.93319
            ],
            [
              75.838981,
              30.9346
            ],
            [
              75.838639,
              30.935043
            ],
            [
              75.838343,
              30.935424
            ],
            [
              75.837893,
              30.936011
            ],
            [
              75.837398,
              30.936508
            ],
            [
              75.837042,
              30.93695
            ],
            [
              75.836715,
              30.937518
            ],
            [
              75.836808,
              30.937433
            ],
            [
              75.837106,
              30.937216
            ],
            [
              75.837323,
              30.937089
            ],
            [
              75.837521,
              30.936992
            ],
            [
              75.837709,
              30.936918
            ],
            [
              75.837894,
              30.936855
            ],
            [
              75.838063,
              30.936801
            ],
            [
              75.838384,
              30.936726
            ],
            [
              75.838597,
              30.936694
            ],
            [
              75.838752,
              30.936681
            ],
            [
              75.838915,
              30.936669
            ],
            [
              75.839069,
              30.936664
            ],
            [
              75.839604,
              30.936673
            ],
            [
              75.840236,
              30.936678
            ],
            [
              75.841406,
              30.936681
            ],
            [
              75.842,
              30.936678
            ],
            [
              75.842536,
              30.936688
            ],
            [
              75.843408,
              30.936699
            ],
            [
              75.844546,
              30.936719
            ],
            [
              75.84529,
              30.936728
            ],
            [
              75.845523,
              30.936727
            ]
          ]
        ]
      }
    },
    {
      "type": "Feature",
      "properties": {
        "ward_no": 17,
        "ward_name": "Ward 17",
        "zone": "A",
        "area_sq_km": 3.002,
        "centroid": [
          75.90691,
          30.924836
        ]
      },
      "geometry": {
        "type": "Polygon",
        "coordinates": [
          [
            [
              75.916031,
              30.920892
            ],
            [
              75.915954,
              30.920865
            ],
            [
              75.915544,
              30.920699
            ],
            [
              75.915115,
              30.920526
            ],
            [
              75.913602,
              30.919909
            ],
            [
              75.912035,
              30.919879
            ],
            [
              75.910956,
              30.919843
            ],
            [
              75.910258,
              30.919812
            ],
            [
              75.909696,
              30.919799
            ],
            [
              75.909055,
              30.919803
            ],
            [
              75.908485,
              30.919767
            ],
            [
              75.907927,
              30.919719
            ],
            [
              75.907348,
              30.919657
            ],
            [
              75.906434,
              30.919603
            ],
            [
              75.906288,
              30.919552
            ],
            [
              75.906194,
              30.919504
            ],
            [
              75.906053,
              30.919421
            ],
            [
              75.905991,
              30.919374
            ],
            [
              75.905925,
              30.919314
            ],
            [
              75.905771,
              30.919117
            ],
            [
              75.905582,
              30.918851
            ],
            [
              75.905399,
              30.918697
            ],
            [
              75.905137,
              30.918566
            ],
            [
              75.904929,
              30.918499
            ],
            [
              75.904353,
              30.918412
            ],
            [
              75.903865,
              30.918451
            ],
            [
              75.903615,
              30.918463
            ],
            [
              75.903417,
              30.918454
            ],
            [
              75.903236,
              30.91844
            ],
            [
              75.903025,
              30.918412
            ],
            [
              75.902723,
              30.918367
            ],
            [
              75.902401,
              30.918323
            ],
            [
              75.902131,
              30.91828
            ],
            [
              75.901662,
              30.918207
            ],
            [
              75.901158,
              30.918132
            ],
            [
              75.900447,
              30.917995
            ],
            [
              75.899839,
              30.917877
            ],
            [
              75.898762,
              30.917672
            ],
            [
              75.897471,
              30.917442
            ],
            [
              75.896773,
              30.917318
            ],
            [
              75.895732,
              30.917143
            ],
            [
              75.895138,
              30.917049
            ],
            [
              75.894713,
              30.916962
            ],
            [
              75.894584,
              30.916942
            ],
            [
              75.894477,
              30.918195
            ],
            [
              75.894432,
              30.918686
            ],
            [
              75.895925,
              30.918829
            ],
            [
              75.897327,
              30.918958
            ],
            [
              75.898896,
              30.919151
            ],
            [
              75.898843,
              30.919353
            ],
            [
              75.898447,
              30.919944
            ],
            [
              75.89818,
              30.920419
            ],
            [
              75.897537,
              30.921459
            ],
            [
              75.897037,
              30.922335
            ],
            [
              75.89671,
              30.922889
            ],
            [
              75.896487,
              30.923281
            ],
            [
              75.896058,
              30.924006
            ],
            [
              75.89554,
              30.924856
            ],
            [
              75.895157,
              30.925488
            ],
            [
              75.895049,
              30.925662
            ],
            [
              75.894975,
              30.925769
            ],
            [
              75.894959,
              30.925793
            ],
            [
              75.895185,
              30.925895
            ],
            [
              75.895271,
              30.925761
            ],
            [
              75.896363,
              30.925759
            ],
            [
              75.897074,
              30.925749
            ],
            [
              75.898031,
              30.925752
            ],
            [
              75.900681,
              30.925768
            ],
            [
              75.900664,
              30.926864
            ],
            [
              75.903994,
              30.926855
            ],
            [
              75.904409,
              30.927819
            ],
            [
              75.904441,
              30.927984
            ],
            [
              75.904474,
              30.928591
            ],
            [
              75.904396,
              30.928894
            ],
            [
              75.904237,
              30.929152
            ],
            [
              75.903979,
              30.929546
            ],
            [
              75.904047,
              30.929564
            ],
            [
              75.904336,
              30.929641
            ],
            [
              75.904455,
              30.929673
            ],
            [
              75.904541,
              30.929695
            ],
            [
              75.904625,
              30.929757
            ],
            [
              75.904759,
              30.93129
            ],
            [
              75.904958,
              30.931755
            ],
            [
              75.905224,
              30.931828
            ],
            [
              75.906866,
              30.933226
            ],
            [
              75.907028,
              30.933364
            ],
            [
              75.907931,
              30.934143
            ],
            [
              75.908133,
              30.934186
            ],
            [
              75.908666,
              30.934301
            ],
            [
              75.910184,
              30.934607
            ],
            [
              75.910328,
              30.934636
            ],
            [
              75.910724,
              30.934869
            ],
            [
              75.912611,
              30.934952
            ],
            [
              75.912597,
              30.935013
            ],
            [
              75.9126,
              30.935249
            ],
            [
              75.912617,
              30.937126
            ],
            [
              75.914078,
              30.936437
            ],
            [
              75.915298,
              30.935862
            ],
            [
              75.917774,
              30.93465
            ],
            [
              75.919845,
              30.933827
            ],
            [
              75.919881,
              30.933814
            ],
            [
              75.919917,
              30.933798
            ],
            [
              75.92001,
              30.933771
            ],
            [
              75.921823,
              30.933161
            ],
            [
              75.921901,
              30.932847
            ],
            [
              75.922489,
              30.930473
            ],
            [
              75.922581,
              30.930101
            ],
            [
              75.92262,
              30.929944
            ],
            [
              75.9221,
              30.929708
            ],
            [
              75.922314,
              30.929031
            ],
            [
              75.921898,
              30.928688
            ],
            [
              75.921274,
              30.928301
            ],
            [
              75.920994,
              30.928163
            ],
            [
              75.920386,
              30.927933
            ],
            [
              75.918909,
              30.927373
            ],
            [
              75.918861,
              30.927129
            ],
            [
              75.917661,
              30.926915
            ],
            [
              75.917501,
              30.926146
            ],
            [
              75.9175,
              30.926143
            ],
            [
              75.916444,
              30.922146
            ],
            [
              75.916341,
              30.921758
            ],
            [
              75.916259,
              30.921528
            ],
            [
              75.916031,
              30.920892
            ]
          ]
        ]
      }
    },
    {
      "type": "Feature",
      "properties": {
        "ward_no": 15,
        "ward_name": "Ward 15",
        "zone": "A",
        "area_sq_km": 0.565,
        "centroid": [
          75.896996,
          30.931041
        ]
      },
      "geometry": {
        "type": "Polygon",
        "coordinates": [
          [
            [
              75.903979,
              30.929546
            ],
            [
              75.904237,
              30.929152
            ],
            [
              75.904396,
              30.928894
            ],
            [
              75.904474,
              30.928591
            ],
            [
              75.904441,
              30.927984
            ],
            [
              75.904409,
              30.927819
            ],
            [
              75.903994,
              30.926855
            ],
            [
              75.900664,
              30.926864
            ],
            [
              75.900681,
              30.925768
            ],
            [
              75.898031,
              30.925752
            ],
            [
              75.897074,
              30.925749
            ],
            [
              75.896363,
              30.925759
            ],
            [
              75.895271,
              30.925761
            ],
            [
              75.895185,
              30.925895
            ],
            [
              75.895202,
              30.925903
            ],
            [
              75.89564,
              30.926084
            ],
            [
              75.896254,
              30.926335
            ],
            [
              75.89671,
              30.926544
            ],
            [
              75.897377,
              30.926807
            ],
            [
              75.897395,
              30.928615
            ],
            [
              75.897408,
              30.929878
            ],
            [
              75.897436,
              30.930813
            ],
            [
              75.898112,
              30.9308
            ],
            [
              75.898111,
              30.931025
            ],
            [
              75.896863,
              30.931029
            ],
            [
              75.895466,
              30.931035
            ],
            [
              75.895469,
              30.93196
            ],
            [
              75.89546,
              30.932462
            ],
            [
              75.894547,
              30.932478
            ],
            [
              75.893532,
              30.932473
            ],
            [
              75.892261,
              30.932482
            ],
            [
              75.892276,
              30.931707
            ],
            [
              75.891357,
              30.932603
            ],
            [
              75.890524,
              30.933425
            ],
            [
              75.890234,
              30.933679
            ],
            [
              75.889919,
              30.934131
            ],
            [
              75.889771,
              30.93439
            ],
            [
              75.889478,
              30.934999
            ],
            [
              75.889057,
              30.935808
            ],
            [
              75.891069,
              30.935775
            ],
            [
              75.891096,
              30.937374
            ],
            [
              75.891157,
              30.937346
            ],
            [
              75.891204,
              30.937323
            ],
            [
              75.891811,
              30.937036
            ],
            [
              75.892478,
              30.936656
            ],
            [
              75.893238,
              30.935662
            ],
            [
              75.894447,
              30.934439
            ],
            [
              75.894543,
              30.934338
            ],
            [
              75.895024,
              30.933999
            ],
            [
              75.896605,
              30.932844
            ],
            [
              75.896842,
              30.932672
            ],
            [
              75.897221,
              30.932574
            ],
            [
              75.897535,
              30.932486
            ],
            [
              75.898088,
              30.932329
            ],
            [
              75.898177,
              30.932305
            ],
            [
              75.898851,
              30.932241
            ],
            [
              75.899512,
              30.931866
            ],
            [
              75.899562,
              30.931771
            ],
            [
              75.899732,
              30.931358
            ],
            [
              75.900089,
              30.930964
            ],
            [
              75.900302,
              30.930857
            ],
            [
              75.901627,
              30.930115
            ],
            [
              75.901628,
              30.930029
            ],
            [
              75.901628,
              30.930028
            ],
            [
              75.902233,
              30.929816
            ],
            [
              75.903,
              30.929645
            ],
            [
              75.903975,
              30.929545
            ],
            [
              75.903979,
              30.929546
            ]
          ]
        ]
      }
    },
    {
      "type": "Feature",
      "properties": {
        "ward_no": 13,
        "ward_name": "Ward 13",
        "zone": "A",
        "area_sq_km": 0.865,
        "centroid": [
          75.890011,
          30.931233
        ]
      },
      "geometry": {
        "type": "Polygon",
        "coordinates": [
          [
            [
              75.891096,
              30.937374
            ],
            [
              75.891069,
              30.935775
            ],
            [
              75.889057,
              30.935808
            ],
            [
              75.889478,
              30.934999
            ],
            [
              75.889771,
              30.93439
            ],
            [
              75.889919,
              30.934131
            ],
            [
              75.890234,
              30.933679
            ],
            [
              75.890524,
              30.933425
            ],
            [
              75.891357,
              30.932603
            ],
            [
              75.892276,
              30.931707
            ],
            [
              75.892261,
              30.932482
            ],
            [
              75.893532,
              30.932473
            ],
            [
              75.894547,
              30.932478
            ],
            [
              75.89546,
              30.932462
            ],
            [
              75.895469,
              30.93196
            ],
            [
              75.895466,
              30.931035
            ],
            [
              75.896863,
              30.931029
            ],
            [
              75.898111,
              30.931025
            ],
            [
              75.898112,
              30.9308
            ],
            [
              75.897436,
              30.930813
            ],
            [
              75.897408,
              30.929878
            ],
            [
              75.897395,
              30.928615
            ],
            [
              75.897377,
              30.926807
            ],
            [
              75.89671,
              30.926544
            ],
            [
              75.896254,
              30.926335
            ],
            [
              75.89564,
              30.926084
            ],
            [
              75.895202,
              30.925903
            ],
            [
              75.895185,
              30.925895
            ],
            [
              75.894959,
              30.925793
            ],
            [
              75.894914,
              30.925857
            ],
            [
              75.894739,
              30.926149
            ],
            [
              75.894548,
              30.926455
            ],
            [
              75.894437,
              30.926648
            ],
            [
              75.894285,
              30.92689
            ],
            [
              75.894018,
              30.927373
            ],
            [
              75.89376,
              30.927782
            ],
            [
              75.893479,
              30.928279
            ],
            [
              75.893242,
              30.928649
            ],
            [
              75.892924,
              30.929189
            ],
            [
              75.892614,
              30.929675
            ],
            [
              75.892454,
              30.929921
            ],
            [
              75.892209,
              30.929903
            ],
            [
              75.891094,
              30.929889
            ],
            [
              75.890107,
              30.929864
            ],
            [
              75.89004,
              30.929853
            ],
            [
              75.889454,
              30.929655
            ],
            [
              75.88909,
              30.929535
            ],
            [
              75.888595,
              30.929349
            ],
            [
              75.88823,
              30.929222
            ],
            [
              75.887893,
              30.9291
            ],
            [
              75.887538,
              30.928921
            ],
            [
              75.887211,
              30.928769
            ],
            [
              75.886794,
              30.928579
            ],
            [
              75.886583,
              30.928479
            ],
            [
              75.886304,
              30.928346
            ],
            [
              75.886009,
              30.928243
            ],
            [
              75.885836,
              30.928194
            ],
            [
              75.885591,
              30.928112
            ],
            [
              75.885362,
              30.928035
            ],
            [
              75.885328,
              30.928024
            ],
            [
              75.885241,
              30.928322
            ],
            [
              75.885176,
              30.928633
            ],
            [
              75.884985,
              30.929531
            ],
            [
              75.884814,
              30.930133
            ],
            [
              75.884586,
              30.929959
            ],
            [
              75.883869,
              30.930186
            ],
            [
              75.883279,
              30.930362
            ],
            [
              75.882918,
              30.930517
            ],
            [
              75.883254,
              30.931018
            ],
            [
              75.883759,
              30.931694
            ],
            [
              75.884158,
              30.932252
            ],
            [
              75.884067,
              30.932411
            ],
            [
              75.884187,
              30.933774
            ],
            [
              75.884212,
              30.934146
            ],
            [
              75.8842,
              30.935063
            ],
            [
              75.884192,
              30.935186
            ],
            [
              75.884051,
              30.935187
            ],
            [
              75.883963,
              30.93589
            ],
            [
              75.885064,
              30.936777
            ],
            [
              75.88518,
              30.93683
            ],
            [
              75.887204,
              30.937301
            ],
            [
              75.88794,
              30.937576
            ],
            [
              75.888306,
              30.937732
            ],
            [
              75.889055,
              30.93798
            ],
            [
              75.889658,
              30.938118
            ],
            [
              75.889669,
              30.938121
            ],
            [
              75.889672,
              30.93807
            ],
            [
              75.889832,
              30.937991
            ],
            [
              75.890581,
              30.937618
            ],
            [
              75.891096,
              30.937374
            ]
          ]
        ]
      }
    },
    {
      "type": "Feature",
      "properties": {
        "ward_no": 94,
        "ward_name": "Ward 94",
        "zone": "A",
        "area_sq_km": 0.763,
        "centroid": [
          75.835613,
          30.934844
        ]
      },
      "geometry": {
        "type": "Polygon",
        "coordinates": [
          [
            [
              75.836715,
              30.937518
            ],
            [
              75.837042,
              30.93695
            ],
            [
              75.837398,
              30.936508
            ],
            [
              75.837893,
              30.936011
            ],
            [
              75.838343,
              30.935424
            ],
            [
              75.838639,
              30.935043
            ],
            [
              75.838981,
              30.9346
            ],
            [
              75.840075,
              30.93319
            ],
            [
              75.840398,
              30.932763
            ],
            [
              75.840827,
              30.932221
            ],
            [
              75.841501,
              30.931348
            ],
            [
              75.841796,
              30.930954
            ],
            [
              75.842272,
              30.930338
            ],
            [
              75.842672,
              30.929824
            ],
            [
              75.84211,
              30.929652
            ],
            [
              75.841797,
              30.929555
            ],
            [
              75.840866,
              30.929288
            ],
            [
              75.840744,
              30.92954
            ],
            [
              75.839562,
              30.92953
            ],
            [
              75.838319,
              30.929541
            ],
            [
              75.837786,
              30.92963
            ],
            [
              75.837337,
              30.92975
            ],
            [
              75.837062,
              30.929855
            ],
            [
              75.836917,
              30.929562
            ],
            [
              75.836461,
              30.928682
            ],
            [
              75.83447,
              30.93072
            ],
            [
              75.833415,
              30.93176
            ],
            [
              75.832094,
              30.933089
            ],
            [
              75.830779,
              30.934364
            ],
            [
              75.829708,
              30.93542
            ],
            [
              75.829273,
              30.935857
            ],
            [
              75.829645,
              30.936469
            ],
            [
              75.830026,
              30.936308
            ],
            [
              75.830117,
              30.936492
            ],
            [
              75.830131,
              30.936699
            ],
            [
              75.830174,
              30.937245
            ],
            [
              75.830275,
              30.937332
            ],
            [
              75.830426,
              30.937218
            ],
            [
              75.830677,
              30.937478
            ],
            [
              75.830493,
              30.937669
            ],
            [
              75.830961,
              30.938054
            ],
            [
              75.831588,
              30.938614
            ],
            [
              75.832333,
              30.939233
            ],
            [
              75.832785,
              30.938812
            ],
            [
              75.833211,
              30.939212
            ],
            [
              75.833734,
              30.939843
            ],
            [
              75.834029,
              30.940178
            ],
            [
              75.834326,
              30.940525
            ],
            [
              75.834629,
              30.940142
            ],
            [
              75.835094,
              30.939536
            ],
            [
              75.835467,
              30.939046
            ],
            [
              75.835763,
              30.938664
            ],
            [
              75.836247,
              30.938041
            ],
            [
              75.836622,
              30.937603
            ],
            [
              75.836715,
              30.937518
            ]
          ]
        ]
      }
    },
    {
      "type": "Feature",
      "properties": {
        "ward_no": 93,
        "ward_name": "Ward 93",
        "zone": "A",
        "area_sq_km": 1.812,
        "centroid": [
          75.823035,
          30.933424
        ]
      },
      "geometry": {
        "type": "Polygon",
        "coordinates": [
          [
            [
              75.829273,
              30.935857
            ],
            [
              75.829708,
              30.93542
            ],
            [
              75.830779,
              30.934364
            ],
            [
              75.832094,
              30.933089
            ],
            [
              75.833415,
              30.93176
            ],
            [
              75.83447,
              30.93072
            ],
            [
              75.836461,
              30.928682
            ],
            [
              75.83689,
              30.928243
            ],
            [
              75.837505,
              30.927648
            ],
            [
              75.837383,
              30.92758
            ],
            [
              75.837162,
              30.927473
            ],
            [
              75.836932,
              30.92737
            ],
            [
              75.83677,
              30.927284
            ],
            [
              75.836756,
              30.927298
            ],
            [
              75.836325,
              30.927759
            ],
            [
              75.835921,
              30.92817
            ],
            [
              75.835421,
              30.928683
            ],
            [
              75.834962,
              30.929139
            ],
            [
              75.83471,
              30.929367
            ],
            [
              75.834174,
              30.929861
            ],
            [
              75.833549,
              30.930517
            ],
            [
              75.832949,
              30.931142
            ],
            [
              75.832443,
              30.931695
            ],
            [
              75.832364,
              30.931752
            ],
            [
              75.832061,
              30.931904
            ],
            [
              75.830942,
              30.932335
            ],
            [
              75.830212,
              30.932566
            ],
            [
              75.829742,
              30.932323
            ],
            [
              75.828646,
              30.931743
            ],
            [
              75.828647,
              30.9317
            ],
            [
              75.828469,
              30.931693
            ],
            [
              75.828438,
              30.932691
            ],
            [
              75.827743,
              30.93271
            ],
            [
              75.827746,
              30.932822
            ],
            [
              75.827327,
              30.932824
            ],
            [
              75.826763,
              30.9328
            ],
            [
              75.826075,
              30.932828
            ],
            [
              75.825414,
              30.932757
            ],
            [
              75.824481,
              30.93265
            ],
            [
              75.823941,
              30.932657
            ],
            [
              75.822897,
              30.932675
            ],
            [
              75.822537,
              30.932352
            ],
            [
              75.822216,
              30.932055
            ],
            [
              75.822208,
              30.931881
            ],
            [
              75.822216,
              30.931504
            ],
            [
              75.822235,
              30.930924
            ],
            [
              75.82224,
              30.930555
            ],
            [
              75.822244,
              30.930278
            ],
            [
              75.82187,
              30.930448
            ],
            [
              75.821303,
              30.93071
            ],
            [
              75.82079,
              30.930961
            ],
            [
              75.82031,
              30.93119
            ],
            [
              75.819982,
              30.931348
            ],
            [
              75.81998,
              30.931015
            ],
            [
              75.819977,
              30.930693
            ],
            [
              75.819973,
              30.930296
            ],
            [
              75.819969,
              30.929969
            ],
            [
              75.819965,
              30.929601
            ],
            [
              75.819948,
              30.928983
            ],
            [
              75.819954,
              30.92848
            ],
            [
              75.819034,
              30.92848
            ],
            [
              75.81777,
              30.92849
            ],
            [
              75.816668,
              30.928497
            ],
            [
              75.816662,
              30.928725
            ],
            [
              75.816646,
              30.929474
            ],
            [
              75.816647,
              30.929582
            ],
            [
              75.815659,
              30.929585
            ],
            [
              75.814287,
              30.929593
            ],
            [
              75.813857,
              30.929591
            ],
            [
              75.813869,
              30.930264
            ],
            [
              75.812792,
              30.930272
            ],
            [
              75.812785,
              30.931248
            ],
            [
              75.812662,
              30.931245
            ],
            [
              75.812651,
              30.932104
            ],
            [
              75.812696,
              30.932108
            ],
            [
              75.812688,
              30.933093
            ],
            [
              75.812669,
              30.933781
            ],
            [
              75.812683,
              30.934308
            ],
            [
              75.812702,
              30.934808
            ],
            [
              75.812621,
              30.93485
            ],
            [
              75.812476,
              30.934932
            ],
            [
              75.812362,
              30.934977
            ],
            [
              75.812275,
              30.935015
            ],
            [
              75.812141,
              30.935068
            ],
            [
              75.811888,
              30.935189
            ],
            [
              75.811582,
              30.935322
            ],
            [
              75.812062,
              30.935827
            ],
            [
              75.812441,
              30.936227
            ],
            [
              75.81443,
              30.93828
            ],
            [
              75.816178,
              30.940183
            ],
            [
              75.816432,
              30.940459
            ],
            [
              75.816558,
              30.940596
            ],
            [
              75.816719,
              30.940772
            ],
            [
              75.816813,
              30.940887
            ],
            [
              75.81736,
              30.941511
            ],
            [
              75.81745,
              30.942463
            ],
            [
              75.817494,
              30.942442
            ],
            [
              75.817885,
              30.942261
            ],
            [
              75.817954,
              30.942266
            ],
            [
              75.819945,
              30.944213
            ],
            [
              75.820097,
              30.944397
            ],
            [
              75.820401,
              30.944589
            ],
            [
              75.8206,
              30.944396
            ],
            [
              75.821124,
              30.943887
            ],
            [
              75.822457,
              30.9426
            ],
            [
              75.823653,
              30.941411
            ],
            [
              75.824893,
              30.940191
            ],
            [
              75.825678,
              30.939394
            ],
            [
              75.826822,
              30.938288
            ],
            [
              75.827722,
              30.9374
            ],
            [
              75.828798,
              30.936335
            ],
            [
              75.829273,
              30.935857
            ]
          ]
        ]
      }
    },
    {
      "type": "Feature",
      "properties": {
        "ward_no": 3,
        "ward_name": "Ward 3",
        "zone": "A",
        "area_sq_km": 0.511,
        "centroid": [
          75.856335,
          30.941305
        ]
      },
      "geometry": {
        "type": "Polygon",
        "coordinates": [
          [
            [
              75.858907,
              30.945202
            ],
            [
              75.858906,
              30.945152
            ],
            [
              75.858912,
              30.945016
            ],
            [
              75.859542,
              30.944996
            ],
            [
              75.860092,
              30.944971
            ],
            [
              75.860077,
              30.944215
            ],
            [
              75.860066,
              30.943175
            ],
            [
              75.859183,
              30.943201
            ],
            [
              75.858775,
              30.941912
            ],
            [
              75.858434,
              30.942255
            ],
            [
              75.85813,
              30.941366
            ],
            [
              75.858001,
              30.940913
            ],
            [
              75.858255,
              30.940728
            ],
            [
              75.858738,
              30.940391
            ],
            [
              75.859237,
              30.940014
            ],
            [
              75.859634,
              30.939705
            ],
            [
              75.860088,
              30.939307
            ],
            [
              75.859734,
              30.939046
            ],
            [
              75.860225,
              30.938599
            ],
            [
              75.859862,
              30.93831
            ],
            [
              75.859397,
              30.93796
            ],
            [
              75.85874,
              30.937465
            ],
            [
              75.858394,
              30.937202
            ],
            [
              75.857811,
              30.936773
            ],
            [
              75.857506,
              30.936615
            ],
            [
              75.857428,
              30.936147
            ],
            [
              75.857252,
              30.935274
            ],
            [
              75.856847,
              30.935372
            ],
            [
              75.856467,
              30.935469
            ],
            [
              75.856022,
              30.935587
            ],
            [
              75.855685,
              30.935668
            ],
            [
              75.855277,
              30.935765
            ],
            [
              75.854957,
              30.935843
            ],
            [
              75.854535,
              30.935951
            ],
            [
              75.853796,
              30.936128
            ],
            [
              75.853505,
              30.936199
            ],
            [
              75.852901,
              30.93635
            ],
            [
              75.852659,
              30.936413
            ],
            [
              75.852867,
              30.936847
            ],
            [
              75.853169,
              30.937409
            ],
            [
              75.853389,
              30.937874
            ],
            [
              75.853482,
              30.938144
            ],
            [
              75.853647,
              30.938622
            ],
            [
              75.853875,
              30.939146
            ],
            [
              75.854119,
              30.939763
            ],
            [
              75.854202,
              30.939992
            ],
            [
              75.854482,
              30.940424
            ],
            [
              75.854813,
              30.940855
            ],
            [
              75.85512,
              30.941216
            ],
            [
              75.855385,
              30.941453
            ],
            [
              75.855661,
              30.941687
            ],
            [
              75.856136,
              30.942108
            ],
            [
              75.855994,
              30.942328
            ],
            [
              75.855839,
              30.942569
            ],
            [
              75.855651,
              30.942825
            ],
            [
              75.855488,
              30.943128
            ],
            [
              75.855394,
              30.943269
            ],
            [
              75.855176,
              30.943569
            ],
            [
              75.854935,
              30.9439
            ],
            [
              75.854759,
              30.944119
            ],
            [
              75.854469,
              30.944531
            ],
            [
              75.85424,
              30.944804
            ],
            [
              75.853799,
              30.94533
            ],
            [
              75.85319,
              30.946112
            ],
            [
              75.85353,
              30.94636
            ],
            [
              75.853709,
              30.946482
            ],
            [
              75.853881,
              30.946592
            ],
            [
              75.854089,
              30.946723
            ],
            [
              75.85431,
              30.946838
            ],
            [
              75.854934,
              30.946812
            ],
            [
              75.855656,
              30.946793
            ],
            [
              75.856108,
              30.946798
            ],
            [
              75.856089,
              30.945928
            ],
            [
              75.856085,
              30.945163
            ],
            [
              75.856807,
              30.945146
            ],
            [
              75.857343,
              30.945186
            ],
            [
              75.857705,
              30.945207
            ],
            [
              75.85802,
              30.945226
            ],
            [
              75.858907,
              30.945202
            ]
          ]
        ]
      }
    },
    {
      "type": "Feature",
      "properties": {
        "ward_no": 7,
        "ward_name": "Ward 7",
        "zone": "A",
        "area_sq_km": 1.317,
        "centroid": [
          75.88098,
          30.936517
        ]
      },
      "geometry": {
        "type": "Polygon",
        "coordinates": [
          [
            [
              75.889669,
              30.938121
            ],
            [
              75.889658,
              30.938118
            ],
            [
              75.889055,
              30.93798
            ],
            [
              75.888306,
              30.937732
            ],
            [
              75.88794,
              30.937576
            ],
            [
              75.887204,
              30.937301
            ],
            [
              75.88518,
              30.93683
            ],
            [
              75.885064,
              30.936777
            ],
            [
              75.883963,
              30.93589
            ],
            [
              75.884051,
              30.935187
            ],
            [
              75.884192,
              30.935186
            ],
            [
              75.8842,
              30.935063
            ],
            [
              75.884212,
              30.934146
            ],
            [
              75.884187,
              30.933774
            ],
            [
              75.884067,
              30.932411
            ],
            [
              75.884158,
              30.932252
            ],
            [
              75.883759,
              30.931694
            ],
            [
              75.883254,
              30.931018
            ],
            [
              75.882918,
              30.930517
            ],
            [
              75.882405,
              30.930738
            ],
            [
              75.88206,
              30.930913
            ],
            [
              75.881759,
              30.931099
            ],
            [
              75.881181,
              30.931454
            ],
            [
              75.880284,
              30.932017
            ],
            [
              75.880399,
              30.932156
            ],
            [
              75.880897,
              30.932623
            ],
            [
              75.879932,
              30.932443
            ],
            [
              75.879421,
              30.932355
            ],
            [
              75.878685,
              30.932216
            ],
            [
              75.878214,
              30.932116
            ],
            [
              75.877729,
              30.932018
            ],
            [
              75.877394,
              30.932002
            ],
            [
              75.8772,
              30.931968
            ],
            [
              75.876696,
              30.931725
            ],
            [
              75.876131,
              30.931477
            ],
            [
              75.875755,
              30.931291
            ],
            [
              75.875208,
              30.930936
            ],
            [
              75.874788,
              30.930733
            ],
            [
              75.874683,
              30.930704
            ],
            [
              75.874544,
              30.93068
            ],
            [
              75.874326,
              30.930626
            ],
            [
              75.874174,
              30.930563
            ],
            [
              75.874112,
              30.930539
            ],
            [
              75.873964,
              30.930482
            ],
            [
              75.873472,
              30.930267
            ],
            [
              75.872599,
              30.929908
            ],
            [
              75.871987,
              30.929653
            ],
            [
              75.871684,
              30.929521
            ],
            [
              75.87158,
              30.929684
            ],
            [
              75.871443,
              30.929886
            ],
            [
              75.871304,
              30.930057
            ],
            [
              75.871142,
              30.930251
            ],
            [
              75.870911,
              30.930504
            ],
            [
              75.870695,
              30.930728
            ],
            [
              75.870514,
              30.930903
            ],
            [
              75.870388,
              30.931021
            ],
            [
              75.870699,
              30.931266
            ],
            [
              75.871335,
              30.931885
            ],
            [
              75.872392,
              30.932975
            ],
            [
              75.872798,
              30.933393
            ],
            [
              75.873044,
              30.933616
            ],
            [
              75.873249,
              30.933771
            ],
            [
              75.873441,
              30.933913
            ],
            [
              75.873711,
              30.934113
            ],
            [
              75.873979,
              30.934323
            ],
            [
              75.874307,
              30.934571
            ],
            [
              75.874769,
              30.934916
            ],
            [
              75.875313,
              30.935288
            ],
            [
              75.875659,
              30.935533
            ],
            [
              75.875957,
              30.935746
            ],
            [
              75.876613,
              30.93627
            ],
            [
              75.877005,
              30.936639
            ],
            [
              75.877387,
              30.937028
            ],
            [
              75.877769,
              30.937427
            ],
            [
              75.878,
              30.937661
            ],
            [
              75.878294,
              30.937959
            ],
            [
              75.878502,
              30.938169
            ],
            [
              75.878792,
              30.938499
            ],
            [
              75.879177,
              30.938797
            ],
            [
              75.879398,
              30.938961
            ],
            [
              75.87966,
              30.939154
            ],
            [
              75.880072,
              30.939403
            ],
            [
              75.88076,
              30.939856
            ],
            [
              75.881174,
              30.940134
            ],
            [
              75.881788,
              30.940531
            ],
            [
              75.882014,
              30.940682
            ],
            [
              75.882231,
              30.94081
            ],
            [
              75.882975,
              30.941284
            ],
            [
              75.883469,
              30.941617
            ],
            [
              75.884059,
              30.942008
            ],
            [
              75.885045,
              30.942675
            ],
            [
              75.885761,
              30.943142
            ],
            [
              75.886836,
              30.943902
            ],
            [
              75.887477,
              30.944335
            ],
            [
              75.888539,
              30.945085
            ],
            [
              75.889109,
              30.945601
            ],
            [
              75.889995,
              30.946378
            ],
            [
              75.890191,
              30.946564
            ],
            [
              75.890564,
              30.946798
            ],
            [
              75.891128,
              30.947083
            ],
            [
              75.8914,
              30.947243
            ],
            [
              75.891502,
              30.947295
            ],
            [
              75.891537,
              30.947314
            ],
            [
              75.891584,
              30.947301
            ],
            [
              75.891636,
              30.947286
            ],
            [
              75.891664,
              30.947278
            ],
            [
              75.891822,
              30.947235
            ],
            [
              75.892937,
              30.946663
            ],
            [
              75.891109,
              30.944152
            ],
            [
              75.891102,
              30.944143
            ],
            [
              75.890127,
              30.942135
            ],
            [
              75.889834,
              30.941531
            ],
            [
              75.889543,
              30.941013
            ],
            [
              75.889519,
              30.940971
            ],
            [
              75.889533,
              30.940701
            ],
            [
              75.889669,
              30.938121
            ]
          ]
        ]
      }
    },
    {
      "type": "Feature",
      "properties": {
        "ward_no": 4,
        "ward_name": "Ward 4",
        "zone": "A",
        "area_sq_km": 0.776,
        "centroid": [
          75.861189,
          30.94046
        ]
      },
      "geometry": {
        "type": "Polygon",
        "coordinates": [
          [
            [
              75.860483,
              30.934459
            ],
            [
              75.859781,
              30.934644
            ],
            [
              75.859317,
              30.934761
            ],
            [
              75.858737,
              30.934905
            ],
            [
              75.858432,
              30.93498
            ],
            [
              75.857887,
              30.935114
            ],
            [
              75.857338,
              30.935253
            ],
            [
              75.857298,
              30.935263
            ],
            [
              75.857252,
              30.935274
            ],
            [
              75.857428,
              30.936147
            ],
            [
              75.857506,
              30.936615
            ],
            [
              75.857811,
              30.936773
            ],
            [
              75.858394,
              30.937202
            ],
            [
              75.85874,
              30.937465
            ],
            [
              75.859397,
              30.93796
            ],
            [
              75.859862,
              30.93831
            ],
            [
              75.860225,
              30.938599
            ],
            [
              75.859734,
              30.939046
            ],
            [
              75.860088,
              30.939307
            ],
            [
              75.859634,
              30.939705
            ],
            [
              75.859237,
              30.940014
            ],
            [
              75.858738,
              30.940391
            ],
            [
              75.858255,
              30.940728
            ],
            [
              75.858001,
              30.940913
            ],
            [
              75.85813,
              30.941366
            ],
            [
              75.858434,
              30.942255
            ],
            [
              75.858775,
              30.941912
            ],
            [
              75.859183,
              30.943201
            ],
            [
              75.860066,
              30.943175
            ],
            [
              75.860077,
              30.944215
            ],
            [
              75.860092,
              30.944971
            ],
            [
              75.859542,
              30.944996
            ],
            [
              75.858912,
              30.945016
            ],
            [
              75.858906,
              30.945152
            ],
            [
              75.858907,
              30.945202
            ],
            [
              75.858928,
              30.946189
            ],
            [
              75.858941,
              30.946926
            ],
            [
              75.858942,
              30.948126
            ],
            [
              75.862733,
              30.948142
            ],
            [
              75.86801,
              30.948263
            ],
            [
              75.867793,
              30.947797
            ],
            [
              75.867371,
              30.946808
            ],
            [
              75.866911,
              30.94588
            ],
            [
              75.866508,
              30.945104
            ],
            [
              75.866283,
              30.944664
            ],
            [
              75.866045,
              30.944075
            ],
            [
              75.865872,
              30.943636
            ],
            [
              75.865657,
              30.943095
            ],
            [
              75.865542,
              30.942784
            ],
            [
              75.865456,
              30.942642
            ],
            [
              75.865116,
              30.942214
            ],
            [
              75.864596,
              30.941614
            ],
            [
              75.864351,
              30.941278
            ],
            [
              75.864157,
              30.94085
            ],
            [
              75.864002,
              30.940395
            ],
            [
              75.863894,
              30.940207
            ],
            [
              75.863673,
              30.939946
            ],
            [
              75.863336,
              30.939593
            ],
            [
              75.862822,
              30.939013
            ],
            [
              75.862522,
              30.938698
            ],
            [
              75.862289,
              30.938395
            ],
            [
              75.862034,
              30.937992
            ],
            [
              75.861748,
              30.937471
            ],
            [
              75.861423,
              30.936831
            ],
            [
              75.861189,
              30.936362
            ],
            [
              75.861107,
              30.936153
            ],
            [
              75.860905,
              30.93563
            ],
            [
              75.860789,
              30.935217
            ],
            [
              75.860483,
              30.934459
            ]
          ]
        ]
      }
    },
    {
      "type": "Feature",
      "properties": {
        "ward_no": 5,
        "ward_name": "Ward 5",
        "zone": "A",
        "area_sq_km": 0.993,
        "centroid": [
          75.868543,
          30.941732
        ]
      },
      "geometry": {
        "type": "Polygon",
        "coordinates": [
          [
            [
              75.878746,
              30.950117
            ],
            [
              75.878653,
              30.949985
            ],
            [
              75.878297,
              30.949539
            ],
            [
              75.877563,
              30.948791
            ],
            [
              75.877086,
              30.948287
            ],
            [
              75.876777,
              30.947928
            ],
            [
              75.876513,
              30.947613
            ],
            [
              75.87624,
              30.947302
            ],
            [
              75.876016,
              30.947106
            ],
            [
              75.875703,
              30.946841
            ],
            [
              75.875517,
              30.9467
            ],
            [
              75.874997,
              30.946273
            ],
            [
              75.874382,
              30.945652
            ],
            [
              75.873952,
              30.945223
            ],
            [
              75.873619,
              30.944823
            ],
            [
              75.873231,
              30.944334
            ],
            [
              75.872575,
              30.943647
            ],
            [
              75.872152,
              30.943206
            ],
            [
              75.871558,
              30.942584
            ],
            [
              75.871216,
              30.94221
            ],
            [
              75.870844,
              30.941855
            ],
            [
              75.870586,
              30.941539
            ],
            [
              75.870362,
              30.941209
            ],
            [
              75.870234,
              30.940991
            ],
            [
              75.87001,
              30.940536
            ],
            [
              75.86968,
              30.940176
            ],
            [
              75.869373,
              30.939951
            ],
            [
              75.869074,
              30.939716
            ],
            [
              75.868834,
              30.939489
            ],
            [
              75.868361,
              30.93906
            ],
            [
              75.867958,
              30.938721
            ],
            [
              75.867788,
              30.938528
            ],
            [
              75.867453,
              30.938131
            ],
            [
              75.866986,
              30.937574
            ],
            [
              75.866732,
              30.93727
            ],
            [
              75.866504,
              30.936985
            ],
            [
              75.866296,
              30.936731
            ],
            [
              75.866015,
              30.936348
            ],
            [
              75.86579,
              30.935988
            ],
            [
              75.865293,
              30.935087
            ],
            [
              75.8651,
              30.934556
            ],
            [
              75.864945,
              30.934237
            ],
            [
              75.864499,
              30.933458
            ],
            [
              75.864387,
              30.933487
            ],
            [
              75.863798,
              30.933643
            ],
            [
              75.863421,
              30.933736
            ],
            [
              75.863239,
              30.933775
            ],
            [
              75.862681,
              30.933912
            ],
            [
              75.862188,
              30.934032
            ],
            [
              75.861156,
              30.934289
            ],
            [
              75.860493,
              30.934456
            ],
            [
              75.860483,
              30.934459
            ],
            [
              75.860789,
              30.935217
            ],
            [
              75.860905,
              30.93563
            ],
            [
              75.861107,
              30.936153
            ],
            [
              75.861189,
              30.936362
            ],
            [
              75.861423,
              30.936831
            ],
            [
              75.861748,
              30.937471
            ],
            [
              75.862034,
              30.937992
            ],
            [
              75.862289,
              30.938395
            ],
            [
              75.862522,
              30.938698
            ],
            [
              75.862822,
              30.939013
            ],
            [
              75.863336,
              30.939593
            ],
            [
              75.863673,
              30.939946
            ],
            [
              75.863894,
              30.940207
            ],
            [
              75.864002,
              30.940395
            ],
            [
              75.864157,
              30.94085
            ],
            [
              75.864351,
              30.941278
            ],
            [
              75.864596,
              30.941614
            ],
            [
              75.865116,
              30.942214
            ],
            [
              75.865456,
              30.942642
            ],
            [
              75.865542,
              30.942784
            ],
            [
              75.865657,
              30.943095
            ],
            [
              75.865872,
              30.943636
            ],
            [
              75.866045,
              30.944075
            ],
            [
              75.866283,
              30.944664
            ],
            [
              75.866508,
              30.945104
            ],
            [
              75.866911,
              30.94588
            ],
            [
              75.867371,
              30.946808
            ],
            [
              75.867793,
              30.947797
            ],
            [
              75.86801,
              30.948263
            ],
            [
              75.868069,
              30.948264
            ],
            [
              75.871997,
              30.948383
            ],
            [
              75.872343,
              30.948377
            ],
            [
              75.87523,
              30.948327
            ],
            [
              75.875397,
              30.948533
            ],
            [
              75.876307,
              30.949658
            ],
            [
              75.87692,
              30.950418
            ],
            [
              75.877077,
              30.950612
            ],
            [
              75.878545,
              30.950189
            ],
            [
              75.878746,
              30.950117
            ]
          ]
        ]
      }
    },
    {
      "type": "Feature",
      "properties": {
        "ward_no": 6,
        "ward_name": "Ward 6",
        "zone": "A",
        "area_sq_km": 2.138,
        "centroid": [
          75.875564,
          30.940176
        ]
      },
      "geometry": {
        "type": "Polygon",
        "coordinates": [
          [
            [
              75.891537,
              30.947314
            ],
            [
              75.891502,
              30.947295
            ],
            [
              75.8914,
              30.947243
            ],
            [
              75.891128,
              30.947083
            ],
            [
              75.890564,
              30.946798
            ],
            [
              75.890191,
              30.946564
            ],
            [
              75.889995,
              30.946378
            ],
            [
              75.889109,
              30.945601
            ],
            [
              75.888539,
              30.945085
            ],
            [
              75.887477,
              30.944335
            ],
            [
              75.886836,
              30.943902
            ],
            [
              75.885761,
              30.943142
            ],
            [
              75.885045,
              30.942675
            ],
            [
              75.884059,
              30.942008
            ],
            [
              75.883469,
              30.941617
            ],
            [
              75.882975,
              30.941284
            ],
            [
              75.882231,
              30.94081
            ],
            [
              75.882014,
              30.940682
            ],
            [
              75.881788,
              30.940531
            ],
            [
              75.881174,
              30.940134
            ],
            [
              75.88076,
              30.939856
            ],
            [
              75.880072,
              30.939403
            ],
            [
              75.87966,
              30.939154
            ],
            [
              75.879398,
              30.938961
            ],
            [
              75.879177,
              30.938797
            ],
            [
              75.878792,
              30.938499
            ],
            [
              75.878502,
              30.938169
            ],
            [
              75.878294,
              30.937959
            ],
            [
              75.878,
              30.937661
            ],
            [
              75.877769,
              30.937427
            ],
            [
              75.877387,
              30.937028
            ],
            [
              75.877005,
              30.936639
            ],
            [
              75.876613,
              30.93627
            ],
            [
              75.875957,
              30.935746
            ],
            [
              75.875659,
              30.935533
            ],
            [
              75.875313,
              30.935288
            ],
            [
              75.874769,
              30.934916
            ],
            [
              75.874307,
              30.934571
            ],
            [
              75.873979,
              30.934323
            ],
            [
              75.873711,
              30.934113
            ],
            [
              75.873441,
              30.933913
            ],
            [
              75.873249,
              30.933771
            ],
            [
              75.873044,
              30.933616
            ],
            [
              75.872798,
              30.933393
            ],
            [
              75.872392,
              30.932975
            ],
            [
              75.871335,
              30.931885
            ],
            [
              75.870699,
              30.931266
            ],
            [
              75.870388,
              30.931021
            ],
            [
              75.870343,
              30.931064
            ],
            [
              75.870317,
              30.931089
            ],
            [
              75.870141,
              30.93123
            ],
            [
              75.869876,
              30.931448
            ],
            [
              75.869467,
              30.931734
            ],
            [
              75.869118,
              30.931945
            ],
            [
              75.868574,
              30.932239
            ],
            [
              75.868105,
              30.932451
            ],
            [
              75.867588,
              30.932642
            ],
            [
              75.867097,
              30.932811
            ],
            [
              75.866884,
              30.932873
            ],
            [
              75.866677,
              30.932932
            ],
            [
              75.866236,
              30.933028
            ],
            [
              75.865586,
              30.933185
            ],
            [
              75.865141,
              30.933287
            ],
            [
              75.864631,
              30.933424
            ],
            [
              75.864499,
              30.933458
            ],
            [
              75.864945,
              30.934237
            ],
            [
              75.8651,
              30.934556
            ],
            [
              75.865293,
              30.935087
            ],
            [
              75.86579,
              30.935988
            ],
            [
              75.866015,
              30.936348
            ],
            [
              75.866296,
              30.936731
            ],
            [
              75.866504,
              30.936985
            ],
            [
              75.866732,
              30.93727
            ],
            [
              75.866986,
              30.937574
            ],
            [
              75.867453,
              30.938131
            ],
            [
              75.867788,
              30.938528
            ],
            [
              75.867958,
              30.938721
            ],
            [
              75.868361,
              30.93906
            ],
            [
              75.868834,
              30.939489
            ],
            [
              75.869074,
              30.939716
            ],
            [
              75.869373,
              30.939951
            ],
            [
              75.86968,
              30.940176
            ],
            [
              75.87001,
              30.940536
            ],
            [
              75.870234,
              30.940991
            ],
            [
              75.870362,
              30.941209
            ],
            [
              75.870586,
              30.941539
            ],
            [
              75.870844,
              30.941855
            ],
            [
              75.871216,
              30.94221
            ],
            [
              75.871558,
              30.942584
            ],
            [
              75.872152,
              30.943206
            ],
            [
              75.872575,
              30.943647
            ],
            [
              75.873231,
              30.944334
            ],
            [
              75.873619,
              30.944823
            ],
            [
              75.873952,
              30.945223
            ],
            [
              75.874382,
              30.945652
            ],
            [
              75.874997,
              30.946273
            ],
            [
              75.875517,
              30.9467
            ],
            [
              75.875703,
              30.946841
            ],
            [
              75.876016,
              30.947106
            ],
            [
              75.87624,
              30.947302
            ],
            [
              75.876513,
              30.947613
            ],
            [
              75.876777,
              30.947928
            ],
            [
              75.877086,
              30.948287
            ],
            [
              75.877563,
              30.948791
            ],
            [
              75.878297,
              30.949539
            ],
            [
              75.878653,
              30.949985
            ],
            [
              75.878746,
              30.950117
            ],
            [
              75.87898,
              30.950034
            ],
            [
              75.879563,
              30.950013
            ],
            [
              75.880216,
              30.950207
            ],
            [
              75.880751,
              30.950125
            ],
            [
              75.882486,
              30.949809
            ],
            [
              75.883825,
              30.949462
            ],
            [
              75.884263,
              30.949325
            ],
            [
              75.884286,
              30.949318
            ],
            [
              75.88654,
              30.948695
            ],
            [
              75.891537,
              30.947314
            ]
          ]
        ]
      }
    },
    {
      "type": "Feature",
      "properties": {
        "ward_no": 95,
        "ward_name": "Ward 95",
        "zone": "A",
        "area_sq_km": 1.825,
        "centroid": [
          75.828377,
          30.944015
        ]
      },
      "geometry": {
        "type": "Polygon",
        "coordinates": [
          [
            [
              75.834326,
              30.940525
            ],
            [
              75.834029,
              30.940178
            ],
            [
              75.833734,
              30.939843
            ],
            [
              75.833211,
              30.939212
            ],
            [
              75.832785,
              30.938812
            ],
            [
              75.832333,
              30.939233
            ],
            [
              75.831588,
              30.938614
            ],
            [
              75.830961,
              30.938054
            ],
            [
              75.830493,
              30.937669
            ],
            [
              75.830677,
              30.937478
            ],
            [
              75.830426,
              30.937218
            ],
            [
              75.830275,
              30.937332
            ],
            [
              75.830174,
              30.937245
            ],
            [
              75.830131,
              30.936699
            ],
            [
              75.830117,
              30.936492
            ],
            [
              75.830026,
              30.936308
            ],
            [
              75.829645,
              30.936469
            ],
            [
              75.829273,
              30.935857
            ],
            [
              75.828798,
              30.936335
            ],
            [
              75.827722,
              30.9374
            ],
            [
              75.826822,
              30.938288
            ],
            [
              75.825678,
              30.939394
            ],
            [
              75.824893,
              30.940191
            ],
            [
              75.823653,
              30.941411
            ],
            [
              75.822457,
              30.9426
            ],
            [
              75.821124,
              30.943887
            ],
            [
              75.8206,
              30.944396
            ],
            [
              75.820401,
              30.944589
            ],
            [
              75.820097,
              30.944397
            ],
            [
              75.820147,
              30.944467
            ],
            [
              75.817556,
              30.946725
            ],
            [
              75.816069,
              30.948115
            ],
            [
              75.817586,
              30.950068
            ],
            [
              75.818009,
              30.950647
            ],
            [
              75.818613,
              30.951474
            ],
            [
              75.818844,
              30.951308
            ],
            [
              75.819593,
              30.950769
            ],
            [
              75.819727,
              30.950901
            ],
            [
              75.820837,
              30.951996
            ],
            [
              75.822547,
              30.952045
            ],
            [
              75.826142,
              30.952147
            ],
            [
              75.830284,
              30.952173
            ],
            [
              75.833672,
              30.952173
            ],
            [
              75.833674,
              30.95171
            ],
            [
              75.833672,
              30.951582
            ],
            [
              75.833652,
              30.950111
            ],
            [
              75.833682,
              30.949595
            ],
            [
              75.834415,
              30.949618
            ],
            [
              75.834403,
              30.948588
            ],
            [
              75.833791,
              30.948574
            ],
            [
              75.83349,
              30.948387
            ],
            [
              75.832498,
              30.947844
            ],
            [
              75.831698,
              30.947406
            ],
            [
              75.830946,
              30.946993
            ],
            [
              75.830564,
              30.946792
            ],
            [
              75.829859,
              30.946288
            ],
            [
              75.830123,
              30.945941
            ],
            [
              75.830663,
              30.945244
            ],
            [
              75.831416,
              30.944271
            ],
            [
              75.831901,
              30.943656
            ],
            [
              75.832511,
              30.942853
            ],
            [
              75.833194,
              30.941979
            ],
            [
              75.833747,
              30.94127
            ],
            [
              75.834231,
              30.940644
            ],
            [
              75.834326,
              30.940525
            ]
          ]
        ]
      }
    },
    {
      "type": "Feature",
      "properties": {
        "ward_no": 2,
        "ward_name": "Ward 2",
        "zone": "A",
        "area_sq_km": 1.687,
        "centroid": [
          75.852089,
          30.9447
        ]
      },
      "geometry": {
        "type": "Polygon",
        "coordinates": [
          [
            [
              75.858942,
              30.948126
            ],
            [
              75.858941,
              30.946926
            ],
            [
              75.858928,
              30.946189
            ],
            [
              75.858907,
              30.945202
            ],
            [
              75.85802,
              30.945226
            ],
            [
              75.857705,
              30.945207
            ],
            [
              75.857343,
              30.945186
            ],
            [
              75.856807,
              30.945146
            ],
            [
              75.856085,
              30.945163
            ],
            [
              75.856089,
              30.945928
            ],
            [
              75.856108,
              30.946798
            ],
            [
              75.855656,
              30.946793
            ],
            [
              75.854934,
              30.946812
            ],
            [
              75.85431,
              30.946838
            ],
            [
              75.854089,
              30.946723
            ],
            [
              75.853881,
              30.946592
            ],
            [
              75.853709,
              30.946482
            ],
            [
              75.85353,
              30.94636
            ],
            [
              75.85319,
              30.946112
            ],
            [
              75.853799,
              30.94533
            ],
            [
              75.85424,
              30.944804
            ],
            [
              75.854469,
              30.944531
            ],
            [
              75.854759,
              30.944119
            ],
            [
              75.854935,
              30.9439
            ],
            [
              75.855176,
              30.943569
            ],
            [
              75.855394,
              30.943269
            ],
            [
              75.855488,
              30.943128
            ],
            [
              75.855651,
              30.942825
            ],
            [
              75.855839,
              30.942569
            ],
            [
              75.855994,
              30.942328
            ],
            [
              75.856136,
              30.942108
            ],
            [
              75.855661,
              30.941687
            ],
            [
              75.855385,
              30.941453
            ],
            [
              75.85512,
              30.941216
            ],
            [
              75.854813,
              30.940855
            ],
            [
              75.854482,
              30.940424
            ],
            [
              75.854202,
              30.939992
            ],
            [
              75.854119,
              30.939763
            ],
            [
              75.853875,
              30.939146
            ],
            [
              75.853647,
              30.938622
            ],
            [
              75.853482,
              30.938144
            ],
            [
              75.853389,
              30.937874
            ],
            [
              75.853169,
              30.937409
            ],
            [
              75.852867,
              30.936847
            ],
            [
              75.852659,
              30.936413
            ],
            [
              75.852508,
              30.936452
            ],
            [
              75.852384,
              30.936484
            ],
            [
              75.851716,
              30.936621
            ],
            [
              75.851207,
              30.936705
            ],
            [
              75.850901,
              30.936728
            ],
            [
              75.850738,
              30.936735
            ],
            [
              75.850209,
              30.936744
            ],
            [
              75.849667,
              30.936736
            ],
            [
              75.849283,
              30.936732
            ],
            [
              75.848473,
              30.936726
            ],
            [
              75.847855,
              30.936723
            ],
            [
              75.847469,
              30.936723
            ],
            [
              75.847202,
              30.936728
            ],
            [
              75.846817,
              30.936727
            ],
            [
              75.846408,
              30.936723
            ],
            [
              75.845931,
              30.936725
            ],
            [
              75.845523,
              30.936727
            ],
            [
              75.845892,
              30.937395
            ],
            [
              75.846322,
              30.938039
            ],
            [
              75.846375,
              30.938169
            ],
            [
              75.846378,
              30.939304
            ],
            [
              75.846365,
              30.94053
            ],
            [
              75.846297,
              30.942013
            ],
            [
              75.8463,
              30.942743
            ],
            [
              75.846306,
              30.943615
            ],
            [
              75.846305,
              30.944125
            ],
            [
              75.846312,
              30.944896
            ],
            [
              75.846315,
              30.945482
            ],
            [
              75.846316,
              30.945916
            ],
            [
              75.846325,
              30.94685
            ],
            [
              75.846335,
              30.947469
            ],
            [
              75.846332,
              30.948064
            ],
            [
              75.846343,
              30.949276
            ],
            [
              75.846377,
              30.949999
            ],
            [
              75.846368,
              30.950721
            ],
            [
              75.846344,
              30.95123
            ],
            [
              75.846389,
              30.951887
            ],
            [
              75.846405,
              30.952621
            ],
            [
              75.846429,
              30.952974
            ],
            [
              75.846415,
              30.953812
            ],
            [
              75.846415,
              30.953812
            ],
            [
              75.846431,
              30.953807
            ],
            [
              75.846483,
              30.953793
            ],
            [
              75.847563,
              30.953498
            ],
            [
              75.848308,
              30.953346
            ],
            [
              75.84872,
              30.953262
            ],
            [
              75.849512,
              30.953253
            ],
            [
              75.850189,
              30.953248
            ],
            [
              75.851402,
              30.953222
            ],
            [
              75.852691,
              30.953166
            ],
            [
              75.853921,
              30.95311
            ],
            [
              75.857894,
              30.952969
            ],
            [
              75.857887,
              30.952943
            ],
            [
              75.857807,
              30.952683
            ],
            [
              75.857718,
              30.952392
            ],
            [
              75.857592,
              30.95198
            ],
            [
              75.857013,
              30.950081
            ],
            [
              75.857648,
              30.949997
            ],
            [
              75.857454,
              30.949527
            ],
            [
              75.85748,
              30.948544
            ],
            [
              75.85757,
              30.948224
            ],
            [
              75.857603,
              30.948153
            ],
            [
              75.857653,
              30.948121
            ],
            [
              75.858942,
              30.948126
            ]
          ]
        ]
      }
    },
    {
      "type": "Feature",
      "properties": {
        "ward_no": 1,
        "ward_name": "Ward 1",
        "zone": "A",
        "area_sq_km": 2.373,
        "centroid": [
          75.839512,
          30.944576
        ]
      },
      "geometry": {
        "type": "Polygon",
        "coordinates": [
          [
            [
              75.846415,
              30.953812
            ],
            [
              75.846429,
              30.952974
            ],
            [
              75.846405,
              30.952621
            ],
            [
              75.846389,
              30.951887
            ],
            [
              75.846344,
              30.95123
            ],
            [
              75.846368,
              30.950721
            ],
            [
              75.846377,
              30.949999
            ],
            [
              75.846343,
              30.949276
            ],
            [
              75.846332,
              30.948064
            ],
            [
              75.846335,
              30.947469
            ],
            [
              75.846325,
              30.94685
            ],
            [
              75.846316,
              30.945916
            ],
            [
              75.846315,
              30.945482
            ],
            [
              75.846312,
              30.944896
            ],
            [
              75.846305,
              30.944125
            ],
            [
              75.846306,
              30.943615
            ],
            [
              75.8463,
              30.942743
            ],
            [
              75.846297,
              30.942013
            ],
            [
              75.846365,
              30.94053
            ],
            [
              75.846378,
              30.939304
            ],
            [
              75.846375,
              30.938169
            ],
            [
              75.846322,
              30.938039
            ],
            [
              75.845892,
              30.937395
            ],
            [
              75.845523,
              30.936727
            ],
            [
              75.84529,
              30.936728
            ],
            [
              75.844546,
              30.936719
            ],
            [
              75.843408,
              30.936699
            ],
            [
              75.842536,
              30.936688
            ],
            [
              75.842,
              30.936678
            ],
            [
              75.841406,
              30.936681
            ],
            [
              75.840236,
              30.936678
            ],
            [
              75.839604,
              30.936673
            ],
            [
              75.839069,
              30.936664
            ],
            [
              75.838915,
              30.936669
            ],
            [
              75.838752,
              30.936681
            ],
            [
              75.838597,
              30.936694
            ],
            [
              75.838384,
              30.936726
            ],
            [
              75.838063,
              30.936801
            ],
            [
              75.837894,
              30.936855
            ],
            [
              75.837709,
              30.936918
            ],
            [
              75.837521,
              30.936992
            ],
            [
              75.837323,
              30.937089
            ],
            [
              75.837106,
              30.937216
            ],
            [
              75.836808,
              30.937433
            ],
            [
              75.836715,
              30.937518
            ],
            [
              75.836622,
              30.937603
            ],
            [
              75.836247,
              30.938041
            ],
            [
              75.835763,
              30.938664
            ],
            [
              75.835467,
              30.939046
            ],
            [
              75.835094,
              30.939536
            ],
            [
              75.834629,
              30.940142
            ],
            [
              75.834326,
              30.940525
            ],
            [
              75.834231,
              30.940644
            ],
            [
              75.833747,
              30.94127
            ],
            [
              75.833194,
              30.941979
            ],
            [
              75.832511,
              30.942853
            ],
            [
              75.831901,
              30.943656
            ],
            [
              75.831416,
              30.944271
            ],
            [
              75.830663,
              30.945244
            ],
            [
              75.830123,
              30.945941
            ],
            [
              75.829859,
              30.946288
            ],
            [
              75.830564,
              30.946792
            ],
            [
              75.830946,
              30.946993
            ],
            [
              75.831698,
              30.947406
            ],
            [
              75.832498,
              30.947844
            ],
            [
              75.83349,
              30.948387
            ],
            [
              75.833791,
              30.948574
            ],
            [
              75.834403,
              30.948588
            ],
            [
              75.834415,
              30.949618
            ],
            [
              75.833682,
              30.949595
            ],
            [
              75.833652,
              30.950111
            ],
            [
              75.833672,
              30.951582
            ],
            [
              75.833674,
              30.95171
            ],
            [
              75.833672,
              30.952173
            ],
            [
              75.834907,
              30.952173
            ],
            [
              75.835828,
              30.953355
            ],
            [
              75.837536,
              30.955587
            ],
            [
              75.838217,
              30.95532
            ],
            [
              75.838789,
              30.955096
            ],
            [
              75.839666,
              30.954753
            ],
            [
              75.839931,
              30.95465
            ],
            [
              75.841883,
              30.9543
            ],
            [
              75.842546,
              30.954201
            ],
            [
              75.842687,
              30.95418
            ],
            [
              75.844724,
              30.953875
            ],
            [
              75.845478,
              30.954078
            ],
            [
              75.846415,
              30.953812
            ]
          ]
        ]
      }
    },
    {
      "type": "Feature",
      "properties": {
        "ward_no": 31,
        "ward_name": "Ward 31",
        "zone": "A",
        "area_sq_km": 1.356,
        "centroid": [
          75.881981,
          30.88515
        ]
      },
      "geometry": {
        "type": "Polygon",
        "coordinates": [
          [
            [
              75.884335,
              30.887734
            ],
            [
              75.884337,
              30.887682
            ],
            [
              75.884355,
              30.887492
            ],
            [
              75.884383,
              30.887286
            ],
            [
              75.884423,
              30.887129
            ],
            [
              75.884536,
              30.886853
            ],
            [
              75.884629,
              30.886692
            ],
            [
              75.884713,
              30.886566
            ],
            [
              75.884878,
              30.886396
            ],
            [
              75.885007,
              30.886285
            ],
            [
              75.885263,
              30.886124
            ],
            [
              75.8862,
              30.885572
            ],
            [
              75.887119,
              30.885048
            ],
            [
              75.887874,
              30.884608
            ],
            [
              75.888323,
              30.884363
            ],
            [
              75.888723,
              30.884149
            ],
            [
              75.889291,
              30.883859
            ],
            [
              75.889951,
              30.883533
            ],
            [
              75.89123,
              30.882905
            ],
            [
              75.892329,
              30.882342
            ],
            [
              75.893267,
              30.881875
            ],
            [
              75.894134,
              30.88144
            ],
            [
              75.894989,
              30.881012
            ],
            [
              75.895945,
              30.880525
            ],
            [
              75.896761,
              30.880115
            ],
            [
              75.897682,
              30.879653
            ],
            [
              75.898942,
              30.879021
            ],
            [
              75.8989,
              30.878194
            ],
            [
              75.898843,
              30.877716
            ],
            [
              75.898715,
              30.87711
            ],
            [
              75.898633,
              30.876538
            ],
            [
              75.898544,
              30.876051
            ],
            [
              75.898398,
              30.875158
            ],
            [
              75.898259,
              30.874361
            ],
            [
              75.898165,
              30.873798
            ],
            [
              75.898084,
              30.873333
            ],
            [
              75.898016,
              30.872885
            ],
            [
              75.897971,
              30.87263
            ],
            [
              75.897957,
              30.872565
            ],
            [
              75.896759,
              30.873352
            ],
            [
              75.895922,
              30.873927
            ],
            [
              75.895243,
              30.874367
            ],
            [
              75.894433,
              30.874902
            ],
            [
              75.893585,
              30.875465
            ],
            [
              75.892726,
              30.876054
            ],
            [
              75.892306,
              30.876352
            ],
            [
              75.8918,
              30.876669
            ],
            [
              75.89205,
              30.877345
            ],
            [
              75.892258,
              30.877806
            ],
            [
              75.891487,
              30.87806
            ],
            [
              75.890968,
              30.878213
            ],
            [
              75.890355,
              30.878378
            ],
            [
              75.889604,
              30.878557
            ],
            [
              75.889077,
              30.878703
            ],
            [
              75.888915,
              30.878764
            ],
            [
              75.889098,
              30.879234
            ],
            [
              75.889355,
              30.879803
            ],
            [
              75.889523,
              30.880105
            ],
            [
              75.889869,
              30.88081
            ],
            [
              75.890032,
              30.881133
            ],
            [
              75.888805,
              30.881729
            ],
            [
              75.887818,
              30.882216
            ],
            [
              75.886668,
              30.882782
            ],
            [
              75.886395,
              30.882907
            ],
            [
              75.886288,
              30.88291
            ],
            [
              75.885485,
              30.883266
            ],
            [
              75.885309,
              30.883012
            ],
            [
              75.884434,
              30.883442
            ],
            [
              75.884474,
              30.884516
            ],
            [
              75.884496,
              30.885492
            ],
            [
              75.884514,
              30.885574
            ],
            [
              75.884565,
              30.885662
            ],
            [
              75.884701,
              30.885843
            ],
            [
              75.88483,
              30.886003
            ],
            [
              75.884436,
              30.886265
            ],
            [
              75.883523,
              30.886835
            ],
            [
              75.881772,
              30.887716
            ],
            [
              75.880776,
              30.888221
            ],
            [
              75.87938,
              30.888908
            ],
            [
              75.878438,
              30.889397
            ],
            [
              75.877848,
              30.889695
            ],
            [
              75.877523,
              30.889236
            ],
            [
              75.876791,
              30.888244
            ],
            [
              75.876188,
              30.887459
            ],
            [
              75.875494,
              30.887846
            ],
            [
              75.874472,
              30.888328
            ],
            [
              75.874233,
              30.887997
            ],
            [
              75.873445,
              30.886776
            ],
            [
              75.873386,
              30.886685
            ],
            [
              75.873373,
              30.887282
            ],
            [
              75.873275,
              30.887704
            ],
            [
              75.873088,
              30.888328
            ],
            [
              75.872301,
              30.888413
            ],
            [
              75.87178,
              30.888454
            ],
            [
              75.87178,
              30.888515
            ],
            [
              75.871249,
              30.888538
            ],
            [
              75.870776,
              30.888569
            ],
            [
              75.870577,
              30.888598
            ],
            [
              75.870638,
              30.888888
            ],
            [
              75.87007,
              30.889003
            ],
            [
              75.869697,
              30.889068
            ],
            [
              75.869352,
              30.889138
            ],
            [
              75.869377,
              30.889248
            ],
            [
              75.869064,
              30.889311
            ],
            [
              75.868757,
              30.889376
            ],
            [
              75.868478,
              30.889422
            ],
            [
              75.868212,
              30.889469
            ],
            [
              75.867883,
              30.889546
            ],
            [
              75.867953,
              30.88971
            ],
            [
              75.867713,
              30.889771
            ],
            [
              75.867331,
              30.88987
            ],
            [
              75.867122,
              30.889914
            ],
            [
              75.866963,
              30.889911
            ],
            [
              75.866359,
              30.890012
            ],
            [
              75.865921,
              30.890078
            ],
            [
              75.865915,
              30.89006
            ],
            [
              75.865221,
              30.890153
            ],
            [
              75.865234,
              30.890436
            ],
            [
              75.864912,
              30.890571
            ],
            [
              75.865044,
              30.890661
            ],
            [
              75.865714,
              30.891102
            ],
            [
              75.866891,
              30.891933
            ],
            [
              75.867922,
              30.892618
            ],
            [
              75.868695,
              30.893201
            ],
            [
              75.868991,
              30.893458
            ],
            [
              75.869407,
              30.893861
            ],
            [
              75.86977,
              30.894234
            ],
            [
              75.86999,
              30.894509
            ],
            [
              75.870322,
              30.89499
            ],
            [
              75.871272,
              30.894514
            ],
            [
              75.872266,
              30.893993
            ],
            [
              75.873132,
              30.893545
            ],
            [
              75.87443,
              30.892874
            ],
            [
              75.875434,
              30.892337
            ],
            [
              75.876488,
              30.891794
            ],
            [
              75.87771,
              30.891143
            ],
            [
              75.879091,
              30.89042
            ],
            [
              75.88035,
              30.889757
            ],
            [
              75.881447,
              30.889196
            ],
            [
              75.882584,
              30.888601
            ],
            [
              75.883722,
              30.887985
            ],
            [
              75.884335,
              30.887734
            ]
          ]
        ]
      }
    },
    {
      "type": "Feature",
      "properties": {
        "ward_no": 72,
        "ward_name": "Ward 72",
        "zone": "A",
        "area_sq_km": 1.21,
        "centroid": [
          75.83769,
          30.89851
        ]
      },
      "geometry": {
        "type": "Polygon",
        "coordinates": [
          [
            [
              75.844495,
              30.897802
            ],
            [
              75.844063,
              30.897021
            ],
            [
              75.843662,
              30.896228
            ],
            [
              75.843233,
              30.89543
            ],
            [
              75.842747,
              30.894586
            ],
            [
              75.84272,
              30.894026
            ],
            [
              75.842702,
              30.893696
            ],
            [
              75.841991,
              30.893502
            ],
            [
              75.840798,
              30.893133
            ],
            [
              75.839696,
              30.892766
            ],
            [
              75.838597,
              30.892461
            ],
            [
              75.837755,
              30.892195
            ],
            [
              75.836296,
              30.891737
            ],
            [
              75.835262,
              30.891434
            ],
            [
              75.834462,
              30.891187
            ],
            [
              75.833655,
              30.890905
            ],
            [
              75.833068,
              30.890754
            ],
            [
              75.833054,
              30.890808
            ],
            [
              75.832986,
              30.891091
            ],
            [
              75.832995,
              30.891987
            ],
            [
              75.833023,
              30.893348
            ],
            [
              75.833011,
              30.894679
            ],
            [
              75.833057,
              30.895559
            ],
            [
              75.833135,
              30.89634
            ],
            [
              75.833182,
              30.896991
            ],
            [
              75.833234,
              30.897747
            ],
            [
              75.833263,
              30.89811
            ],
            [
              75.832519,
              30.89827
            ],
            [
              75.831988,
              30.898393
            ],
            [
              75.83088,
              30.898682
            ],
            [
              75.831055,
              30.899328
            ],
            [
              75.831274,
              30.899914
            ],
            [
              75.831629,
              30.900861
            ],
            [
              75.832056,
              30.901987
            ],
            [
              75.832095,
              30.902208
            ],
            [
              75.832422,
              30.902319
            ],
            [
              75.832792,
              30.902446
            ],
            [
              75.833117,
              30.902528
            ],
            [
              75.833419,
              30.902598
            ],
            [
              75.833873,
              30.902642
            ],
            [
              75.834603,
              30.902642
            ],
            [
              75.835103,
              30.902642
            ],
            [
              75.835539,
              30.902638
            ],
            [
              75.835747,
              30.902648
            ],
            [
              75.836042,
              30.902672
            ],
            [
              75.836625,
              30.902788
            ],
            [
              75.83703,
              30.902916
            ],
            [
              75.837452,
              30.903081
            ],
            [
              75.837998,
              30.903302
            ],
            [
              75.840108,
              30.904236
            ],
            [
              75.840414,
              30.904344
            ],
            [
              75.840753,
              30.903626
            ],
            [
              75.840937,
              30.903253
            ],
            [
              75.841336,
              30.902438
            ],
            [
              75.841506,
              30.902104
            ],
            [
              75.841639,
              30.901848
            ],
            [
              75.84179,
              30.901568
            ],
            [
              75.841835,
              30.901491
            ],
            [
              75.841909,
              30.901375
            ],
            [
              75.841989,
              30.901261
            ],
            [
              75.842173,
              30.901013
            ],
            [
              75.842408,
              30.900688
            ],
            [
              75.842622,
              30.900396
            ],
            [
              75.842827,
              30.900118
            ],
            [
              75.843045,
              30.899825
            ],
            [
              75.843256,
              30.899534
            ],
            [
              75.843539,
              30.899147
            ],
            [
              75.844035,
              30.898445
            ],
            [
              75.84426,
              30.898134
            ],
            [
              75.844495,
              30.897802
            ]
          ]
        ]
      }
    },
    {
      "type": "Feature",
      "properties": {
        "ward_no": 90,
        "ward_name": "Ward 90",
        "zone": "A",
        "area_sq_km": 0.937,
        "centroid": [
          75.853222,
          30.913423
        ]
      },
      "geometry": {
        "type": "Polygon",
        "coordinates": [
          [
            [
              75.850793,
              30.919831
            ],
            [
              75.850786,
              30.919738
            ],
            [
              75.850841,
              30.919301
            ],
            [
              75.850929,
              30.91895
            ],
            [
              75.851056,
              30.918646
            ],
            [
              75.851396,
              30.917979
            ],
            [
              75.851619,
              30.917417
            ],
            [
              75.852402,
              30.917458
            ],
            [
              75.853444,
              30.917482
            ],
            [
              75.854336,
              30.91751
            ],
            [
              75.854984,
              30.917538
            ],
            [
              75.855828,
              30.917553
            ],
            [
              75.856536,
              30.917589
            ],
            [
              75.856582,
              30.917144
            ],
            [
              75.856655,
              30.916546
            ],
            [
              75.85687,
              30.916554
            ],
            [
              75.856942,
              30.916215
            ],
            [
              75.857002,
              30.916068
            ],
            [
              75.857122,
              30.91543
            ],
            [
              75.857182,
              30.915115
            ],
            [
              75.857308,
              30.914638
            ],
            [
              75.857411,
              30.914198
            ],
            [
              75.856907,
              30.914196
            ],
            [
              75.856472,
              30.914174
            ],
            [
              75.856093,
              30.914186
            ],
            [
              75.855763,
              30.914212
            ],
            [
              75.855375,
              30.914247
            ],
            [
              75.85519,
              30.914303
            ],
            [
              75.85477,
              30.914457
            ],
            [
              75.854027,
              30.914553
            ],
            [
              75.854025,
              30.914513
            ],
            [
              75.853993,
              30.914214
            ],
            [
              75.853888,
              30.913597
            ],
            [
              75.854105,
              30.913564
            ],
            [
              75.854542,
              30.913557
            ],
            [
              75.855092,
              30.913519
            ],
            [
              75.855012,
              30.913026
            ],
            [
              75.854941,
              30.912449
            ],
            [
              75.85488,
              30.9121
            ],
            [
              75.854833,
              30.91172
            ],
            [
              75.854735,
              30.911208
            ],
            [
              75.854771,
              30.911191
            ],
            [
              75.855559,
              30.910876
            ],
            [
              75.85608,
              30.910631
            ],
            [
              75.856724,
              30.91024
            ],
            [
              75.857468,
              30.909757
            ],
            [
              75.857299,
              30.909477
            ],
            [
              75.856875,
              30.908859
            ],
            [
              75.856522,
              30.9084
            ],
            [
              75.856163,
              30.907922
            ],
            [
              75.856047,
              30.907697
            ],
            [
              75.855787,
              30.907716
            ],
            [
              75.854901,
              30.907787
            ],
            [
              75.854341,
              30.907837
            ],
            [
              75.854387,
              30.907104
            ],
            [
              75.854434,
              30.906469
            ],
            [
              75.854475,
              30.905917
            ],
            [
              75.854531,
              30.905489
            ],
            [
              75.854592,
              30.904971
            ],
            [
              75.853904,
              30.904754
            ],
            [
              75.853487,
              30.90459
            ],
            [
              75.853468,
              30.904636
            ],
            [
              75.853282,
              30.904999
            ],
            [
              75.853073,
              30.905349
            ],
            [
              75.85284,
              30.905691
            ],
            [
              75.852353,
              30.90637
            ],
            [
              75.852005,
              30.906814
            ],
            [
              75.851562,
              30.907315
            ],
            [
              75.850371,
              30.908705
            ],
            [
              75.84971,
              30.909614
            ],
            [
              75.849249,
              30.910297
            ],
            [
              75.84747,
              30.913228
            ],
            [
              75.845785,
              30.91661
            ],
            [
              75.845712,
              30.91679
            ],
            [
              75.845795,
              30.916796
            ],
            [
              75.847283,
              30.916758
            ],
            [
              75.848505,
              30.91674
            ],
            [
              75.848537,
              30.916936
            ],
            [
              75.848636,
              30.917514
            ],
            [
              75.848703,
              30.917904
            ],
            [
              75.848818,
              30.918328
            ],
            [
              75.848907,
              30.918662
            ],
            [
              75.84898,
              30.919076
            ],
            [
              75.849018,
              30.919429
            ],
            [
              75.849047,
              30.91971
            ],
            [
              75.849083,
              30.919953
            ],
            [
              75.849564,
              30.919911
            ],
            [
              75.850042,
              30.919878
            ],
            [
              75.850368,
              30.919859
            ],
            [
              75.850793,
              30.919831
            ]
          ]
        ]
      }
    },
    {
      "type": "Feature",
      "properties": {
        "ward_no": 10,
        "ward_name": "Ward 10",
        "zone": "A",
        "area_sq_km": 0.504,
        "centroid": [
          75.869993,
          30.919889
        ]
      },
      "geometry": {
        "type": "Polygon",
        "coordinates": [
          [
            [
              75.876256,
              30.918602
            ],
            [
              75.87639,
              30.918258
            ],
            [
              75.876729,
              30.917442
            ],
            [
              75.876774,
              30.917334
            ],
            [
              75.87685,
              30.917144
            ],
            [
              75.875855,
              30.916917
            ],
            [
              75.875173,
              30.916891
            ],
            [
              75.874257,
              30.916883
            ],
            [
              75.873619,
              30.916862
            ],
            [
              75.87327,
              30.916838
            ],
            [
              75.872641,
              30.916876
            ],
            [
              75.872316,
              30.916932
            ],
            [
              75.871696,
              30.917009
            ],
            [
              75.870909,
              30.917122
            ],
            [
              75.870298,
              30.917216
            ],
            [
              75.87018,
              30.917235
            ],
            [
              75.869451,
              30.917357
            ],
            [
              75.86909,
              30.917534
            ],
            [
              75.868929,
              30.917649
            ],
            [
              75.868528,
              30.918092
            ],
            [
              75.868272,
              30.91826
            ],
            [
              75.867969,
              30.918442
            ],
            [
              75.867627,
              30.918634
            ],
            [
              75.867029,
              30.918891
            ],
            [
              75.866704,
              30.919069
            ],
            [
              75.866216,
              30.919465
            ],
            [
              75.86575,
              30.919879
            ],
            [
              75.86519,
              30.920381
            ],
            [
              75.86479,
              30.920735
            ],
            [
              75.864145,
              30.921347
            ],
            [
              75.863532,
              30.921921
            ],
            [
              75.863529,
              30.921923
            ],
            [
              75.863698,
              30.922061
            ],
            [
              75.864197,
              30.922454
            ],
            [
              75.864419,
              30.922719
            ],
            [
              75.864589,
              30.923276
            ],
            [
              75.865045,
              30.923691
            ],
            [
              75.865656,
              30.924237
            ],
            [
              75.866087,
              30.923881
            ],
            [
              75.866676,
              30.923383
            ],
            [
              75.867088,
              30.923018
            ],
            [
              75.867482,
              30.922645
            ],
            [
              75.868021,
              30.922152
            ],
            [
              75.868643,
              30.921586
            ],
            [
              75.86929,
              30.922296
            ],
            [
              75.869675,
              30.923038
            ],
            [
              75.870209,
              30.922647
            ],
            [
              75.870754,
              30.92231
            ],
            [
              75.871198,
              30.922022
            ],
            [
              75.871702,
              30.921738
            ],
            [
              75.872246,
              30.92139
            ],
            [
              75.872728,
              30.921053
            ],
            [
              75.87336,
              30.920643
            ],
            [
              75.873826,
              30.920334
            ],
            [
              75.874817,
              30.919708
            ],
            [
              75.875872,
              30.918854
            ],
            [
              75.876109,
              30.918699
            ],
            [
              75.876256,
              30.918602
            ]
          ]
        ]
      }
    }
  ]
}